日期,股票代码,开盘,收盘,最高,最低,成交量,成交额,振幅,涨跌幅,涨跌额,换手率,reward,step,action,asset,balance,stock_owned
2000-12-12,600019,4.96,6.09,7.36,4.88,3122397,1818469000.0,59.33,45.69,1.91,69.39,0.0,0,0,0.0,0.0,0
2000-12-13,600019,5.81,5.7,5.94,5.69,961020,554640000.0,4.11,-6.4,-0.39,21.36,0.0,0,0,0.0,0.0,0
2000-12-14,600019,5.68,5.58,5.7,5.5,470457,261534000.0,3.51,-2.11,-0.12,10.45,0.0,0,0,0.0,0.0,0
2000-12-15,600019,5.58,5.53,5.65,5.52,162022,90166000.0,2.33,-0.9,-0.05,3.6,0.0,0,0,0.0,0.0,0
2000-12-18,600019,5.53,5.34,5.54,5.28,231549,123828000.0,4.7,-3.44,-0.19,5.15,0.0,0,0,0.0,0.0,0
2000-12-19,600019,5.34,5.35,5.45,5.32,117739,63241000.0,2.43,0.19,0.01,2.62,0.0,0,0,0.0,0.0,0
2000-12-20,600019,5.35,5.29,5.36,5.26,149366,78994000.0,1.87,-1.12,-0.06,3.32,0.0,0,0,0.0,0.0,0
2000-12-21,600019,5.3,5.36,5.43,5.28,139579,74357000.0,2.84,1.32,0.07,3.1,0.0,0,0,0.0,0.0,0
2000-12-22,600019,5.36,5.38,5.44,5.35,102084,54985000.0,1.68,0.37,0.02,2.27,0.0,0,0,0.0,0.0,0
2000-12-25,600019,5.4,5.4,5.45,5.39,102861,55703000.0,1.12,0.37,0.02,2.29,-0.2430000000022119,0,19,126999.757,124299.757,500
2000-12-26,600019,5.4,5.32,5.42,5.3,91465,48731000.0,2.22,-1.48,-0.08,2.03,-40.9943612000061,1,8,126958.76263879999,24862.64263879998,19191
2000-12-27,600019,5.34,5.33,5.37,5.3,55631,29663000.0,1.32,0.19,0.01,1.24,191.83543329998793,2,3,127150.59807209998,17405.898072099983,20590
2000-12-28,600019,5.33,5.38,5.41,5.3,97373,51996000.0,2.06,0.94,0.05,2.16,1029.4130054000125,3,5,128180.01107749999,8706.351077499983,22207
2000-12-29,600019,5.4,5.42,5.43,5.38,65077,35241000.0,0.93,0.74,0.04,1.45,888.271327999988,4,1,129068.28240549998,7839.142405499983,22367
2001-01-02,600019,5.45,5.59,5.59,5.45,149368,82921000.0,2.58,3.14,0.17,3.32,3802.335162100004,5,7,132870.61756759998,2355.2975675999833,23348
2001-01-03,600019,5.6,5.72,5.8,5.6,228132,129938000.0,3.58,2.33,0.13,5.07,3035.2399999999907,6,0,135905.85756759997,2355.2975675999833,23348
2001-01-04,600019,5.72,5.62,5.74,5.6,130374,73829000.0,2.45,-1.75,-0.1,2.9,-2335.980930599995,7,19,133569.87663699998,120447.17663699998,2335
2001-01-05,600019,5.61,5.58,5.61,5.55,74169,41325000.0,1.07,-0.71,-0.04,1.65,-94.00219359999755,8,5,133475.87444339998,60227.21444339998,13127
2001-01-08,600019,5.58,5.81,5.86,5.54,213055,121900000.0,5.73,4.12,0.23,4.73,3018.667985099979,9,9,136494.54242849996,6025.182428499975,22456
2001-01-09,600019,5.81,5.8,5.88,5.75,169404,98473000.0,2.24,-0.17,-0.01,3.76,-225.34143399997265,10,16,136269.2009945,84167.80099449998,8983
2001-01-10,600019,5.8,5.81,5.87,5.8,126340,73725000.0,1.21,0.17,0.01,2.81,89.66168429996469,11,2,136358.86267879995,67336.06267879998,11880
2001-01-11,600019,5.81,5.85,5.87,5.75,161397,94064000.0,2.07,0.69,0.04,3.59,474.783012000029,12,16,136833.64569079998,109034.44569079997,4752
2001-01-12,600019,5.86,6.02,6.05,5.86,308342,184560000.0,3.25,2.91,0.17,6.85,807.4039112000028,13,4,137641.04960199998,65425.12960199997,11996
2001-01-15,600019,6.05,5.85,6.08,5.81,226593,135536000.0,4.49,-2.82,-0.17,5.04,-2039.741024500021,14,16,135601.30857749996,107527.15857749997,4799
2001-01-16,600019,5.78,6.2,6.25,5.75,332151,201993000.0,8.55,5.98,0.35,7.38,1679.3822220000147,15,19,137280.69079949998,134304.69079949998,480
2001-01-17,600019,6.22,6.2,6.28,6.12,198642,123491000.0,2.58,0.0,0.0,4.41,-0.002976000017952174,16,11,137280.68782349996,134602.28782349997,432
2001-01-18,600019,6.2,6.4,6.45,6.2,315581,201448000.0,4.03,3.23,0.2,7.01,86.13081600001897,17,2,137366.81863949998,107683.61863949997,4638
2001-01-19,600019,6.45,6.44,6.5,6.39,326464,210730000.0,1.72,0.63,0.04,7.25,185.19696959998691,18,3,137552.01560909997,75380.25560909996,9654
2001-02-05,600019,6.45,6.2,6.5,6.18,232125,146457000.0,4.97,-3.73,-0.24,5.16,-2317.2614440000325,19,4,135234.75416509993,45235.55416509995,14516
2001-02-06,600019,6.18,6.4,6.45,6.0,218697,135194000.0,7.26,3.23,0.2,4.86,2902.9738880000077,20,5,138137.72805309994,22624.12805309995,18049
2001-02-07,600019,6.4,6.32,6.46,6.29,139584,89228000.0,2.66,-1.25,-0.08,3.1,-1444.3762407999893,21,14,136693.35181229995,68247.75181229995,10830
2001-02-08,600019,6.3,6.17,6.37,6.12,105941,65978000.0,3.96,-2.37,-0.15,2.35,-1624.6364804000186,22,2,135068.71533189993,54599.57533189995,13042
2001-02-09,600019,6.17,6.19,6.3,6.08,108970,67287000.0,3.57,0.32,0.02,2.42,260.1134797000268,23,19,135328.82881159996,127250.87881159995,1305
2001-02-12,600019,6.19,6.2,6.25,6.05,70763,43533000.0,3.23,0.16,0.01,1.57,12.9852719999908,24,18,135341.81408359995,133723.61408359994,261
2001-02-13,600019,6.2,6.25,6.28,6.18,65893,40988000.0,1.61,0.81,0.05,1.46,13.033687499992084,25,20,135354.84777109994,135354.84777109994,0
2001-02-14,600019,6.24,6.17,6.24,6.13,44011,27220000.0,1.76,-1.28,-0.08,0.98,-500.0,26,20,135354.84777109994,135354.84777109994,0
2001-02-15,600019,6.17,6.12,6.22,6.09,52125,31990000.0,2.11,-0.81,-0.05,1.16,-1.0827504000044428,27,8,135353.76502069994,27078.72502069993,17692
2001-02-16,600019,6.1,6.12,6.12,6.06,68671,41831000.0,0.98,0.0,0.0,1.53,-0.05410080001456663,28,2,135353.71091989992,21668.59091989993,18576
2001-02-19,600019,6.13,6.18,6.19,6.07,46802,28654000.0,1.96,0.98,0.06,1.04,1114.4452374000102,29,11,136468.15615729993,33144.73615729993,16719
2001-02-20,600019,6.17,6.19,6.24,6.12,53688,33204000.0,1.94,0.16,0.01,1.19,167.15688349999255,30,1,136635.31304079993,29833.05304079993,17254
2001-02-21,600019,6.17,6.08,6.17,6.05,72934,44396000.0,1.94,-1.78,-0.11,1.62,-1898.6742815999896,31,17,134736.63875919994,103260.47875919993,5177
2001-02-22,600019,6.06,6.08,6.12,6.02,37368,22705000.0,1.64,0.0,0.0,0.83,-0.18884479999542236,32,16,134736.44991439994,122144.76991439993,2071
2001-02-23,600019,6.08,6.25,6.28,6.06,89536,55408000.0,3.62,2.8,0.17,1.99,351.9923749999725,33,16,135088.4422893999,129907.19228939993,829
2001-02-26,600019,6.22,6.15,6.26,6.11,145183,89715000.0,2.4,-1.6,-0.1,3.23,-83.02988799999002,34,1,135005.41240139992,116918.26240139993,2941
2001-02-27,600019,6.1,5.94,6.11,5.91,334150,199896000.0,3.25,-3.41,-0.21,7.43,-618.4284132000175,35,7,134386.9839881999,35076.12398819992,16719
2001-03-01,600019,5.98,5.53,5.98,5.35,3758179,2050733000.0,10.61,-6.9,-0.41,26.98,-6855.070536899977,36,8,127531.91345129993,7022.153451299917,21792
2001-03-02,600019,5.49,5.63,5.65,5.46,1154006,644475000.0,3.44,1.81,0.1,8.28,2179.129793899978,37,10,129711.04324519991,1.4732451999170735,23039
2001-03-05,600019,5.64,5.59,5.66,5.55,367054,205314000.0,1.95,-0.71,-0.04,2.64,-921.9463248999818,38,13,128789.09692029993,38633.576920299914,16128
2001-03-06,600019,5.59,5.61,5.61,5.56,243765,136396000.0,0.89,0.36,0.02,1.75,322.2123482999741,39,9,129111.3092685999,3868.059268599907,22325
2001-03-07,600019,5.61,5.59,5.61,5.58,229461,128380000.0,0.53,-0.36,-0.02,1.65,-446.5347138999932,40,9,128664.7745546999,396.6345546999073,22946
2001-03-08,600019,5.59,5.55,5.6,5.51,311347,172397000.0,1.61,-0.72,-0.04,2.24,-917.8434965000051,41,9,127746.9310581999,46.981058199907295,23009
2001-03-09,600019,5.55,5.49,5.56,5.47,444096,244237000.0,1.62,-1.08,-0.06,3.19,-1380.5403293999843,42,8,126366.39072879992,14.040728799907292,23015
2001-03-12,600019,5.49,5.52,5.55,5.46,206641,113661000.0,1.64,0.55,0.03,1.48,590.4499999999825,43,3,127056.8407287999,14.040728799907292,23015
2001-03-13,600019,5.53,5.52,5.55,5.48,109907,60611000.0,1.27,0.0,0.0,0.79,-0.8892720000003465,44,17,127055.9514567999,88940.35145679991,6905
2001-03-14,600019,5.51,5.57,5.58,5.5,114782,63727000.0,1.45,0.91,0.05,0.82,344.53854390000924,45,8,127400.49000069991,17794.030000699902,19678
2001-03-15,600019,5.55,5.58,5.64,5.55,158465,88494000.0,1.62,0.18,0.01,1.14,196.6555101999984,46,7,127597.1455108999,5344.925510899902,21909
2001-03-16,600019,5.58,5.56,5.59,5.54,121955,67801000.0,0.9,-0.36,-0.02,0.88,-439.0326816000015,47,17,127158.1128292999,90612.2328292999,6573
2001-03-19,600019,5.56,5.54,5.56,5.49,144368,79572000.0,1.26,-0.36,-0.02,1.04,-132.00364020001143,48,6,127026.1091890999,36247.6691890999,16386
2001-03-20,600019,5.54,5.52,5.57,5.51,165336,91394000.0,1.08,-0.36,-0.02,1.19,-327.8649551999988,49,4,126698.2442338999,21752.004233899897,19012
2001-03-21,600019,5.52,5.63,5.64,5.52,356284,199041000.0,2.17,1.99,0.11,2.56,2090.7848121999996,50,15,128789.0290460999,75270.2490460999,9506
2001-03-22,600019,5.65,5.8,5.85,5.64,770816,445346000.0,3.73,3.02,0.17,5.53,1615.634068000014,51,17,130404.66311409991,113863.0631140999,2852
2001-03-23,600019,5.81,5.68,5.83,5.66,363740,208826000.0,2.93,-2.07,-0.12,2.61,-342.25618800001394,52,11,130062.4069260999,115481.8469260999,2567
2001-03-26,600019,5.67,5.72,5.75,5.65,234403,133626000.0,1.76,0.7,0.04,1.68,102.65065640000103,53,12,130165.0575824999,118416.17758249989,2054
2001-03-27,600019,5.73,5.69,5.75,5.67,179431,102150000.0,1.4,-0.52,-0.03,1.29,-61.67843630000425,54,15,130103.37914619989,124259.74914619989,1027
2001-03-28,600019,5.69,5.66,5.7,5.65,172671,97955000.0,0.88,-0.53,-0.03,1.24,-30.827432800011593,55,13,130072.55171339988,126003.01171339989,719
2001-03-29,600019,5.6,5.64,5.67,5.6,207923,117183000.0,1.24,-0.35,-0.02,1.45,-14.88399039999058,56,4,130057.66772299989,75603.46772299989,9655
2001-03-30,600019,5.64,5.7,5.71,5.64,146747,83371000.0,1.24,1.06,0.06,1.03,579.0732540000026,57,3,130636.74097699989,52928.640976999886,13633
2001-04-02,600019,5.71,5.71,5.73,5.68,138293,78797000.0,0.88,0.18,0.01,0.97,135.629440100005,58,19,130772.3704170999,122983.9304170999,1364
2001-04-03,600019,5.71,5.7,5.72,5.68,116983,66629000.0,0.7,-0.18,-0.01,0.82,-13.64775199998985,59,11,130758.72266509991,123759.1226650999,1228
2001-04-04,600019,5.7,5.69,5.81,5.68,292373,167569000.0,2.28,-0.18,-0.01,2.04,-12.321878400005517,60,16,130746.4007866999,127946.9207866999,492
2001-04-05,600019,5.68,5.75,5.76,5.67,118473,67684000.0,1.58,1.05,0.06,0.83,29.392062500002794,61,1,130775.7928491999,115153.0428491999,2717
2001-04-06,600019,5.76,5.71,5.79,5.69,88261,50558000.0,1.74,-0.7,-0.04,0.62,-108.81960950000212,62,19,130666.9732396999,129113.8532396999,272
2001-04-09,600019,5.71,5.7,5.72,5.67,94165,53560000.0,0.88,-0.18,-0.01,0.66,-2.8491050000011455,63,1,130664.1241346999,116203.2241346999,2537
2001-04-10,600019,5.7,5.71,5.72,5.68,81582,46492000.0,0.7,0.18,0.01,0.57,24.67280899999605,64,6,130688.7969436999,46483.4269436999,14747
2001-04-11,600019,5.71,5.66,5.72,5.64,163584,92686000.0,1.4,-0.88,-0.05,1.14,-737.3964685999817,65,1,129951.40047509992,41836.520475099904,15568
2001-04-12,600019,5.66,5.62,5.67,5.59,237372,133462000.0,1.41,-0.71,-0.04,1.66,-622.9824540000118,66,13,129328.4180210999,68081.65802109991,10898
2001-04-13,600019,5.62,5.63,5.64,5.57,122666,68778000.0,1.25,0.18,0.01,0.86,108.50347679998958,67,7,129436.9214978999,20428.861497899903,19362
2001-04-16,600019,5.63,5.62,5.64,5.59,135862,76157000.0,0.89,-0.18,-0.01,0.95,-193.74251599998388,68,6,129243.17898189991,8177.138981899901,21542
2001-04-17,600019,5.62,5.61,5.63,5.59,161534,90533000.0,0.71,-0.18,-0.01,1.13,-215.5408393999969,69,11,129027.63814249991,20260.958142499905,19388
2001-04-18,600019,5.61,5.58,5.62,5.57,166064,92807000.0,0.89,-0.53,-0.03,1.16,-582.5054579999996,70,18,128445.13268449991,106805.89268449991,3878
2001-04-19,600019,5.59,5.57,5.61,5.55,136581,76189000.0,1.08,-0.18,-0.01,0.96,-38.93116980000923,71,17,128406.2015146999,121922.72151469991,1164
2001-04-20,600019,5.57,5.52,5.57,5.52,195240,108054000.0,0.9,-0.9,-0.05,1.37,-59.175328800003626,72,8,128347.0261858999,24388.86618589991,18833
2001-04-23,600019,5.52,5.46,5.52,5.44,282706,154612000.0,1.45,-1.09,-0.06,1.98,-1130.1994373999914,73,9,127216.82674849991,2444.906748499907,22852
2001-04-24,600019,5.46,5.5,5.52,5.45,125557,68869000.0,1.28,0.73,0.04,0.88,914.0653699999966,74,6,128130.8921184999,981.8921184999067,23118
2001-04-25,600019,5.5,5.41,5.53,5.37,251436,136508000.0,2.91,-1.64,-0.09,1.76,-2080.6199999999953,75,0,126050.27211849991,981.8921184999067,23118
2001-04-26,600019,5.4,5.4,5.43,5.38,107656,58178000.0,0.92,-0.18,-0.01,0.75,-231.1868039999972,76,7,125819.08531449991,301.4853144999066,23244
2001-04-27,600019,5.4,5.51,5.54,5.4,152676,83475000.0,2.59,2.04,0.11,1.07,2556.8373551999975,77,9,128375.92266969991,37.00266969990656,23292
2001-05-08,600019,5.53,5.47,5.55,5.45,34035,18688834.0,1.81,-0.73,-0.04,0.24,-931.6802735000092,78,9,127444.2423961999,9.652396199906562,23297
2001-05-09,600019,5.47,5.42,5.49,5.4,83386,45189000.0,1.65,-0.91,-0.05,0.58,-1164.8500541999965,79,10,126279.3923419999,4.232341999906562,23298
2001-05-10,600019,5.42,5.41,5.43,5.39,73504,39756000.0,0.74,-0.18,-0.01,0.51,-332.9799999999959,80,5,126046.41234199991,4.232341999906562,23298
2001-05-11,600019,5.41,5.42,5.43,5.39,55436,29981000.0,0.74,0.18,0.01,0.39,232.60119620000478,81,13,126279.01353819991,37884.23353819991,16309
2001-05-14,600019,5.42,5.42,5.44,5.38,136823,73938000.0,1.11,0.0,0.0,0.96,0.0,82,0,126279.01353819991,37884.23353819991,16309
2001-05-15,600019,5.45,5.57,5.64,5.45,261548,145781000.0,3.51,2.77,0.15,1.83,2446.168362299999,83,12,128725.18190049991,56047.82190049991,13048
2001-05-16,600019,5.6,5.54,5.62,5.51,99612,55374000.0,1.97,-0.54,-0.03,0.7,-391.87367119999544,84,16,128333.30822929992,99414.50822929991,5220
2001-05-17,600019,5.55,5.49,5.57,5.47,114263,62771000.0,1.81,-0.9,-0.05,0.8,-261.2292623999965,85,18,128072.07896689992,122340.51896689992,1044
2001-05-18,600019,5.5,5.48,5.5,5.45,82951,45409000.0,0.91,-0.18,-0.01,0.58,-10.929309200000716,86,4,128061.14965769992,73409.10965769991,9973
2001-05-21,600019,5.5,5.54,5.61,5.48,127258,70685000.0,2.37,1.09,0.06,0.89,598.233189999999,87,2,128659.38284769992,58727.96284769991,12623
2001-05-22,600019,5.56,5.51,5.58,5.5,48497,26801000.0,1.44,-0.54,-0.03,0.34,-378.86615470000834,88,3,128280.51669299991,41112.31669299991,15820
2001-05-23,600019,5.5,5.44,5.51,5.4,91885,50016000.0,2.0,-1.27,-0.07,0.64,-1107.4860607999872,89,11,127173.03063219992,49718.310632199915,14238
2001-05-24,600019,5.43,5.43,5.45,5.4,144689,78305000.0,0.92,-0.18,-0.01,1.01,-142.87717079999857,90,10,127030.15346139992,0.7334613999191788,23394
2001-05-25,600019,5.42,5.41,5.45,5.4,82087,44414000.0,0.92,-0.37,-0.02,0.57,-468.5128076999972,91,15,126561.64065369993,63280.87065369992,11697
2001-05-28,600019,5.41,5.37,5.41,5.34,138681,74416000.0,1.29,-0.74,-0.04,0.97,-468.3824709000037,92,18,126093.25818279992,113527.45818279992,2340
2001-05-29,600019,5.31,5.42,5.54,5.3,290623,157487000.0,4.47,0.93,0.05,1.55,116.0918247999798,93,8,126209.3500075999,22709.03000759991,19096
2001-05-30,600019,5.41,5.42,5.49,5.39,149805,81266000.0,1.85,0.0,0.0,0.8,-0.18162419999134727,94,8,126209.16838339991,4546.428383399911,22447
2001-05-31,600019,5.42,5.38,5.45,5.37,128540,69229000.0,1.48,-0.74,-0.04,0.68,-897.8890921999991,95,2,125311.27929119991,3637.1992911999105,22616
2001-06-01,600019,5.38,5.4,5.44,5.38,122968,66435000.0,1.12,0.37,0.02,0.66,452.29823800000304,96,6,125763.57752919992,1460.97752919991,23019
2001-06-04,600019,5.4,5.37,5.42,5.36,122675,65933000.0,1.11,-0.56,-0.03,0.65,-691.6825028999883,97,19,125071.89502629993,112710.15502629992,2302
2001-06-05,600019,5.38,5.41,5.43,5.36,145535,78400000.0,1.3,0.74,0.04,0.78,91.99284489999991,98,17,125163.88787119993,121425.57787119993,691
2001-06-06,600019,5.42,5.48,5.51,5.41,195903,107022000.0,1.85,1.29,0.07,1.04,48.34353159999591,99,17,125212.23140279992,124072.39140279993,208
2001-06-07,600019,5.49,5.44,5.49,5.42,79528,43304000.0,1.28,-0.73,-0.04,0.42,-9.560700799993356,100,10,125202.67070199993,1.0707019999244949,23015
2001-06-08,600019,5.44,5.42,5.45,5.42,58150,31564000.0,0.55,-0.37,-0.02,0.31,-560.3000000000029,101,10,124742.37070199993,1.0707019999244949,23015
2001-06-11,600019,5.43,5.39,5.44,5.38,76945,41619000.0,1.11,-0.55,-0.03,0.41,-790.4500000000116,102,10,124051.92070199992,1.0707019999244949,23015
2001-06-12,600019,5.46,5.43,5.47,5.4,63404,34068000.0,1.3,0.74,0.04,0.34,920.350057100004,103,12,124972.27075909992,24995.110759099924,18412
2001-06-13,600019,5.44,5.46,5.46,5.4,119323,64073000.0,1.1,0.55,0.03,0.64,551.9579255999997,104,14,125524.22868469992,65202.148684699925,11048
2001-06-14,600019,5.47,5.42,5.48,5.4,137083,73749000.0,1.47,-0.73,-0.04,0.73,-442.03972780000186,105,12,125082.18895689992,77174.80895689993,8839
2001-06-15,600019,5.41,5.42,5.45,5.4,75382,40412000.0,0.92,0.0,0.0,0.4,-0.09577139999601059,106,12,125082.09318549992,86751.85318549993,7072
2001-06-18,600019,5.42,5.42,5.63,5.38,114583,61569000.0,4.61,0.0,0.0,0.61,-0.693976799986558,107,8,125081.39920869994,17353.479208699937,19876
2001-06-19,600019,5.42,5.4,5.43,5.38,62251,33279000.0,0.92,-0.37,-0.02,0.33,-397.6935019999946,108,10,124683.70570669994,3.1057066999346716,23089
2001-06-20,600019,5.4,5.38,5.41,5.36,49860,26588000.0,0.93,-0.37,-0.02,0.27,-561.7800000000134,109,10,124221.92570669993,3.1057066999346716,23089
2001-06-21,600019,5.45,5.41,5.47,5.38,52047,27951000.0,1.67,0.56,0.03,0.28,692.4202203000168,110,12,124914.34592699994,24980.825926999936,18472
2001-06-22,600019,5.41,5.51,5.54,5.41,225731,122711000.0,2.4,1.85,0.1,1.2,1846.691096399998,111,15,126761.03702339994,75870.67702339994,9236
2001-06-25,600019,5.54,5.58,5.63,5.45,452967,250402000.0,3.27,1.27,0.07,2.41,645.9889513999951,112,7,127407.02597479994,22765.28597479994,18753
2001-06-26,600019,5.58,5.55,5.6,5.51,200144,110091000.0,1.61,-0.54,-0.03,1.07,-562.749284999998,113,7,126844.27668979994,6836.626689799938,21623
2001-06-27,600019,5.55,5.49,5.56,5.47,87066,47447000.0,1.62,-1.08,-0.06,0.46,-1297.8548300999973,114,14,125546.42185969994,54319.16185969994,12974
2001-06-28,600019,5.5,5.49,5.57,5.46,115948,63395000.0,2.0,0.0,0.0,0.62,-0.4888296000135597,115,9,125545.93303009993,5435.713030099934,21878
2001-06-29,600019,5.49,5.46,5.52,5.44,73015,39521000.0,1.46,-0.55,-0.03,0.39,-656.372596199988,116,6,124889.56043389994,2176.060433899934,22475
2001-07-02,600019,5.46,5.47,5.51,5.44,42850,23186000.0,1.28,0.18,0.01,0.23,223.52061750000576,117,20,125113.08105139995,125113.08105139995,0
2001-07-03,600019,5.47,5.47,5.5,5.44,57064,30901000.0,1.1,0.0,0.0,0.3,0.0,118,0,125113.08105139995,125113.08105139995,0
2001-07-04,600019,5.47,5.46,5.49,5.42,99989,54060000.0,1.28,-0.18,-0.01,0.53,-500.0,119,17,125113.08105139995,125113.08105139995,0
2001-07-05,600019,5.48,5.45,5.5,5.44,84661,45864000.0,1.1,-0.18,-0.01,0.45,-0.87576049999916,120,7,125112.20529089995,37536.155290899944,16069
2001-07-06,600019,5.45,5.4,5.46,5.35,126273,67438000.0,2.02,-0.92,-0.05,0.67,-803.5625900000014,121,3,124308.64270089995,26277.042700899943,18154
2001-07-09,600019,5.4,5.37,5.4,5.36,61657,32862000.0,0.74,-0.56,-0.03,0.33,-545.1074349000119,122,15,123763.53526599993,75020.04526599994,9077
2001-07-10,600019,5.38,5.4,5.4,5.37,29878,15943000.0,0.56,0.56,0.03,0.16,272.16295800001535,123,13,124035.69822399995,89724.09822399994,6354
2001-07-11,600019,5.39,5.41,5.48,5.37,86979,46820000.0,2.04,0.19,0.01,0.46,62.73255749998498,124,9,124098.43078149993,8979.040781499934,21279
2001-07-12,600019,5.42,5.4,5.44,5.38,54321,29092000.0,1.11,-0.18,-0.01,0.29,-213.70924199996807,125,18,123884.72153949997,100902.32153949996,4256
2001-07-13,600019,5.41,5.4,5.44,5.37,33166,17773727.0,1.3,0.0,0.0,0.18,-0.16086600000562612,126,17,123884.56067349996,116988.76067349996,1277
2001-07-16,600019,5.4,5.35,5.43,5.34,88793,47138000.0,1.67,-0.93,-0.05,0.47,-63.863642500000424,127,12,123820.69703099996,118352.99703099996,1022
2001-07-17,600019,5.34,5.28,5.35,5.26,91956,48187000.0,1.68,-1.31,-0.07,0.49,-72.25010720000137,128,6,123748.44692379996,47341.566923799954,14471
2001-07-18,600019,5.3,5.37,5.4,5.25,67683,35669000.0,2.84,1.7,0.09,0.36,1301.768368799996,129,18,125050.21529259995,109504.06529259996,2895
2001-07-19,600019,5.32,5.35,5.38,5.32,31315,16595000.0,1.12,-0.37,-0.02,0.17,-58.77595549999387,130,8,124991.43933709996,21907.639337099972,19268
2001-07-20,600019,5.35,5.39,5.42,5.33,41202,21976000.0,1.68,0.75,0.04,0.22,770.2007274000061,131,15,125761.64006449997,73834.38006449997,9634
2001-07-23,600019,5.39,5.29,5.39,5.27,86453,45456000.0,2.23,-1.86,-0.1,0.46,-963.8077002999926,132,18,124797.83236419997,114604.00236419997,1927
2001-07-24,600019,5.29,5.26,5.32,5.24,116957,60954000.0,1.51,-0.57,-0.03,0.62,-57.86065380000218,133,15,124739.97171039997,119669.33171039997,964
2001-07-25,600019,5.26,5.18,5.27,5.15,124744,64319000.0,2.28,-1.52,-0.08,0.66,-77.12994559999788,134,12,124662.84176479997,120663.88176479997,772
2001-07-26,600019,5.17,5.06,5.19,5.04,224908,113296000.0,2.9,-2.32,-0.12,1.2,-92.65168860000267,135,13,124570.19007619997,121832.73007619996,541
2001-07-27,600019,5.07,5.05,5.1,5.03,110294,55179000.0,1.38,-0.2,-0.01,0.59,-6.384650000007241,136,8,124563.80542619996,24366.75542619996,19841
2001-07-30,600019,5.05,4.68,5.05,4.68,239296,113948000.0,7.33,-7.33,-0.37,1.27,-7341.38925800001,137,9,117222.41616819995,2440.736168199961,24526
2001-07-31,600019,4.66,4.7,4.84,4.63,130918,61280000.0,4.49,0.43,0.02,0.7,490.4956070000044,138,10,117712.91177519996,1.4117751999606298,25045
2001-08-01,600019,4.75,4.87,4.87,4.75,104909,50116000.0,2.55,3.62,0.17,0.56,4256.674246800016,139,18,121969.58602199997,97575.75602199997,5009
2001-08-02,600019,4.88,4.85,4.89,4.65,103419,49150000.0,4.93,-0.41,-0.02,0.55,-100.6678615000128,140,5,121868.91816049996,48789.11816049997,15068
2001-08-03,600019,4.85,4.88,4.9,4.8,45039,21647000.0,2.06,0.62,0.03,0.24,451.81942400000116,141,13,122320.73758449996,70846.49758449997,10548
2001-08-06,600019,4.89,4.69,4.9,4.64,111891,52112000.0,5.33,-3.89,-0.19,0.6,-2004.474188799999,142,5,120316.26339569996,35427.26339569996,18100
2001-08-07,600019,4.66,4.7,4.73,4.62,198482,91507000.0,2.35,0.21,0.01,1.06,180.85834199999226,143,4,120497.12173769996,21261.32173769996,21114
2001-08-08,600019,4.72,4.55,4.75,4.5,163145,74181000.0,5.32,-3.19,-0.15,0.87,-3167.5803434999834,144,15,117329.54139419997,69295.19139419997,10557
2001-08-09,600019,4.56,4.58,4.59,4.45,93476,41644000.0,3.08,0.66,0.03,0.5,316.3715838000062,145,17,117645.91297799998,103136.47297799998,3168
2001-08-10,600019,4.59,4.6,4.64,4.57,61494,28063000.0,1.53,0.44,0.02,0.33,63.05060399998911,146,3,117708.96358199997,72196.56358199997,9894
2001-08-13,600019,4.61,4.63,4.66,4.6,53135,24302000.0,1.3,0.65,0.03,0.28,296.09804409999924,147,10,118005.06162609997,0.251626099969144,25487
2001-08-14,600019,4.64,4.59,4.65,4.56,29519,13441000.0,1.94,-0.86,-0.04,0.16,-1019.5969532000017,148,11,116985.46467289997,11695.454672899969,22939
2001-08-15,600019,4.59,4.59,4.6,4.55,35846,16194000.0,1.09,0.0,0.0,0.19,-0.6317217000032542,149,16,116984.83295119996,74866.99295119997,9176
2001-08-16,600019,4.59,4.56,4.61,4.54,39902,18003000.0,1.53,-0.65,-0.03,0.21,-275.8789104000025,150,8,116708.95404079996,14975.354040799968,22310
2001-08-21,600019,4.6,4.56,4.64,4.55,27043,12212000.0,1.97,0.0,0.0,0.14,-0.0898319999978412,151,6,116708.86420879996,5992.064208799968,24280
2001-08-22,600019,4.55,4.39,4.55,4.36,104110,45553000.0,4.17,-3.73,-0.17,0.55,-4127.617955099995,152,3,112581.24625369997,4196.536253699967,24689
2001-08-23,600019,4.36,4.32,4.36,4.26,55941,23811000.0,2.28,-1.59,-0.07,0.3,-1728.271947199988,153,10,110852.97430649998,1.7743064999667695,25660
2001-08-24,600019,4.34,4.32,4.37,4.32,30171,12948000.0,1.16,0.0,0.0,0.16,-100.0,154,3,110852.97430649998,1.7743064999667695,25660
2001-08-27,600019,4.31,4.2,4.31,4.19,88026,36844000.0,2.78,-2.78,-0.12,0.47,-3079.954403999989,155,17,107773.01990249999,75441.41990249998,7698
2001-08-28,600019,4.18,4.28,4.28,4.14,57031,23602000.0,3.33,1.9,0.08,0.3,615.1610635999969,156,9,108388.18096609999,7547.100966099984,23561
2001-08-29,600019,4.29,4.3,4.34,4.25,35865,15242000.0,2.1,0.47,0.02,0.19,471.18981399999757,157,4,108859.37078009998,4528.470780099984,24263
2001-08-30,600019,4.3,4.33,4.36,4.27,105646,45007000.0,2.09,0.7,0.03,0.56,727.3647276999982,158,15,109586.73550779998,57055.175507799984,12132
2001-08-31,600019,4.32,4.31,4.35,4.3,18693,7990000.0,1.15,-0.46,-0.02,0.1,-242.84912120000808,159,14,109343.88638659997,77967.08638659999,7280
2001-09-03,600019,4.31,4.28,4.31,4.25,22375,9453000.0,1.39,-0.7,-0.03,0.12,-219.10166319999553,160,9,109124.78472339998,7800.064723399977,23674
2001-09-04,600019,4.28,4.32,4.32,4.25,92663,39233000.0,1.64,0.93,0.04,0.49,946.9132144000032,161,6,110071.69793779998,3121.457937799976,24757
2001-09-05,600019,4.33,4.33,4.37,4.28,54982,23458000.0,2.08,0.23,0.01,0.29,247.56064719999267,162,3,110319.25858499997,2186.1685849999762,24973
2001-09-06,600019,4.34,4.28,4.35,4.26,33901,14353000.0,2.08,-1.15,-0.05,0.18,-1248.6718279999914,163,10,109070.58675699998,3.346756999975696,25483
2001-09-07,600019,4.29,4.21,4.29,4.2,65450,27275000.0,2.1,-1.64,-0.07,0.35,-1784.13181240001,164,13,107286.45494459997,32184.264944599978,17839
2001-09-10,600019,4.18,4.27,4.35,4.15,36669,15377000.0,4.75,1.43,0.06,0.2,1070.035335499997,165,14,108356.49028009997,62650.410280099975,10704
2001-09-11,600019,4.27,4.3,4.33,4.23,47099,19878000.0,2.34,0.7,0.03,0.25,320.49353300000075,166,10,108676.98381309997,3.083813099976396,25273
2001-09-12,600019,4.23,4.29,4.34,4.16,95977,40604000.0,4.19,-0.23,-0.01,0.51,-352.7299999999959,167,5,108424.25381309997,3.083813099976396,25273
2001-09-13,600019,4.29,4.23,4.29,4.22,30847,12914000.0,1.63,-1.4,-0.06,0.16,-1616.37999999999,168,10,106907.87381309998,3.083813099976396,25273
2001-09-14,600019,4.23,4.15,4.23,4.13,114599,47079000.0,2.36,-1.89,-0.08,0.61,-2121.8399999999965,169,4,104886.03381309999,3.083813099976396,25273
2001-09-17,600019,4.15,4.14,4.18,4.1,45858,18743000.0,1.93,-0.24,-0.01,0.24,-252.93923560003168,170,12,104633.09457749996,20926.434577499975,20219
2001-09-18,600019,4.13,4.12,4.17,4.1,38526,15708000.0,1.69,-0.48,-0.02,0.21,-405.2130227999878,171,20,104227.88155469997,104227.88155469997,0
2001-09-19,600019,4.13,4.16,4.17,4.11,28226,11517000.0,1.46,0.97,0.04,0.15,-500.0,172,15,104227.88155469997,104227.88155469997,0
2001-09-20,600019,4.16,4.18,4.23,4.14,44675,18448000.0,2.16,0.48,0.02,0.24,-500.0,173,11,104227.88155469997,104227.88155469997,0
2001-09-21,600019,4.18,4.19,4.25,4.16,27917,11616000.0,2.15,0.24,0.01,0.15,-500.0,174,20,104227.88155469997,104227.88155469997,0
2001-09-24,600019,4.2,4.17,4.23,4.17,14290,5911000.0,1.43,-0.48,-0.02,0.08,0.0,175,0,104227.88155469997,104227.88155469997,0
2001-09-25,600019,4.2,4.17,4.2,4.15,11664,4806000.0,1.2,0.0,0.0,0.06,-500.0,176,18,104227.88155469997,104227.88155469997,0
2001-09-26,600019,4.17,4.14,4.18,4.14,25442,10459000.0,0.96,-0.72,-0.03,0.14,-500.0,177,20,104227.88155469997,104227.88155469997,0
2001-09-27,600019,4.15,4.13,4.17,4.13,23617,9667000.0,0.97,-0.24,-0.01,0.13,-0.9380056000081822,178,9,104226.94354909996,10426.383549099963,22712
2001-09-28,600019,4.13,4.15,4.16,4.13,29895,12223000.0,0.73,0.48,0.02,0.16,454.13575200000196,179,10,104681.07930109996,1.4793010999601393,25224
2001-10-08,600019,4.15,4.12,4.2,4.11,21904,8936000.0,2.17,-0.72,-0.03,0.12,-756.8239063999936,180,11,103924.25539469997,10392.01539469996,22702
2001-10-09,600019,4.12,4.14,4.15,4.11,13871,5664000.0,0.97,0.49,0.02,0.07,453.94602199998917,181,11,104378.20141669996,19789.721416699962,20432
2001-10-10,600019,4.13,4.06,4.14,4.05,55437,22342000.0,2.17,-1.93,-0.08,0.3,-1634.9747695999977,182,15,102743.22664709996,61266.26664709996,10216
2001-10-11,600019,4.05,3.97,4.07,3.96,47859,18909000.0,2.71,-2.22,-0.09,0.25,-919.6427875999798,183,15,101823.58385949998,81544.82385949997,5108
2001-10-12,600019,3.97,4.07,4.14,3.9,54873,21635000.0,6.05,2.52,0.1,0.29,510.31074529998295,184,6,102333.89460479996,32618.864604799965,17129
2001-10-15,600019,4.07,4.03,4.07,3.99,19680,7841000.0,1.97,-0.98,-0.04,0.1,-685.4861478999956,185,10,101648.40845689997,3.748456899960729,25222
2001-10-16,600019,4.05,3.99,4.05,3.97,19539,7716000.0,1.99,-0.99,-0.04,0.1,-1108.8800000000047,186,8,100639.52845689996,3.748456899960729,25222
2001-10-17,600019,3.99,3.95,4.0,3.91,22212,8656000.0,2.26,-1.0,-0.04,0.12,-1009.1788570000062,187,13,99630.34959989996,29889.149599899964,17656
2001-10-18,600019,3.95,3.93,3.98,3.91,24402,9480000.0,1.77,-0.51,-0.02,0.13,-353.3591011999961,188,8,99276.99049869996,5978.79049869996,23740
2001-10-19,600019,3.93,3.89,3.98,3.85,53497,20585000.0,3.31,-1.02,-0.04,0.29,-949.6119423000055,189,2,98327.37855639996,4784.54855639996,24047
2001-10-22,600019,3.86,3.72,3.87,3.71,58331,21795000.0,4.11,-4.37,-0.17,0.31,-4088.3477895999968,190,14,94239.03076679996,40563.15076679996,14429
2001-10-23,600019,4.04,4.09,4.09,3.93,209234,83918000.0,4.3,9.95,0.37,1.11,5338.316910000009,191,17,99577.34767679997,81871.73767679997,4329
2001-10-24,600019,4.23,4.14,4.25,4.09,254215,104522000.0,3.91,1.22,0.05,1.35,216.43211520000477,192,11,99793.77979199997,83660.19979199997,3897
2001-10-25,600019,4.13,4.0,4.13,3.99,73797,29545000.0,3.38,-3.38,-0.14,0.39,-545.7046799999953,193,18,99248.07511199998,96128.07511199998,780
2001-10-26,600019,4.0,3.98,4.02,3.94,36558,14335000.0,2.0,-0.5,-0.02,0.19,-15.984468000009656,194,4,99232.09064399997,57680.89064399997,10440
2001-10-29,600019,3.98,4.03,4.04,3.96,32164,12739000.0,2.01,1.26,0.05,0.17,521.7054876000038,195,17,99753.79613159997,87131.83613159996,3132
2001-10-30,600019,4.05,4.0,4.05,3.99,16530,6547000.0,1.49,-0.74,-0.03,0.09,-94.56988000001002,196,7,99659.22625159996,26143.22625159996,18379
2001-10-31,600019,3.99,3.98,3.99,3.94,22224,8681000.0,1.25,-0.5,-0.02,0.12,-367.63225739999325,197,2,99291.59399419997,20917.43399419996,19692
2001-11-01,600019,3.98,4.03,4.06,3.98,29016,11521000.0,2.01,1.26,0.05,0.15,984.5581685999932,198,2,100276.15216279996,16734.25216279996,20730
2001-11-02,600019,4.03,4.05,4.1,4.0,40683,16314000.0,2.48,0.5,0.02,0.22,414.533093999984,199,4,100690.68525679994,10043.585256799961,22382
2001-11-05,600019,4.05,4.02,4.06,4.01,24914,9937000.0,1.23,-0.74,-0.03,0.13,-671.4700097999885,200,1,100019.21524699996,9042.595246999961,22631
2001-11-06,600019,4.01,3.99,4.03,3.99,24049,9520000.0,1.0,-0.75,-0.03,0.13,-679.2008810999978,201,13,99340.01436589996,36130.434365899964,15842
2001-11-07,600019,3.99,3.86,4.02,3.86,44503,17317000.0,4.01,-3.26,-0.13,0.24,-2060.010320199988,202,19,97280.00404569997,91161.90404569996,1585
2001-11-08,600019,3.85,3.88,3.9,3.76,31143,11805000.0,3.63,0.52,0.02,0.17,31.335357599993586,203,4,97311.33940329996,54697.29940329996,10983
2001-11-09,600019,3.89,3.9,3.93,3.85,19458,7461000.0,2.06,0.52,0.02,0.1,219.27452400000766,204,19,97530.61392729997,93244.51392729997,1099
2001-11-12,600019,3.9,3.96,3.98,3.89,33808,13184000.0,2.31,1.54,0.06,0.18,65.93999999998778,205,0,97596.55392729996,93244.51392729997,1099
2001-11-13,600019,3.93,4.0,4.01,3.89,32338,12692000.0,3.03,1.01,0.04,0.17,43.938040000008186,206,15,97640.49196729997,95440.49196729997,550
2001-11-14,600019,3.97,3.94,4.01,3.94,12810,5020000.0,1.75,-1.5,-0.06,0.07,-33.66806640000141,207,7,97606.82390089997,28633.183900899967,17506
2001-11-15,600019,3.93,3.99,3.99,3.93,23068,9002000.0,1.52,1.27,0.05,0.12,875.070974000002,208,8,98481.89487489997,5730.354874899964,23246
2001-11-16,600019,4.2,4.03,4.24,4.0,119603,48249000.0,6.02,1.0,0.04,0.64,929.4652905999974,209,14,99411.36016549997,43200.92016549996,13948
2001-11-19,600019,4.03,4.04,4.06,3.97,119604,48249109.0,2.23,0.25,0.01,0.64,139.22083400000702,210,6,99550.58099949997,17284.06099949996,20363
2001-11-20,600019,4.05,4.09,4.15,4.01,30149,11960900.0,3.47,1.24,0.05,0.16,1017.5670113999804,211,17,100568.14801089995,75582.33801089996,6109
2001-11-21,600019,4.1,4.08,4.11,4.05,33467,13470000.0,1.47,-0.24,-0.01,0.18,-61.46788959999685,212,5,100506.68012129996,37793.000121299956,15371
2001-11-22,600019,4.09,4.07,4.11,4.06,29876,12021000.0,1.23,-0.25,-0.01,0.16,-153.7725558999955,213,11,100352.90756539996,44048.527565399956,13834
2001-11-23,600019,4.08,4.09,4.15,4.06,51297,20809000.0,2.21,0.49,0.02,0.27,276.62343529998907,214,11,100629.53100069995,49704.94100069995,12451
2001-11-26,600019,4.09,4.06,4.1,4.03,36693,14738000.0,1.71,-0.73,-0.03,0.2,-373.8332819999923,215,16,100255.69771869996,80032.83771869996,4981
2001-11-27,600019,4.05,4.06,4.06,4.03,33043,13202000.0,0.74,0.0,0.0,0.18,-0.2400678000121843,216,3,100255.45765089995,56025.81765089996,10894
2001-11-28,600019,4.06,4.09,4.11,4.06,37161,15003000.0,1.23,0.74,0.03,0.2,326.48388380001415,217,6,100581.94153469996,22413.861534699965,19112
2001-11-29,600019,4.09,4.07,4.1,4.06,28057,11308000.0,0.98,-0.49,-0.02,0.15,-382.41928349999944,218,8,100199.52225119996,4485.332251199961,23517
2001-11-30,600019,4.07,4.1,4.1,4.06,28606,11494000.0,0.98,0.74,0.03,0.15,705.4831450000056,219,6,100905.00539619997,1799.8053961999617,24172
2001-12-03,600019,4.1,4.11,4.13,4.07,65823,26672000.0,1.46,0.24,0.01,0.35,241.22326540001086,220,15,101146.22866159998,51472.76866159997,12086
2001-12-04,600019,4.12,4.11,4.13,4.08,38054,15409000.0,1.22,0.0,0.0,0.2,-0.4470446999912383,221,19,101145.78161689999,96176.79161689998,1209
2001-12-05,600019,4.1,4.1,4.15,4.09,84193,34298855.0,1.46,-0.24,-0.01,0.45,-12.09000000001106,222,0,101133.69161689997,96176.79161689998,1209
2001-12-06,600019,4.1,4.08,4.12,4.05,40584,16417455.0,1.71,-0.49,-0.02,0.22,-24.276165599992964,223,1,101109.41545129998,86560.13545129998,3566
2001-12-07,600019,4.07,4.07,4.09,4.05,28180,11309612.0,0.98,-0.25,-0.01,0.15,-36.3524291000067,224,8,101073.06302219997,17316.533022199976,20579
2001-12-10,600019,4.07,4.05,4.07,4.03,26336,10512125.0,0.98,-0.49,-0.02,0.14,-411.9967045000085,225,15,100661.06631769997,58986.56631769997,10290
2001-12-11,600019,4.04,3.99,4.04,3.99,42097,16668444.0,1.23,-1.48,-0.06,0.22,-617.871857399994,226,8,100043.19446029997,11800.354460299968,22116
2001-12-12,600019,3.98,3.98,4.01,3.97,40618,15994267.0,1.0,-0.25,-0.01,0.22,-221.60010840001632,227,15,99821.59435189996,55810.75435189997,11058
2001-12-13,600019,3.98,3.93,3.98,3.89,82163,31899191.0,2.26,-1.26,-0.05,0.44,-553.0116119999875,228,2,99268.58273989997,44649.44273989997,13898
2001-12-14,600019,3.91,3.9,3.92,3.89,33000,12722275.0,0.76,-0.76,-0.03,0.18,-417.2078520000068,229,6,98851.37488789996,17863.974887899967,20766
2001-12-17,600019,3.89,3.86,3.9,3.83,73024,27771994.0,1.79,-1.03,-0.04,0.39,-830.7201335999998,230,11,98020.65475429996,25877.254754299967,18690
2001-12-18,600019,3.86,3.87,3.9,3.83,55052,20935119.0,1.81,0.26,0.01,0.29,186.53834850000567,231,15,98207.19310279997,62042.04310279997,9345
2001-12-19,600019,3.89,3.88,3.91,3.87,50932,19538998.0,1.03,0.26,0.01,0.27,92.82958800000779,232,10,98300.02269079997,0.22269079997204244,25335
2001-12-20,600019,3.87,3.79,3.87,3.77,53982,20297332.0,2.58,-2.32,-0.09,0.29,-2380.1500000000087,233,6,96019.87269079997,0.22269079997204244,25335
2001-12-21,600019,3.79,3.79,3.8,3.74,46646,17347281.0,1.58,0.0,0.0,0.25,-100.0,234,9,96019.87269079997,0.22269079997204244,25335
2001-12-24,600019,3.79,3.71,3.81,3.69,55394,20365018.0,3.17,-2.11,-0.08,0.3,-2027.4579313999857,235,17,93992.41475939998,65792.70475939997,7601
2001-12-25,600019,3.71,3.73,3.75,3.67,53118,19443179.0,2.16,0.54,0.02,0.28,151.36210259998916,236,10,94143.77686199997,2.3068619999685325,25239
2001-12-26,600019,3.75,3.86,3.91,3.74,140504,53166354.0,4.56,3.49,0.13,0.75,3280.290627399998,237,18,97424.06748939997,77938.78748939997,5048
2001-12-27,600019,3.89,3.89,3.96,3.87,160694,62288840.0,2.33,0.78,0.03,0.86,151.0503386999917,238,5,97575.11782809996,38972.26782809996,15065
2001-12-28,600019,3.89,3.95,3.96,3.89,77177,29901987.0,1.8,1.54,0.06,0.41,903.364459000004,239,19,98478.48228709996,92525.83228709997,1507
2001-12-31,600019,3.98,3.96,3.99,3.91,118009,45998247.0,2.03,0.25,0.01,0.63,15.046160800004145,240,14,98493.52844789997,94909.72844789996,905
2002-01-04,600019,3.96,3.87,3.96,3.86,56181,21618541.0,2.53,-2.27,-0.09,0.3,-82.11432419999619,241,7,98411.41412369997,28476.644123699967,18071
2002-01-07,600019,3.85,3.91,3.93,3.8,69413,26244749.0,3.36,1.03,0.04,0.37,722.69869260001,242,12,99134.11281629998,42607.24281629997,14457
2002-01-08,600019,3.89,3.93,3.96,3.86,76735,29816442.0,2.56,0.51,0.02,0.41,288.84179159998894,243,7,99422.95460789997,12786.104607899968,22045
2002-01-09,600019,3.9,3.95,3.99,3.89,97034,37802130.0,2.54,0.51,0.02,0.52,440.46463100000983,244,15,99863.41923889998,56322.569238899974,11023
2002-01-10,600019,3.94,4.0,4.0,3.88,161515,63113944.0,3.04,1.27,0.05,0.86,550.9247199999954,245,4,100414.34395889998,33794.343958899975,16655
2002-01-11,600019,4.0,3.96,4.03,3.95,113885,44884667.0,2.0,-1.0,-0.04,0.61,-666.4027124000131,246,6,99747.94124649996,13522.901246499972,21774
2002-01-14,600019,3.94,3.91,3.97,3.88,114568,44512328.0,2.27,-1.26,-0.05,0.61,-1088.7540752999776,247,4,98659.18717119998,8115.317171199972,23157
2002-01-15,600019,3.89,3.95,3.98,3.88,114311,44497508.0,2.56,1.02,0.04,0.61,926.2475704999961,248,4,99585.43474169998,4872.334741699971,23978
2002-01-16,600019,3.95,4.08,4.1,3.92,335502,133544250.0,4.56,3.29,0.13,1.79,3117.1302895999834,249,2,102702.56503129996,3901.2850312999713,24216
2002-01-17,600019,4.06,4.03,4.14,4.02,350356,141137958.0,2.94,-1.23,-0.05,1.87,-1211.4831253000011,250,17,101491.08190599996,72213.13190599997,7265
2002-01-18,600019,4.0,4.06,4.07,3.92,301051,119512380.0,3.72,0.74,0.03,1.6,217.92052440000407,251,11,101709.00243039997,75160.66243039997,6539
2002-01-21,600019,4.04,4.02,4.1,4.0,193307,77223481.0,2.46,-0.99,-0.04,1.03,-261.63883219999843,252,13,101447.36359819997,83043.80359819997,4578
2002-01-22,600019,4.02,3.99,4.08,3.94,215509,85472531.0,3.48,-0.75,-0.03,1.15,-137.52266220000456,253,20,101309.84093599996,101309.84093599996,0
2002-01-23,600019,3.98,4.14,4.15,3.93,288325,114587302.0,5.51,3.76,0.15,1.54,-0.9117522000015015,254,9,101308.92918379996,10133.709183799976,22023
2002-01-24,600019,4.12,4.12,4.2,4.04,513874,209312864.0,3.86,-0.48,-0.02,2.74,-440.551175599976,255,9,100868.37800819999,1016.058008199976,24236
2002-01-25,600019,4.11,4.1,4.13,4.06,168986,68284361.0,1.7,-0.49,-0.02,0.9,-484.7301270000171,256,10,100383.64788119997,3.3478811999760865,24483
2002-01-28,600019,4.09,3.89,4.1,3.88,397332,155499388.0,5.37,-5.12,-0.21,2.12,-5241.4299999999785,257,2,95242.21788119999,3.3478811999760865,24483
2002-01-29,600019,3.86,3.93,3.95,3.81,147690,56723855.0,3.6,1.03,0.04,0.79,978.3578180999903,258,20,96220.57569929998,96220.57569929998,0
2002-01-30,600019,3.93,3.92,3.95,3.9,74608,28890981.0,1.27,-0.25,-0.01,0.4,-0.67349520001153,259,7,96219.90220409997,28870.382204099966,17181
2002-01-31,600019,4.0,4.11,4.16,3.93,383564,154178180.0,5.87,4.85,0.19,2.04,3264.3899999999994,260,0,99484.29220409997,28870.382204099966,17181
2002-02-01,600019,4.11,4.05,4.14,4.05,181530,73090213.0,2.19,-1.46,-0.06,0.97,-1031.2774740000023,261,16,98453.01473009997,70617.36473009997,6873
2002-02-04,600019,4.07,4.11,4.13,4.06,146768,59449133.0,1.73,1.48,0.06,0.78,411.74451180000324,262,9,98864.75924189997,7067.909241899964,22335
2002-02-05,600019,4.11,4.18,4.18,4.1,279291,114459683.0,1.95,1.7,0.07,1.49,1563.421743199986,263,4,100428.18098509996,4242.200985099964,23011
2002-02-06,600019,4.18,4.13,4.2,4.13,163669,67069200.0,1.67,-1.2,-0.05,0.87,-1151.5003543000057,264,20,99276.68063079995,99276.68063079995,0
2002-02-07,600019,4.13,4.25,4.26,4.12,481214,200478867.0,3.39,2.91,0.12,2.56,-500.0,265,11,99276.68063079995,99276.68063079995,0
2002-02-08,600019,4.25,4.21,4.28,4.21,172762,72358823.0,1.65,-0.94,-0.04,0.92,-500.0,266,14,99276.68063079995,99276.68063079995,0
2002-02-25,600019,4.25,4.22,4.27,4.2,155438,64997795.0,1.66,0.24,0.01,0.83,-500.0,267,17,99276.68063079995,99276.68063079995,0
2002-02-26,600019,4.22,4.21,4.22,4.15,110804,45747672.0,1.66,-0.24,-0.01,0.59,-0.39708720000635367,268,4,99276.28354359994,59567.56354359995,9432
2002-02-27,600019,4.2,4.21,4.24,4.18,123288,51172011.0,1.43,0.0,0.0,0.66,-0.11910089998855256,269,2,99276.16444269996,47657.35444269995,12261
2002-02-28,600019,4.2,4.16,4.21,4.14,105869,43651518.0,1.66,-1.19,-0.05,0.56,-613.5265280000167,270,10,98662.63791469994,4.077914699941175,23716
2002-03-01,600019,4.14,4.13,4.18,4.13,59510,24370805.0,1.2,-0.72,-0.03,0.32,-712.4594707999931,271,20,97950.17844389995,97950.17844389995,0
2002-03-04,600019,4.12,4.16,4.18,4.1,60383,24707222.0,1.94,0.73,0.03,0.32,-500.0,272,17,97950.17844389995,97950.17844389995,0
2002-03-05,600019,4.16,4.2,4.22,4.16,105115,43535182.0,1.44,0.96,0.04,0.56,-500.0,273,20,97950.17844389995,97950.17844389995,0
2002-03-06,600019,4.21,4.21,4.26,4.18,226682,94599621.0,1.9,0.24,0.01,1.21,-0.7835652000067057,274,8,97949.39487869994,19592.874878699935,18612
2002-03-07,600019,4.19,4.27,4.27,4.18,302821,126980917.0,2.14,1.43,0.06,1.61,1116.6416454999853,275,4,99066.03652419992,11757.346524199937,20447
2002-03-08,600019,4.29,4.32,4.37,4.27,448869,191191036.0,2.34,1.17,0.05,2.39,1022.3500000000204,276,0,100088.38652419994,11757.346524199937,20447
2002-03-11,600019,4.3,4.28,4.33,4.25,352708,149698452.0,1.85,-0.93,-0.04,1.88,-817.938764400009,277,5,99270.44775979994,5880.847759799935,21820
2002-03-12,600019,4.28,4.21,4.3,4.21,279717,117266900.0,2.1,-1.64,-0.07,1.49,-1527.429385800002,278,5,97743.01837399993,2942.2383739999354,22518
2002-03-13,600019,4.21,4.22,4.28,4.18,136605,57143512.0,2.38,0.24,0.01,0.73,224.4198092000006,279,18,97967.43818319993,78960.55818319994,4504
2002-03-14,600019,4.22,4.26,4.26,4.2,100649,42011028.0,1.42,0.95,0.04,0.54,179.4493894000043,280,9,98146.88757259994,7898.787572599947,21185
2002-03-15,600019,4.27,4.2,4.29,4.2,129731,54254936.0,2.11,-1.41,-0.06,0.69,-1271.7228179999802,281,17,96875.16475459996,70179.96475459996,6356
2002-03-18,600019,4.22,4.17,4.26,4.16,96640,40017425.0,2.38,-0.71,-0.03,0.51,-190.86552330000268,282,17,96684.29923129996,88732.10923129995,1907
2002-03-19,600019,4.19,4.22,4.24,4.17,97818,40786271.0,1.68,1.2,0.05,0.52,94.46270279998134,283,10,96778.76193409994,1.5019340999424458,22933
2002-03-20,600019,4.23,4.2,4.24,4.18,177343,73633603.0,1.42,-0.47,-0.02,0.94,-458.85261199998786,284,12,96319.90932209995,19262.509322099944,18347
2002-03-21,600019,4.2,4.23,4.24,4.18,162491,67649312.0,1.43,0.71,0.03,0.87,550.3907535000035,285,1,96870.30007559995,17337.840075599943,18802
2002-03-22,600019,4.23,4.19,4.23,4.17,83063,34405231.0,1.42,-0.95,-0.04,0.44,-752.1587719999952,286,11,96118.14130359996,25214.961303599943,16922
2002-03-25,600019,4.19,4.14,4.19,4.12,129799,53130406.0,1.67,-1.19,-0.05,0.69,-846.1252126000181,287,1,95272.01609099994,22693.676090999943,17531
2002-03-26,600019,4.13,4.09,4.14,4.08,132898,53853170.0,1.45,-1.21,-0.05,0.71,-876.6407571000018,288,4,94395.37533389994,13617.875333899943,19750
2002-03-27,600019,4.08,4.1,4.12,4.07,71065,28744753.0,1.22,0.24,0.01,0.38,197.17609999999695,289,14,94592.55143389993,46007.55143389994,11850
2002-03-28,600019,4.1,4.08,4.11,4.06,67767,27322683.0,1.22,-0.49,-0.02,0.36,-237.41403840000567,290,9,94355.13739549993,4603.2973954999325,21998
2002-03-29,600019,4.07,3.96,4.07,3.94,162899,64150578.0,3.19,-2.94,-0.12,0.87,-2639.7599999999948,291,0,91715.37739549993,4603.2973954999325,21998
2002-04-01,600019,3.96,3.99,4.0,3.93,69210,27176781.0,1.77,0.76,0.03,0.37,659.6766999000101,292,13,92375.05409539994,30933.044095399935,15399
2002-04-02,600019,4.0,3.94,4.02,3.93,59797,23359646.0,2.26,-1.25,-0.05,0.32,-770.1974320000154,293,8,91604.85666339993,6189.596663399934,21679
2002-04-03,600019,3.94,3.98,4.02,3.94,51348,20131665.0,2.03,1.02,0.04,0.27,866.2971758000058,294,20,92471.15383919993,92471.15383919993,0
2002-04-04,600019,3.98,4.06,4.09,3.97,101654,40511102.0,3.02,2.01,0.08,0.54,-500.0,295,17,92471.15383919993,92471.15383919993,0
2002-04-05,600019,4.07,4.07,4.13,4.04,101320,40901801.0,2.22,0.25,0.01,0.54,-0.7397225000022445,296,8,92470.41411669993,18498.164116699932,18175
2002-04-08,600019,4.06,4.06,4.1,4.04,43838,17609001.0,1.47,-0.25,-0.01,0.23,-181.9164600000222,297,9,92288.49765669991,1851.9976566999321,22275
2002-04-09,600019,4.06,4.1,4.11,4.05,80021,32320328.0,1.48,0.99,0.04,0.43,890.9852400000091,298,8,93179.48289669992,375.9828966999323,22635
2002-04-10,600019,4.11,4.1,4.12,4.07,55206,22305248.0,1.22,0.0,0.0,0.29,-0.0018450000061420724,299,5,93179.48105169991,191.48105169993235,22680
2002-04-11,600019,4.1,4.02,4.1,4.0,72168,28788890.0,2.44,-1.95,-0.08,0.38,-1814.401487399984,300,8,91365.07956429993,42.73956429993237,22717
2002-04-12,600019,4.02,4.03,4.06,4.01,49392,19700218.0,1.24,0.25,0.01,0.26,227.16967760000261,301,8,91592.24924189993,10.499241899932365,22725
2002-04-15,600019,4.03,4.01,4.05,3.98,37678,14923562.0,1.74,-0.5,-0.02,0.2,-454.9556162000081,302,15,91137.29362569992,45571.663625699926,11363
2002-04-16,600019,4.01,3.99,4.02,3.98,26197,10344046.0,1.0,-0.5,-0.02,0.14,-227.44134549998853,303,14,90909.85228019994,63706.03228019993,6818
2002-04-17,600019,3.99,3.97,4.01,3.95,41555,16311286.0,1.5,-0.5,-0.02,0.22,-136.36000000000058,304,0,90773.49228019993,63706.03228019993,6818
2002-04-18,600019,3.97,3.96,4.0,3.94,71569,28003947.0,1.51,-0.25,-0.01,0.38,-68.28798920000554,305,14,90705.20429099993,74504.84429099993,4091
2002-04-19,600019,3.96,3.96,3.96,3.92,64500,25089316.0,1.01,0.0,0.0,0.34,-0.1489752000052249,306,2,90705.05531579992,59607.17531579993,7853
2002-04-22,600019,3.98,3.95,3.99,3.95,63392,24837214.0,1.01,-0.25,-0.01,0.34,-78.88763299999118,307,6,90626.16768279993,23843.517682799924,16907
2002-04-23,600019,3.95,4.01,4.01,3.95,65040,25564311.0,1.52,1.52,0.06,0.35,1014.1816054999799,308,10,91640.34928829991,3.829288299926702,22852
2002-04-24,600019,4.01,4.04,4.05,4.0,76915,30608255.0,1.25,0.75,0.03,0.41,585.5600000000122,309,7,92325.90928829992,3.829288299926702,22852
2002-04-29,600019,4.06,4.13,4.18,4.01,220704,90137976.0,4.21,2.23,0.09,1.18,2056.3968885000068,310,13,94382.30617679993,28314.696176799927,15997
2002-04-30,600019,4.14,4.11,4.15,4.11,65116,26527630.0,0.97,-0.48,-0.02,0.35,-320.5974767000007,311,20,94061.70870009993,94061.70870009993,0
2002-05-08,600019,4.1,4.09,4.12,4.08,50979,20639059.0,0.97,-0.49,-0.02,0.27,-0.8465073000115808,312,9,94060.86219279992,9410.132192799923,20697
2002-05-09,600019,4.09,4.08,4.1,4.06,57331,23077203.0,0.98,-0.24,-0.01,0.31,-207.39219839998987,313,15,93853.46999439993,51629.54999439993,10349
2002-05-10,600019,4.07,4.05,4.08,4.05,44757,17934604.0,0.74,-0.74,-0.03,0.24,-310.7797439999995,314,6,93542.69025039993,20654.84025039993,17997
2002-05-13,600019,4.05,4.05,4.08,4.04,68495,27424825.0,0.99,0.0,0.0,0.36,-0.18585449999955017,315,9,93542.50439589993,2069.204395899931,22586
2002-05-14,600019,4.05,4.05,4.07,4.03,30300,12104837.0,0.99,0.0,0.0,0.16,-0.008262000003014691,316,4,93542.49613389993,1242.996133899931,22790
2002-05-15,600019,4.05,4.02,4.06,4.02,35827,14283139.0,0.99,-0.74,-0.03,0.19,-683.7111756000086,317,9,92858.78495829992,125.42495829993095,23068
2002-05-16,600019,4.01,3.93,4.01,3.92,56220,21929099.0,2.24,-2.24,-0.09,0.3,-2076.210625799984,318,11,90782.57433249993,9187.914332499931,20762
2002-05-17,600019,3.95,3.95,3.99,3.93,79961,31117499.0,1.53,0.51,0.02,0.43,415.2124685000017,319,3,91197.78680099994,6434.736800999931,21459
2002-05-20,600019,3.95,3.88,3.96,3.84,54744,20934040.0,3.04,-1.77,-0.07,0.29,-1502.1557243999996,320,4,89695.63107659994,3862.271076599931,22122
2002-05-21,600019,3.96,3.95,3.99,3.89,106418,41377337.0,2.58,1.8,0.07,0.57,1547.928342500003,321,17,91243.55941909994,65027.40941909993,6637
2002-05-22,600019,3.95,3.97,3.99,3.94,60438,23681041.0,1.27,0.51,0.02,0.32,132.66095729998779,322,13,91376.22037639993,72931.60037639993,4646
2002-05-23,600019,3.97,4.04,4.05,3.97,83441,32943471.0,2.02,1.76,0.07,0.44,324.92831200000364,323,4,91701.14868839993,43762.50868839993,11866
2002-05-24,600019,4.03,4.03,4.1,4.0,133517,53554520.0,2.48,-0.25,-0.01,0.71,-118.94689569999173,324,16,91582.20179269994,72451.79179269994,4747
2002-05-27,600019,4.04,4.06,4.1,4.04,70628,28351467.0,1.49,0.74,0.03,0.38,142.40999999998894,325,0,91724.61179269993,72451.79179269994,4747
2002-05-28,600019,4.07,4.06,4.09,4.05,37132,14887484.0,0.99,0.0,0.0,0.2,0.0,326,0,91724.61179269993,72451.79179269994,4747
2002-05-29,600019,4.06,4.03,4.06,4.0,62868,24989312.0,1.48,-0.74,-0.03,0.33,-142.55487849999918,327,2,91582.05691419993,57963.796914199935,8342
2002-05-30,600019,4.02,4.05,4.08,4.02,87795,35114070.0,1.49,0.5,0.02,0.47,166.72408899999573,328,2,91748.78100319993,46372.581003199935,11204
2002-05-31,600019,4.05,4.05,4.07,4.04,103230,41359781.0,0.74,0.0,0.0,0.55,-0.09071999999287073,329,12,91748.69028319993,55444.490283199935,8964
2002-06-03,600019,4.04,4.01,4.04,3.99,99080,39314797.0,1.23,-0.99,-0.04,0.53,-358.6678288999974,330,13,91390.02245429993,66227.27245429993,6275
2002-06-04,600019,4.01,4.02,4.05,4.01,30087,11962285.0,1.0,0.25,0.01,0.16,62.64909800000896,331,14,91452.67155229994,76317.37155229994,3765
2002-06-05,600019,4.03,3.95,4.03,3.95,55183,21693807.0,1.99,-1.74,-0.07,0.29,-263.60948699999426,332,14,91189.06206529995,82266.01206529995,2259
2002-06-06,600019,3.93,4.05,4.1,3.93,73564,29246131.0,4.3,2.53,0.1,0.39,225.15965999999025,333,9,91414.22172529994,8231.271725299943,20539
2002-06-07,600019,4.05,4.07,4.1,4.02,78855,31665412.0,1.98,0.49,0.02,0.42,410.36205170000903,334,15,91824.58377699995,50025.68377699995,10270
2002-06-10,600019,4.07,4.07,4.09,4.05,55189,22221729.0,0.98,0.0,0.0,0.29,-0.050020300011965446,335,1,91824.53375669994,45023.603756699944,11499
2002-06-11,600019,4.07,4.09,4.12,4.06,116174,47018223.0,1.47,0.49,0.02,0.62,229.52977279998595,336,10,92054.06352949992,0.4335294999400503,22507
2002-06-12,600019,4.1,4.08,4.11,4.06,30247,12182680.0,1.22,-0.24,-0.01,0.16,-225.98828559997492,337,20,91828.07524389995,91828.07524389995,0
2002-06-13,600019,4.08,4.08,4.11,4.08,55429,22411361.0,0.74,0.0,0.0,0.3,-500.0,338,14,91828.07524389995,91828.07524389995,0
2002-06-14,600019,4.08,4.08,4.09,4.06,38281,15405373.0,0.74,0.0,0.0,0.2,-500.0,339,12,91828.07524389995,91828.07524389995,0
2002-06-17,600019,4.06,4.09,4.1,4.06,47094,19005090.0,0.98,0.25,0.01,0.25,-0.9182459000003291,340,10,91827.15699799995,2.566997999951127,22451
2002-06-18,600019,4.08,4.14,4.15,4.08,140494,57289053.0,1.71,1.22,0.05,0.75,1022.5500000000029,341,4,92949.70699799995,2.566997999951127,22451
2002-06-19,600019,4.17,4.15,4.17,4.14,39995,15902484.0,0.72,0.24,0.01,0.21,124.51000000000931,342,5,93174.21699799996,2.566997999951127,22451
2002-06-20,600019,4.15,4.15,4.21,4.15,51144,20451836.0,1.45,0.0,0.0,0.27,-0.372670000011567,343,14,93173.84432799995,37269.194327999954,13471
2002-06-21,600019,4.17,4.24,4.26,4.17,129215,52352828.0,2.17,2.17,0.09,0.69,1212.3527728000045,344,1,94386.19710079995,33546.43710079995,14349
2002-06-24,600019,4.65,4.65,4.65,4.48,1388713,615672614.0,4.01,9.67,0.41,7.4,5882.788121999998,345,9,100268.98522279995,3358.3352227999458,20841
2002-06-25,600019,4.68,4.79,5.03,4.56,1776207,830975652.0,10.11,3.01,0.14,9.46,2917.733294000005,346,2,103186.71851679996,2687.7285167999457,20981
2002-06-26,600019,4.76,4.75,4.87,4.69,498249,228686077.0,3.76,-0.84,-0.04,2.65,-839.937585000007,347,17,102346.78093179995,72445.53093179995,6295
2002-06-27,600019,4.76,4.83,4.93,4.75,631732,295368000.0,3.79,1.68,0.08,3.37,503.1653965999867,348,6,102849.94632839994,28984.75632839994,15293
2002-06-28,600019,4.87,4.82,4.94,4.71,698932,325115791.0,4.76,-0.21,-0.01,3.72,-153.44598099998257,349,17,102696.50034739995,80582.34034739995,4588
2002-07-01,600019,4.81,4.73,4.84,4.71,220671,100935809.0,2.7,-1.87,-0.09,1.18,-413.7258028000215,350,10,102282.77454459993,1.2545445999276126,21624
2002-07-02,600019,4.7,4.77,4.84,4.69,247789,114283692.0,3.17,0.85,0.04,1.32,764.9599999999919,351,7,103147.73454459992,1.2545445999276126,21624
2002-07-03,600019,4.78,4.85,4.86,4.77,275079,127990041.0,1.89,1.68,0.08,1.47,1629.9199999999983,352,2,104877.65454459992,1.2545445999276126,21624
2002-07-04,600019,4.87,4.81,4.91,4.79,199357,93089333.0,2.47,-0.82,-0.04,1.06,-964.9600000000064,353,1,104012.69454459992,1.2545445999276126,21624
2002-07-05,600019,4.8,4.83,4.84,4.78,126184,58367205.0,1.25,0.42,0.02,0.67,431.4355608000187,354,20,104444.13010539993,104444.13010539993,0
2002-07-08,600019,4.84,4.81,4.88,4.81,89374,41679040.0,1.45,-0.41,-0.02,0.48,-500.0,355,17,104444.13010539993,104444.13010539993,0
2002-07-09,600019,4.83,4.83,4.87,4.8,136147,63353345.0,1.46,0.42,0.02,0.73,-0.7310687999997754,356,7,104443.39903659993,31336.51903659993,15136
2002-07-10,600019,4.85,4.74,4.85,4.7,200464,91856753.0,3.11,-1.86,-0.09,1.07,-1362.8856827999844,357,19,103080.51335379995,95904.15335379995,1514
2002-07-11,600019,4.73,4.7,4.76,4.69,116638,52858607.0,1.48,-0.84,-0.04,0.62,-61.13537400000496,358,6,103019.37797979995,38366.17797979994,13756
2002-07-12,600019,4.7,4.68,4.72,4.67,110058,49613148.0,1.06,-0.43,-0.02,0.59,-275.5706371999986,359,17,102743.80734259995,83429.44734259995,4127
2002-07-15,600019,4.68,4.69,4.71,4.66,79025,35518723.0,1.07,0.21,0.01,0.42,41.186611799988896,360,1,102784.99395439994,75090.54395439994,5905
2002-07-16,600019,4.68,4.7,4.74,4.67,58411,26450390.0,1.49,0.21,0.01,0.31,59.05000000000291,361,0,102844.04395439994,75090.54395439994,5905
2002-07-17,600019,4.7,4.7,4.71,4.66,63246,28478822.0,1.06,0.0,0.0,0.34,-0.7508720000041649,362,10,102843.29308239993,2.593082399936975,21881
2002-07-18,600019,4.71,4.71,4.74,4.68,97510,44256287.0,1.28,0.21,0.01,0.52,118.80999999999767,363,8,103062.10308239993,2.593082399936975,21881
2002-07-19,600019,4.71,4.72,4.73,4.7,52414,23773237.0,0.64,0.21,0.01,0.28,218.396905600006,364,14,103280.49998799994,41311.61998799993,13129
2002-07-22,600019,4.72,4.65,4.73,4.63,73026,32820297.0,2.12,-1.48,-0.07,0.39,-919.0712920000078,365,1,102361.42869599993,37182.378695999934,14017
2002-07-23,600019,4.63,4.61,4.67,4.59,83256,36951699.0,1.72,-0.86,-0.04,0.44,-560.9402344999835,366,7,101800.48846149995,11158.668461499932,19662
2002-07-24,600019,4.61,4.62,4.67,4.59,59825,26586533.0,1.74,0.22,0.01,0.32,196.5084269999934,367,10,101996.99688849994,1.2568884999309375,22077
2002-07-25,600019,4.64,4.58,4.65,4.57,79526,35121127.0,1.73,-0.87,-0.04,0.42,-983.0800000000017,368,6,101113.91688849994,1.2568884999309375,22077
2002-07-26,600019,4.58,4.58,4.6,4.57,50739,22346194.0,0.66,0.0,0.0,0.27,-0.4044140000041807,369,14,101113.51247449993,40442.25247449994,13247
2002-07-29,600019,4.58,4.63,4.64,4.58,63249,27993818.0,1.31,1.09,0.05,0.34,661.9820076000033,370,16,101775.49448209994,77241.12448209994,5299
2002-07-30,600019,4.63,4.61,4.63,4.57,43422,19181497.0,1.3,-0.43,-0.02,0.23,-106.2242838999955,371,20,101669.27019819994,101669.27019819994,0
2002-07-31,600019,4.61,4.57,4.62,4.57,40307,17761420.0,1.08,-0.87,-0.04,0.21,-0.8132772000099067,372,8,101668.45692099993,20340.73692099993,17796
2002-08-01,600019,4.57,4.58,4.62,4.55,109247,48073650.0,1.53,0.22,0.01,0.58,177.3079912000103,373,18,101845.76491219994,85540.96491219994,3560
2002-08-02,600019,4.58,4.63,4.64,4.57,64065,28466402.0,1.53,1.09,0.05,0.34,177.74340540000412,374,3,102023.50831759995,59881.24831759994,9102
2002-08-05,600019,4.64,4.61,4.64,4.6,31219,13844000.0,0.86,-0.43,-0.02,0.17,-182.15972170000896,375,2,101841.34859589994,47908.95859589994,11699
2002-08-06,600019,4.6,4.66,4.69,4.59,95897,42978420.0,2.17,1.08,0.05,0.51,584.7864806000143,376,13,102426.13507649995,64260.73507649994,8190
2002-08-07,600019,4.66,4.66,4.66,4.63,30178,13472846.0,0.64,0.0,0.0,0.16,-0.06421480000426527,377,1,102426.07086169995,57839.19086169994,9568
2002-08-08,600019,4.65,4.64,4.69,4.63,41858,18774886.0,1.29,-0.43,-0.02,0.22,-191.4178144000034,378,1,102234.65304729994,52057.693047299945,10814
2002-08-09,600019,4.64,4.6,4.64,4.56,65291,28823221.0,1.72,-0.86,-0.04,0.35,-433.00767199999245,379,19,101801.64537529995,96824.44537529995,1082
2002-08-12,600019,4.58,4.58,4.59,4.57,39701,17464474.0,0.43,-0.43,-0.02,0.21,-21.93046360000153,380,3,101779.71491169995,67777.79491169995,7424
2002-08-13,600019,4.58,4.59,4.61,4.55,20035,8836324.0,1.31,0.22,0.01,0.11,74.10372290000669,381,14,101853.81863459996,81405.36863459996,4455
2002-08-14,600019,4.58,4.57,4.61,4.57,25343,11155711.0,0.87,-0.44,-0.02,0.14,-89.34417509999184,382,3,101764.47445949996,56987.61445949996,9798
2002-08-15,600019,4.58,4.53,4.58,4.5,199709,87066183.0,1.75,-0.88,-0.04,1.06,-391.9769421000092,383,1,101372.49751739996,51293.347517399954,11055
2002-08-16,600019,4.52,4.56,4.6,4.51,71088,31038658.0,1.99,0.66,0.03,0.38,331.1963255999872,384,19,101703.69384299994,96660.33384299994,1106
2002-08-19,600019,4.55,4.59,4.63,4.55,134613,59591988.0,1.75,0.66,0.03,0.72,32.98671509999258,385,2,101736.68055809994,77331.65055809994,5317
2002-08-20,600019,4.59,4.69,4.74,4.58,241217,108679196.0,3.49,2.18,0.1,1.29,531.7000000000116,386,0,102268.38055809995,77331.65055809994,5317
2002-08-21,600019,4.68,4.69,4.74,4.66,184995,83854976.0,1.71,0.0,0.0,0.99,-0.22441650000109803,387,19,102268.15614159995,99773.07614159994,532
2002-08-22,600019,4.69,4.7,4.73,4.67,97211,43941072.0,1.28,0.21,0.01,0.52,4.322283999979845,388,10,102272.47842559993,0.4784255999256857,21760
2002-08-23,600019,4.7,4.67,4.71,4.63,68333,30644713.0,1.7,-0.64,-0.03,0.36,-653.8161919999984,389,20,101618.66223359993,101618.66223359993,0
2002-08-26,600019,4.66,4.63,4.67,4.63,59082,26343691.0,0.86,-0.86,-0.04,0.31,-0.9145176000020001,390,9,101617.74771599993,10165.98771599993,19752
2002-08-27,600019,4.63,4.63,4.65,4.62,26542,11826778.0,0.65,0.0,0.0,0.14,-0.6401437999884365,391,17,101617.10757219994,74179.72757219993,5926
2002-08-28,600019,4.64,4.68,4.69,4.63,64193,28762000.0,1.3,1.08,0.05,0.34,296.2168363999954,392,13,101913.32440859993,82496.00440859993,4149
2002-08-29,600019,4.67,4.66,4.69,4.65,45983,20658677.0,0.85,-0.43,-0.02,0.24,-83.09598739999637,393,16,101830.22842119994,94094.62842119993,1660
2002-08-30,600019,4.66,4.67,4.69,4.64,49330,22139039.0,1.07,0.21,0.01,0.26,16.59999999999127,394,0,101846.82842119993,94094.62842119993,1660
2002-09-02,600019,4.67,4.66,4.69,4.65,23081,10370402.0,0.86,-0.21,-0.01,0.12,-17.446768599998904,395,9,101829.38165259993,9416.921652599922,19831
2002-09-03,600019,4.66,4.69,4.69,4.66,54310,24412623.0,0.64,0.64,0.03,0.29,594.9206200000044,396,1,102424.30227259993,8478.912272599922,20031
2002-09-04,600019,4.68,4.68,4.7,4.67,73947,33304170.0,0.64,-0.21,-0.01,0.39,-200.77870200002508,397,15,102223.52357059991,55348.64357059992,10016
2002-09-05,600019,4.67,4.63,4.68,4.62,87779,39136288.0,1.28,-1.07,-0.05,0.47,-501.35347020000336,398,10,101722.1701003999,1.070100399920193,21970
2002-09-06,600019,4.62,4.58,4.64,4.56,200982,88536465.0,1.73,-1.08,-0.05,1.07,-1099.3049807999778,399,18,100622.86511959993,80498.34511959992,4394
2002-09-09,600019,4.56,4.56,4.58,4.54,99312,43485261.0,0.87,-0.44,-0.02,0.53,-88.20193600001221,400,4,100534.66318359991,48304.42318359992,11454
2002-09-10,600019,4.54,4.55,4.58,4.54,23826,10424907.0,0.88,-0.22,-0.01,0.13,-114.73319299999275,401,4,100419.92999059992,28984.92999059992,15700
2002-09-11,600019,4.55,4.49,4.56,4.46,221701,95651076.0,2.2,-1.32,-0.06,1.18,-942.260824099998,402,9,99477.66916649992,2902.25916649992,21509
2002-09-12,600019,4.51,4.46,4.52,4.45,106725,45761312.0,1.56,-0.67,-0.03,0.57,-645.365890000001,403,11,98832.30327649992,12491.163276499921,19359
2002-09-13,600019,4.46,4.49,4.5,4.46,61868,26581996.0,0.9,0.67,0.03,0.33,580.6951068000053,404,6,99412.99838329993,5001.76838329992,21027
2002-09-16,600019,4.49,4.43,4.49,4.42,146905,62595008.0,1.56,-1.34,-0.06,0.78,-1261.6700147000229,405,10,98151.3283685999,0.2483685999204681,22156
2002-09-17,600019,4.43,4.42,4.46,4.39,48269,20445555.0,1.58,-0.23,-0.01,0.26,-321.5599999999831,406,7,97929.76836859992,0.2483685999204681,22156
2002-09-18,600019,4.4,4.4,4.43,4.39,30805,13011065.0,0.9,-0.45,-0.02,0.16,-543.1199999999953,407,9,97486.64836859993,0.2483685999204681,22156
2002-09-19,600019,4.38,4.48,4.51,4.38,71067,30262652.0,2.95,1.82,0.08,0.38,1772.0829823999957,408,14,99258.73135099992,39701.61135099992,13294
2002-09-20,600019,4.48,4.43,4.48,4.43,37764,16125003.0,1.12,-1.12,-0.05,0.2,-665.0533368000033,409,16,98593.67801419992,75034.93801419993,5318
2002-09-23,600019,4.42,4.45,4.47,4.4,10110,4294038.0,1.58,0.45,0.02,0.05,106.14702299999772,410,19,98699.82503719992,96332.42503719992,532
2002-09-24,600019,4.45,4.4,4.45,4.38,29329,12372792.0,1.57,-1.12,-0.05,0.16,-26.621031999995466,411,19,98673.20400519992,98435.60400519992,54
2002-09-25,600019,4.4,4.42,4.45,4.38,56752,24044887.0,1.59,0.45,0.02,0.3,0.29253279998374637,412,8,98673.4965379999,19688.09653799991,17870
2002-09-26,600019,4.4,4.43,4.44,4.4,32935,13973795.0,0.9,0.23,0.01,0.18,178.52284430000873,413,9,98852.01938229991,1972.349382299908,21869
2002-09-27,600019,4.43,4.46,4.49,4.42,73295,31324726.0,1.58,0.68,0.03,0.39,656.0581810000003,414,6,99508.07756329991,790.4375632999079,22134
2002-10-08,600019,4.45,4.41,4.45,4.4,30967,13127131.0,1.12,-1.12,-0.05,0.16,-1106.7039248999936,415,5,98401.37363839992,397.94363839990785,22223
2002-10-09,600019,4.41,4.28,4.41,4.26,108826,44869285.0,3.4,-2.95,-0.13,0.58,-2889.560652400003,416,16,95511.81298599992,57462.61298599991,8890
2002-10-10,600019,4.26,4.29,4.32,4.26,56294,23148659.0,1.4,0.23,0.01,0.3,88.74744759999157,417,14,95600.56043359991,72717.70043359991,5334
2002-10-11,600019,4.29,4.3,4.31,4.28,14059,5780022.0,0.7,0.23,0.01,0.07,53.24828100000741,418,14,95653.80871459992,81889.50871459991,3201
2002-10-14,600019,4.3,4.32,4.33,4.28,16592,6838349.0,1.16,0.47,0.02,0.09,63.964703999998164,419,14,95717.77341859991,87419.05341859991,1921
2002-10-15,600019,4.32,4.3,4.33,4.28,16738,6908315.0,1.16,-0.46,-0.02,0.09,-39.11930900000152,420,8,95678.65410959991,17487.454109599916,18184
2002-10-16,600019,4.29,4.35,4.38,4.29,39194,16330140.0,2.09,1.16,0.05,0.21,908.6463320000039,421,17,96587.30044159992,72853.70044159991,5456
2002-10-17,600019,4.34,4.29,4.34,4.27,55654,22893529.0,1.61,-1.38,-0.06,0.3,-327.5238351000153,422,17,96259.7766064999,89237.0466064999,1637
2002-10-18,600019,4.28,4.34,4.38,4.25,39816,16460810.0,3.03,1.17,0.05,0.21,81.40384800000174,423,5,96341.1804544999,44621.400454499904,11917
2002-10-21,600019,4.34,4.34,4.36,4.31,17235,7151650.0,1.15,0.0,0.0,0.09,-0.3569216000032611,424,8,96340.8235328999,8928.883532899905,20141
2002-10-22,600019,4.35,4.41,4.46,4.34,73983,31315007.0,2.76,1.61,0.07,0.39,1409.0706434000167,425,19,97749.89417629992,88863.74417629992,2015
2002-10-23,600019,4.42,4.43,4.49,4.41,36062,15373143.0,1.81,0.45,0.02,0.19,39.85571530001471,426,5,97789.74989159993,44434.829891599926,12044
2002-10-24,600019,4.43,4.41,4.46,4.38,23857,10095759.0,1.81,-0.45,-0.02,0.13,-240.968861500005,427,2,97548.78103009993,35548.591030099924,14059
2002-10-25,600019,4.41,4.41,4.46,4.38,65915,27934219.0,1.81,0.0,0.0,0.35,-0.07108920000609942,428,2,97548.70994089992,28439.599940899923,15671
2002-10-28,600019,4.41,4.37,4.44,4.36,50415,21278399.0,1.81,-0.91,-0.04,0.27,-627.0390098000062,429,7,96921.67093109991,8538.420931099921,20225
2002-10-31,600019,4.46,4.4,4.46,4.4,37893,16065124.0,1.37,0.69,0.03,0.2,606.7243920000037,430,3,97528.39532309992,5977.59532309992,20807
2002-11-01,600019,4.4,4.45,4.46,4.4,44691,19068914.0,1.36,1.14,0.05,0.24,1039.7019020000153,431,17,98568.09722509993,70786.74722509993,6243
2002-11-04,600019,4.48,4.49,4.5,4.45,31979,13756533.0,1.12,0.9,0.04,0.17,249.55184949999966,432,16,98817.64907459993,87601.62907459993,2498
2002-11-05,600019,4.49,4.5,4.53,4.47,121527,52371371.0,1.34,0.22,0.01,0.65,24.19164499998442,433,9,98841.84071959992,8765.340719599917,20017
2002-11-06,600019,4.51,4.46,4.52,4.46,49210,21154945.0,1.33,-0.89,-0.04,0.26,-801.304890600004,434,17,98040.53582899991,71253.77582899992,6006
2002-11-07,600019,4.47,4.53,4.58,4.47,354963,154461706.0,2.47,1.57,0.07,1.89,420.2295587999979,435,17,98460.76538779991,90297.70538779991,1802
2002-11-08,600019,4.6,4.53,4.6,4.46,263832,114581391.0,3.09,0.0,0.0,1.41,-0.016308000005665235,436,12,98460.7490797999,91928.48907979991,1442
2002-11-11,600019,4.51,4.49,4.55,4.47,53005,22844652.0,1.77,-0.88,-0.04,0.28,-57.86382060000324,437,2,98402.8852591999,73546.2452591999,5536
2002-11-12,600019,4.53,4.5,4.59,4.48,204559,89101310.0,2.45,0.22,0.01,1.09,55.160740000006626,438,18,98458.04599919991,93472.04599919991,1108
2002-11-13,600019,4.49,4.48,4.51,4.42,93576,40036443.0,2.0,-0.44,-0.02,0.5,-22.814259200007655,439,7,98435.2317399999,28045.4717399999,15712
2002-11-14,600019,4.48,4.43,4.49,4.4,74190,31612681.0,2.01,-1.12,-0.05,0.4,-785.8243352000136,440,8,97649.40740479989,5611.727404799902,20776
2002-11-15,600019,4.4,4.4,4.47,4.37,59965,25368873.0,2.26,-0.68,-0.03,0.32,-624.102711999978,441,19,97025.30469279991,87882.10469279991,2078
2002-11-18,600019,4.38,4.4,4.42,4.36,43128,18149738.0,1.36,0.0,0.0,0.23,-0.7908999999926891,442,9,97024.51379279992,8791.313792799905,20053
2002-11-19,600019,4.38,4.37,4.4,4.34,56958,23830512.0,1.36,-0.68,-0.03,0.3,-601.6339185000106,443,5,96422.8798742999,4399.419874299904,21058
2002-11-20,600019,4.36,4.33,4.37,4.32,62387,25920928.0,1.14,-0.92,-0.04,0.33,-842.3331631999899,444,3,95580.54671109992,3083.0867110999043,21362
2002-11-21,600019,4.32,4.28,4.33,4.27,105892,43505606.0,1.39,-1.15,-0.05,0.56,-1069.0142936000047,445,20,94511.53241749991,94511.53241749991,0
2002-11-22,600019,4.28,4.29,4.34,4.25,71992,29566906.0,2.1,0.23,0.01,0.38,-0.3780348000000231,446,4,94511.15438269991,56707.67438269991,8812
2002-11-25,600019,4.28,4.31,4.33,4.27,23729,9774998.0,1.4,0.47,0.02,0.13,176.2399999999907,447,0,94687.3943826999,56707.67438269991,8812
2002-11-26,600019,4.31,4.28,4.33,4.27,37204,15293134.0,1.39,-0.7,-0.03,0.2,-264.4733772000036,448,2,94422.9210054999,45369.841005499904,11461
2002-11-27,600019,4.28,4.31,4.33,4.2,205206,83305897.0,3.04,0.7,0.03,1.09,343.3763293999946,449,10,94766.2973348999,2.3273348999064183,21987
2002-11-28,600019,4.28,4.38,4.38,4.27,111325,46245099.0,2.55,1.62,0.07,0.59,1439.090000000011,450,6,96305.3873348999,2.3273348999064183,21987
2002-11-29,600019,4.39,4.37,4.41,4.34,135780,56995686.0,1.6,-0.23,-0.01,0.72,-319.86999999999534,451,5,96085.51733489991,2.3273348999064183,21987
2002-12-02,600019,4.37,4.3,4.37,4.3,56850,23542528.0,1.6,-1.6,-0.07,0.3,-1539.8463270000066,452,18,94545.6710078999,75634.27100789991,4398
2002-12-03,600019,4.28,4.34,4.35,4.28,24653,10226248.0,1.63,0.93,0.04,0.13,175.80551079999714,453,16,94721.4765186999,87083.0765186999,1760
2002-12-04,600019,4.35,4.33,4.36,4.31,34444,14320106.0,1.15,-0.23,-0.01,0.18,-17.676207999989856,454,20,94703.80031069991,94703.80031069991,0
2002-12-05,600019,4.3,4.3,4.33,4.29,17789,7338135.0,0.92,-0.69,-0.03,0.09,-500.0,455,19,94703.80031069991,94703.80031069991,0
2002-12-06,600019,4.29,4.31,4.34,4.28,21229,8750204.0,1.4,0.23,0.01,0.11,-0.37876279999909457,456,4,94703.42154789991,56827.14154789991,8788
2002-12-09,600019,4.31,4.28,4.32,4.28,38296,15789457.0,0.93,-0.7,-0.03,0.2,-263.6399999999994,457,0,94439.78154789991,56827.14154789991,8788
2002-12-10,600019,4.27,4.27,4.32,4.26,51426,21168072.0,1.4,-0.23,-0.01,0.27,-87.99362470000051,458,2,94351.78792319991,45464.557923199915,11449
2002-12-11,600019,4.27,4.28,4.28,4.25,33248,13581745.0,0.7,0.23,0.01,0.18,114.19600680001895,459,16,94465.98392999993,74863.58392999992,4580
2002-12-12,600019,4.28,4.24,4.33,4.24,46741,19148740.0,2.1,-0.93,-0.04,0.25,-183.25825760001317,460,13,94282.72567239992,80689.28567239991,3206
2002-12-13,600019,4.24,4.27,4.29,4.23,37106,15138701.0,1.42,0.71,0.03,0.2,96.12525859999005,461,14,94378.8509309999,86163.37093099991,1924
2002-12-16,600019,4.27,4.31,4.31,4.27,23672,9757272.0,0.94,0.94,0.04,0.13,76.91853780001111,462,15,94455.76946879992,90309.54946879992,962
2002-12-17,600019,4.31,4.33,4.33,4.29,18285,7552997.0,0.93,0.46,0.02,0.1,19.198345400000107,463,20,94474.96781419992,94474.96781419992,0
2002-12-18,600019,4.33,4.34,4.36,4.32,60927,25346868.0,0.92,0.23,0.01,0.32,-0.7557675999996718,464,8,94474.21204659992,18897.452046599923,17414
2002-12-19,600019,4.34,4.35,4.36,4.33,48532,20223817.0,0.69,0.23,0.01,0.26,173.95103599999857,465,10,94648.16308259992,0.8630825999243825,21758
2002-12-20,600019,4.35,4.38,4.39,4.33,65680,27468684.0,1.38,0.69,0.03,0.35,552.7400000000052,466,10,95300.90308259992,0.8630825999243825,21758
2002-12-23,600019,4.4,4.37,4.4,4.37,56683,23828905.0,0.68,-0.23,-0.01,0.3,-218.34064219998254,467,18,95082.56244039994,76064.32244039993,4352
2002-12-24,600019,4.38,4.38,4.39,4.36,64145,26896887.0,0.69,0.23,0.01,0.34,43.51999999998952,468,0,95126.08244039993,76064.32244039993,4352
2002-12-25,600019,4.38,4.36,4.38,4.36,42126,17649268.0,0.46,-0.46,-0.02,0.22,-87.11586399999214,469,14,95038.96657639994,83650.64657639993,2612
2002-12-26,600019,4.36,4.33,4.37,4.31,158297,65806680.0,1.38,-0.69,-0.03,0.84,-79.0291582000209,470,8,94959.93741819992,16734.157418199917,18066
2002-12-27,600019,4.33,4.32,4.35,4.31,93297,38679697.0,0.92,-0.23,-0.01,0.5,-180.73801919998368,471,11,94779.19939899993,24535.999398999917,16260
2002-12-30,600019,4.33,4.3,4.34,4.3,166488,68839133.0,0.93,-0.46,-0.02,0.89,-325.2490630000102,472,2,94453.95033599992,19629.650335999915,17401
2002-12-31,600019,4.3,4.3,4.32,4.26,68110,27974279.0,1.4,0.0,0.0,0.36,-0.6733799999929033,473,19,94453.27695599993,86966.97695599993,1741
2003-01-02,600019,4.28,4.22,4.29,4.21,102561,41669861.0,1.86,-1.86,-0.08,0.55,-139.4539061999967,474,2,94313.82304979993,69576.18304979993,5862
2003-01-03,600019,4.22,4.21,4.23,4.21,90574,36567358.0,0.47,-0.24,-0.01,0.48,-59.315744600011385,475,10,94254.50730519992,1.02730519992474,22388
2003-01-06,600019,4.21,4.22,4.22,4.19,90258,36330175.0,0.71,0.24,0.01,0.48,223.88000000000466,476,0,94478.38730519993,1.02730519992474,22388
2003-01-07,600019,4.22,4.23,4.23,4.21,29744,12024258.0,0.47,0.24,0.01,0.16,223.69062290001602,477,12,94702.07792809994,18938.547928099928,17911
2003-01-08,600019,4.22,4.38,4.43,4.22,181829,74940053.0,4.96,3.55,0.15,0.97,2686.5742697999813,478,4,97388.65219789992,11365.45219789993,19640
2003-01-09,600019,4.37,4.42,4.48,4.31,256926,108299033.0,3.88,0.91,0.04,1.37,785.5772811999923,479,2,98174.22947909991,9093.54947909993,20154
2003-01-10,600019,4.42,4.38,4.5,4.36,205694,87975108.0,3.17,-0.9,-0.04,1.1,-806.2236413999781,480,7,97368.00583769994,2729.3458376999297,21607
2003-01-13,600019,4.38,4.39,4.43,4.36,21901,9211983.0,1.6,0.23,0.01,0.12,215.40605639999558,481,17,97583.41189409993,69123.04189409994,6483
2003-01-14,600019,4.39,4.77,4.81,4.38,1560427,707474633.0,9.79,8.66,0.38,8.31,2463.447271199999,482,13,100046.85916529993,78395.82916529993,4539
2003-01-15,600019,4.76,4.65,4.81,4.58,677144,304115319.0,4.82,-2.52,-0.12,3.61,-545.463943499999,483,10,99501.39522179993,0.6952217999205459,21398
2003-01-16,600019,4.65,4.8,4.83,4.61,1065671,489213966.0,4.73,3.23,0.15,5.68,3109.6999999999825,484,8,102711.09522179991,0.6952217999205459,21398
2003-01-17,600019,4.81,4.74,4.83,4.72,348504,159662690.0,2.29,-1.25,-0.06,1.86,-1284.5899571999907,485,17,101426.50526459992,70995.70526459992,6420
2003-01-20,600019,4.77,4.83,4.88,4.72,471033,218028404.0,3.38,1.9,0.09,2.51,577.5160442999913,486,4,102004.02130889992,42599.85130889992,12299
2003-01-21,600019,4.83,4.7,4.84,4.69,364898,166616311.0,3.11,-2.69,-0.13,1.94,-1598.9977459999936,487,3,100405.02356289992,29825.123562899917,15017
2003-01-22,600019,4.68,4.68,4.75,4.67,140067,63387439.0,1.7,-0.43,-0.02,0.75,-300.4891048000136,488,5,100104.53445809991,14914.494458099916,18203
2003-01-23,600019,4.68,4.71,4.75,4.68,131613,59845277.0,1.5,0.64,0.03,0.7,545.747064900017,489,14,100650.28152299993,49207.661522999915,10922
2003-01-24,600019,4.72,4.82,4.91,4.72,567097,263373913.0,4.03,2.34,0.11,3.02,1201.173987199989,490,5,101851.45551019991,24606.13551019991,16026
2003-01-27,600019,4.84,4.86,4.93,4.81,348495,163959978.0,2.49,0.83,0.04,1.86,640.8186270000006,491,9,102492.27413719991,2468.6141371999074,20581
2003-01-28,600019,4.86,4.88,4.92,4.84,215051,101137447.0,1.65,0.41,0.02,1.15,411.6077023999824,492,5,102903.8818395999,1238.8418395999074,20833
2003-01-29,600019,4.88,4.89,4.96,4.87,454991,216052318.0,1.84,0.2,0.01,2.42,208.32877750000625,493,1,103112.2106170999,1116.5906170999074,20858
2003-02-10,600019,4.89,4.84,4.9,4.78,174185,81698374.0,2.45,-1.02,-0.05,0.93,-1043.707602399998,494,18,102068.5030146999,81876.02301469991,4172
2003-02-11,600019,4.84,4.88,4.9,4.84,71491,33539258.0,1.24,0.83,0.04,0.38,166.67640640000172,495,20,102235.1794210999,102235.1794210999,0
2003-02-12,600019,4.88,4.95,5.01,4.86,224076,106613549.0,3.07,1.43,0.07,1.19,-1.022323500001221,496,10,102234.1570975999,1.807097599899862,20653
2003-02-13,600019,4.96,4.91,4.98,4.89,164996,78496402.0,1.82,-0.81,-0.04,0.88,-826.5256150999921,497,14,101407.63148249991,40562.911482499905,12392
2003-02-14,600019,4.9,4.9,4.93,4.87,98730,46521404.0,1.22,-0.2,-0.01,0.53,-124.12281100000837,498,5,101283.5086714999,20281.6086714999,16531
2003-02-17,600019,4.9,4.82,4.91,4.78,224344,104607203.0,2.65,-1.63,-0.08,1.2,-1322.9580475999974,499,16,99960.55062389991,68085.8906238999,6613
2003-02-18,600019,4.82,4.86,4.9,4.8,148847,69547046.0,2.07,0.83,0.04,0.79,264.4557507999998,500,12,100225.00637469991,74510.7463746999,5291
2003-02-19,600019,4.87,4.87,4.89,4.82,73413,34295005.0,1.44,0.21,0.01,0.39,52.76102669999818,501,2,100277.7674013999,59613.2674013999,8350
2003-02-20,600019,4.88,4.95,5.0,4.87,349106,166505788.0,2.67,1.64,0.08,1.86,667.4635684999957,502,9,100945.2309698999,5969.580969899893,19187
2003-02-21,600019,4.95,4.91,4.98,4.9,274301,130304703.0,1.62,-0.81,-0.04,1.46,-767.4800000000105,503,0,100177.75096989989,5969.580969899893,19187
2003-02-24,600019,4.9,5.0,5.05,4.87,376912,181752048.0,3.67,1.83,0.09,2.01,1725.8706500000117,504,20,101903.6216198999,101903.6216198999,0
2003-02-25,600019,5.0,5.07,5.1,4.99,380349,185905286.0,2.2,1.4,0.07,2.03,-1.0190193000016734,505,10,101902.6026005999,0.6726005998934852,20099
2003-02-26,600019,5.08,5.08,5.11,5.07,210173,103164291.0,0.79,0.2,0.01,1.12,200.27529479999794,506,17,102102.8778953999,71470.4778953999,6030
2003-02-27,600019,5.09,5.06,5.12,5.05,161623,79291798.0,1.38,-0.39,-0.02,0.86,-120.81358259999251,507,17,101982.0643127999,92828.52431279991,1809
2003-02-28,600019,5.06,5.11,5.13,5.02,187960,92043394.0,2.17,0.99,0.05,1.0,89.70741480001016,508,8,102071.77172759992,18569.261727599907,16341
2003-03-03,600019,5.11,5.25,5.26,5.08,607415,305187282.0,3.52,2.74,0.14,3.24,2287.5729449999926,509,9,104359.34467259991,1863.5946725999056,19523
2003-03-04,600019,5.26,5.23,5.29,5.2,215333,109123270.0,1.71,-0.38,-0.02,1.15,-391.07258989999536,510,16,103968.27208269991,63121.97208269991,7810
2003-03-05,600019,5.23,5.25,5.26,5.16,220385,110523475.0,1.91,0.38,0.02,1.17,156.1999999999971,511,0,104124.47208269991,63121.97208269991,7810
2003-03-06,600019,5.23,5.17,5.25,5.14,183211,91516990.0,2.1,-1.52,-0.08,0.98,-625.2418281999999,512,7,103499.23025449991,18938.710254499907,16356
2003-03-07,600019,5.16,5.15,5.19,5.11,191961,95470209.0,1.55,-0.39,-0.02,1.02,-327.9623339999962,513,20,103171.26792049991,103171.26792049991,0
2003-03-10,600019,5.13,5.07,5.16,5.06,182327,89646572.0,1.94,-1.55,-0.08,0.97,-500.0,514,14,103171.26792049991,103171.26792049991,0
2003-03-11,600019,5.06,5.05,5.08,5.03,125147,60962653.0,0.99,-0.39,-0.02,0.67,-500.0,515,20,103171.26792049991,103171.26792049991,0
2003-03-12,600019,5.05,5.15,5.16,5.05,149103,73503257.0,2.18,1.98,0.1,0.79,-0.9284935000032419,516,9,103170.33942699991,10320.989426999906,18029
2003-03-13,600019,5.15,5.1,5.18,5.08,102476,50735851.0,1.94,-0.97,-0.05,0.55,-901.4500000000116,517,0,102268.8894269999,10320.989426999906,18029
2003-03-14,600019,5.1,5.11,5.15,5.08,100144,49508860.0,1.37,0.2,0.01,0.53,180.1868291000137,518,10,102449.07625609991,3.796256099905804,20048
2003-03-17,600019,5.1,5.16,5.17,5.06,88648,43796726.0,2.15,0.98,0.05,0.47,902.3999999999942,519,4,103451.47625609991,3.796256099905804,20048
2003-03-18,600019,5.13,5.14,5.22,5.13,170423,85192327.0,1.74,-0.39,-0.02,0.91,-500.96000000002095,520,5,103050.51625609989,3.796256099905804,20048
2003-03-19,600019,5.13,5.18,5.19,5.11,136783,68140036.0,1.56,0.78,0.04,0.73,801.1930906000198,521,17,103851.7093466999,72694.00934669991,6015
2003-03-20,600019,5.18,5.13,5.19,5.13,122956,61299611.0,1.16,-0.97,-0.05,0.66,-300.75,522,0,103550.9593466999,72694.00934669991,6015
2003-03-21,600019,5.13,5.16,5.17,5.11,71471,35460582.0,1.17,0.58,0.03,0.38,180.17068920000747,523,19,103731.13003589991,100624.8100358999,602
2003-03-24,600019,5.16,5.18,5.19,5.15,53143,26515736.0,0.78,0.39,0.02,0.28,11.134432399994694,524,9,103742.26446829991,10067.144468299914,18084
2003-03-25,600019,5.19,5.19,5.21,5.15,137575,68740541.0,1.16,0.19,0.01,0.73,179.99532750001526,525,19,103922.25979579992,94533.54979579992,1809
2003-03-26,600019,5.19,5.18,5.2,5.17,67580,33794875.0,0.58,-0.19,-0.01,0.36,-18.27901820000261,526,2,103903.98077759992,75631.54077759992,5458
2003-03-27,600019,5.18,5.28,5.36,5.14,271169,137908328.0,4.25,1.93,0.1,1.44,545.1949648000009,527,8,104449.17574239992,15127.415742399913,16917
2003-03-28,600019,5.27,5.24,5.33,5.23,234390,119777471.0,1.89,-0.76,-0.04,1.25,-676.7686084000015,528,11,103772.40713399992,23988.167133999916,15226
2003-03-31,600019,5.24,5.34,5.36,5.24,231024,118886464.0,2.29,1.91,0.1,1.23,1522.504093599986,529,4,105294.9112275999,14397.431227599916,17022
2003-04-01,600019,5.34,5.34,5.37,5.32,150300,77691432.0,0.94,0.0,0.0,0.8,-0.07198319998860825,530,5,105294.83924439992,7199.039244399916,18370
2003-04-02,600019,5.34,5.33,5.38,5.3,159151,82269927.0,1.5,-0.19,-0.01,0.85,-183.6999999999971,531,0,105111.13924439992,7199.039244399916,18370
2003-04-03,600019,5.33,5.26,5.36,5.26,166440,85038902.0,1.88,-1.31,-0.07,0.89,-1285.9000000000087,532,0,103825.23924439991,7199.039244399916,18370
2003-04-04,600019,5.26,5.25,5.3,5.24,153132,77940268.0,1.14,-0.19,-0.01,0.82,-183.7143849999993,533,2,103641.52485939991,5760.524859399916,18644
2003-04-07,600019,5.26,5.28,5.36,5.26,136138,69763415.0,1.9,0.57,0.03,0.73,558.5324879999971,534,18,104200.05734739991,84510.93734739991,3729
2003-04-08,600019,5.34,5.44,5.49,5.3,714601,374931870.0,3.6,3.03,0.16,3.81,596.4980160000123,535,17,104796.55536339992,98709.19536339992,1119
2003-04-09,600019,5.45,5.58,5.61,5.44,680880,365274585.0,3.13,2.57,0.14,3.63,155.8703741999925,536,8,104952.42573759992,19745.82573759991,15270
2003-04-10,600019,5.63,5.58,5.73,5.52,1044492,570590739.0,3.76,0.0,0.0,5.56,0.0,537,0,104952.42573759992,19745.82573759991,15270
2003-04-11,600019,5.58,5.79,5.86,5.53,1215887,674004693.0,5.91,3.76,0.21,6.48,3206.0811069000047,538,17,108158.50684449992,81634.51684449991,4581
2003-04-14,600019,5.81,6.03,6.06,5.78,1334682,763102324.0,4.84,4.15,0.24,7.11,1099.4399999999878,539,0,109257.94684449991,81634.51684449991,4581
2003-04-15,600019,6.03,5.99,6.12,5.92,931085,543229419.0,3.32,-0.66,-0.04,4.96,-183.45947359998536,540,18,109074.48737089992,103581.65737089992,917
2003-04-16,600019,5.98,5.94,6.09,5.85,873193,504284295.0,4.01,-0.83,-0.05,4.65,-45.904469800007064,541,20,109028.58290109992,109028.58290109992,0
2003-04-17,600019,5.94,5.95,6.01,5.86,775022,445871360.0,2.53,0.17,0.01,4.13,-0.654083500005072,542,6,109027.92881759991,43619.57881759991,10993
2003-04-18,600019,5.97,5.73,5.98,5.69,631865,354888092.0,4.87,-3.7,-0.22,3.37,-2418.6489180999924,543,13,106609.27989949992,62511.199899499916,7696
2003-04-21,600019,5.68,5.56,5.68,5.43,508332,272264805.0,4.36,-2.97,-0.17,2.71,-1308.6622736000136,544,18,105300.6176258999,96738.21762589991,1540
2003-04-22,600019,5.54,5.58,5.62,5.51,166628,89747044.0,1.98,0.36,0.02,0.89,30.80000000000291,545,0,105331.4176258999,96738.21762589991,1540
2003-04-23,600019,5.58,5.41,5.58,5.4,343416,181194903.0,3.23,-3.05,-0.17,1.83,-262.5738463999878,546,8,105068.84377949992,19352.80377949991,15844
2003-04-25,600019,5.31,5.25,5.39,5.23,500676,256645758.0,2.96,-2.96,-0.16,2.67,-2535.059320000015,547,1,102533.7844594999,17420.78445949991,16212
2003-04-28,600019,5.25,5.64,5.73,5.2,770154,409187833.0,10.1,7.43,0.39,4.1,6322.558119600013,548,7,108856.34257909992,5232.622579099912,18373
2003-04-29,600019,5.62,5.46,5.62,5.38,374913,199869063.0,4.26,-3.19,-0.18,2.0,-3307.1923068000033,549,10,105549.15027229991,1.890272299911885,19331
2003-04-30,600019,5.49,5.52,5.72,5.48,496925,268493548.0,4.4,1.1,0.06,2.65,1159.859999999986,550,0,106709.0102722999,1.890272299911885,19331
2003-05-12,600019,5.58,5.71,5.8,5.52,613979,338690175.0,5.07,3.44,0.19,3.27,3672.5588771000184,551,13,110381.56914939992,33113.84914939992,13532
2003-05-13,600019,5.73,5.66,5.9,5.65,612210,340429155.0,4.38,-0.88,-0.05,3.26,-676.8979989999934,552,9,109704.67115039992,3313.6511503999136,18797
2003-05-14,600019,5.66,5.77,5.81,5.6,357996,199313811.0,3.71,1.94,0.11,1.91,2067.656786699983,553,4,111772.32793709991,1992.3079370999135,19026
2003-05-15,600019,5.78,5.87,5.99,5.77,665018,381151205.0,3.81,1.73,0.1,3.54,1901.8182334000303,554,17,113674.14617049994,80168.18617049993,5708
2003-05-16,600019,5.88,5.88,5.9,5.8,275280,156434520.0,1.7,0.17,0.01,1.47,56.759363599980134,555,4,113730.90553409992,48104.225534099925,11161
2003-05-19,600019,5.93,5.76,5.93,5.73,382028,214202825.0,3.4,-2.04,-0.12,2.04,-1339.5771263999923,556,14,112391.32840769993,73816.60840769993,6697
2003-05-20,600019,5.73,5.68,5.78,5.65,216944,119704543.0,2.26,-1.39,-0.08,1.16,-536.0552464000066,557,4,111855.27316129992,44291.67316129993,11895
2003-05-21,600019,5.68,5.58,5.73,5.57,417529,227473335.0,2.82,-1.76,-0.1,2.22,-1189.6327481999906,558,12,110665.64041309993,57566.36041309993,9516
2003-05-22,600019,5.58,5.67,5.67,5.54,166462,90563759.0,2.33,1.61,0.09,0.89,856.0370897999965,559,7,111521.67750289993,17274.937502899927,16622
2003-05-23,600019,5.67,5.71,5.83,5.64,470107,261399828.0,3.35,0.71,0.04,2.5,664.8800000000047,560,0,112186.55750289993,17274.937502899927,16622
2003-05-26,600019,5.71,5.67,5.72,5.6,339356,185987103.0,2.1,-0.7,-0.04,1.81,-664.9835908999958,561,6,111521.57391199993,6915.743911999927,18449
2003-05-27,600019,5.66,5.63,5.68,5.56,332104,180231556.0,2.12,-0.71,-0.04,1.77,-738.2715642000112,562,13,110783.30234779992,38071.852347799926,12915
2003-05-28,600019,5.61,5.5,5.64,5.48,277961,149646435.0,2.84,-2.31,-0.13,1.48,-1679.447199999995,563,17,109103.85514779993,87791.35514779993,3875
2003-05-29,600019,5.49,5.58,5.58,5.46,227786,121317440.0,2.18,1.45,0.08,1.21,309.20992779999506,564,9,109413.06507559992,8783.345075599922,18034
2003-05-30,600019,5.57,5.56,5.6,5.54,113231,60976697.0,1.08,-0.36,-0.02,0.6,-360.70629879999615,565,3,109052.35877679993,6153.438776799922,18507
2003-06-02,600019,5.56,5.52,5.57,5.48,81599,43463263.0,1.62,-0.72,-0.04,0.43,-740.9950607999926,566,17,108311.36371599993,77658.80371599994,5553
2003-06-03,600019,5.52,5.52,5.62,5.52,118284,63697228.0,1.81,0.0,0.0,0.63,-0.621220800006995,567,8,108310.74249519993,15536.102495199935,16807
2003-06-04,600019,5.52,5.69,5.81,5.49,514073,281221311.0,5.8,3.08,0.17,2.74,2857.0346630000276,568,10,111167.77715819996,2.247158199934347,19537
2003-06-05,600019,5.69,5.55,5.69,5.53,236281,127907006.0,2.81,-2.46,-0.14,1.26,-2835.180000000022,569,7,108432.59715819993,2.247158199934347,19537
2003-06-06,600019,5.54,5.49,5.58,5.47,268359,142701753.0,1.98,-1.08,-0.06,1.43,-1272.2200000000012,570,7,107260.37715819993,2.247158199934347,19537
2003-06-09,600019,5.49,5.54,5.59,5.46,194058,103450562.0,2.37,0.91,0.05,1.03,976.8500000000058,571,0,108237.22715819994,2.247158199934347,19537
2003-06-10,600019,5.54,5.56,5.57,5.51,71423,38304539.0,1.08,0.36,0.02,0.38,389.65374280000106,572,20,108626.88090099994,108626.88090099994,0
2003-06-11,600019,5.58,5.64,5.69,5.57,389907,212876110.0,2.16,1.44,0.08,2.08,-500.0,573,17,108626.88090099994,108626.88090099994,0
2003-06-12,600019,5.66,5.65,5.68,5.62,108204,59157178.0,1.06,0.18,0.01,0.58,-500.0,574,13,108626.88090099994,108626.88090099994,0
2003-06-13,600019,5.67,5.72,5.78,5.67,466386,258593342.0,1.95,1.24,0.07,2.48,-0.760359600011725,575,7,108626.12054139993,32590.160541399935,13293
2003-06-16,600019,5.73,5.68,5.77,5.64,243648,134159896.0,2.27,-0.7,-0.04,1.3,-531.8502991999994,576,4,108094.27024219993,19560.110242199935,15587
2003-06-17,600019,5.69,5.7,5.72,5.63,186424,102644474.0,1.58,0.35,0.02,0.99,311.0292670000199,577,18,108405.29950919995,90632.69950919994,3118
2003-06-18,600019,5.75,5.71,5.75,5.7,159617,85358087.0,0.88,0.18,0.01,0.85,30.726854399981676,578,5,108436.02636359993,45317.68636359994,11054
2003-06-19,600019,5.71,5.6,5.72,5.56,184795,96948017.0,2.8,-1.93,-0.11,0.98,-1216.2571840000019,579,7,107219.76917959993,13598.969179599939,16718
2003-06-20,600019,5.59,5.56,5.64,5.56,83920,43820796.0,1.43,-0.71,-0.04,0.45,-668.8559419999947,580,10,106550.91323759993,4.633237599939093,19163
2003-06-23,600019,5.56,5.56,5.6,5.55,170419,88413709.0,0.9,0.0,0.0,0.91,-100.0,581,2,106550.91323759993,4.633237599939093,19163
2003-06-24,600019,5.56,5.56,5.59,5.54,153973,79901313.0,0.9,0.0,0.0,0.82,-100.0,582,7,106550.91323759993,4.633237599939093,19163
2003-06-25,600019,5.56,5.54,5.59,5.53,122113,63309354.0,1.08,-0.36,-0.02,0.65,-483.25999999999476,583,9,106167.65323759994,4.633237599939093,19163
2003-06-26,600019,5.53,5.54,5.58,5.47,269989,138939823.0,1.99,0.0,0.0,1.44,0.0,584,0,106167.65323759994,4.633237599939093,19163
2003-06-27,600019,5.56,5.48,5.57,5.47,110033,56262951.0,1.81,-1.08,-0.06,0.59,-1149.7799999999988,585,0,105017.87323759994,4.633237599939093,19163
2003-06-30,600019,5.48,5.49,5.52,5.46,83890,42790934.0,1.09,0.18,0.01,0.45,91.63000000000466,586,2,105209.50323759994,4.633237599939093,19163
2003-07-01,600019,5.49,5.51,5.58,5.48,163597,84538027.0,1.82,0.36,0.02,0.87,283.2599999999802,587,8,105592.76323759992,4.633237599939093,19163
2003-07-02,600019,5.51,5.6,5.62,5.51,153836,80015711.0,2.0,1.63,0.09,0.82,1724.348112000007,588,13,107317.11134959993,32193.111349599938,13415
2003-07-03,600019,5.61,5.61,5.65,5.59,179480,94033034.0,1.07,0.18,0.01,0.96,134.02125050000905,589,4,107451.13260009994,19318.032600099934,15710
2003-07-04,600019,5.63,5.59,5.66,5.58,121800,63771416.0,1.43,-0.36,-0.02,0.65,-314.37379310002143,590,9,107136.75880699992,1938.54880699993,18819
2003-07-07,600019,5.59,5.61,5.63,5.55,95367,49755105.0,1.43,0.36,0.02,0.51,376.36451640001906,591,8,107513.12332339994,390.1733233999298,19095
2003-07-08,600019,5.63,5.62,5.66,5.59,84240,44208468.0,1.25,0.18,0.01,0.45,190.73537219998252,592,12,107703.85869559992,21852.738695599928,15276
2003-07-09,600019,5.63,5.67,5.67,5.61,183842,96786277.0,1.07,0.89,0.05,0.98,762.9338508000073,593,20,108466.79254639993,108466.79254639993,0
2003-07-10,600019,5.68,5.88,6.0,5.68,1272934,696048998.0,5.64,3.7,0.21,6.78,-500.0,594,20,108466.79254639993,108466.79254639993,0
2003-07-11,600019,5.88,5.82,5.88,5.81,308952,168649003.0,1.19,-1.02,-0.06,1.65,-1.0846152000012808,595,10,108465.70793119993,4.187931199921877,18636
2003-07-14,600019,5.82,5.81,5.88,5.79,123982,67514805.0,1.55,-0.17,-0.01,0.66,-286.36000000001513,596,8,108279.34793119991,4.187931199921877,18636
2003-07-15,600019,5.81,5.86,5.91,5.81,225031,123406049.0,1.72,0.86,0.05,1.2,831.8000000000175,597,3,109211.14793119993,4.187931199921877,18636
2003-07-16,600019,5.86,5.89,5.89,5.84,146099,80180018.0,0.85,0.51,0.03,0.78,559.0799999999872,598,0,109770.22793119992,4.187931199921877,18636
2003-07-17,600019,5.89,5.95,5.96,5.87,515757,286275290.0,1.53,1.02,0.06,2.75,1118.1600000000035,599,0,110888.38793119992,4.187931199921877,18636
2003-07-18,600019,5.95,5.82,5.96,5.82,443066,243595905.0,2.35,-2.18,-0.13,2.36,-2422.679999999993,600,0,108465.70793119993,4.187931199921877,18636
2003-07-21,600019,5.82,5.83,5.86,5.79,278526,151660359.0,1.2,0.17,0.01,1.48,185.92543179998756,601,14,108651.63336299991,43460.57336299992,11182
2003-07-22,600019,5.98,5.88,5.98,5.82,356298,195695938.0,2.74,0.86,0.05,1.9,558.795827599999,602,7,109210.42919059991,13043.029190599922,16355
2003-07-23,600019,5.9,5.92,5.92,5.85,197072,108721086.0,1.19,0.68,0.04,1.05,654.147844799998,603,4,109864.57703539991,7827.4570353999225,17236
2003-07-24,600019,5.92,5.95,6.01,5.88,505815,282487829.0,2.2,0.51,0.03,2.69,516.1570360000333,604,19,110380.73407139994,100122.93407139994,1724
2003-07-25,600019,5.95,5.88,5.99,5.86,382679,211360651.0,2.18,-1.18,-0.07,2.04,-120.78007759999309,605,1,110259.95399379995,90115.07399379995,3426
2003-07-28,600019,5.86,5.87,5.89,5.82,97294,53296714.0,1.19,-0.17,-0.01,0.52,-34.32028489999357,606,13,110225.63370889996,96143.50370889995,2399
2003-07-29,600019,5.88,5.96,5.99,5.88,252611,140818510.0,1.87,1.53,0.09,1.35,215.42932599998312,607,5,110441.06303489994,48075.623034899945,10464
2003-07-30,600019,5.97,6.06,6.06,5.96,569124,321777832.0,1.68,1.68,0.1,3.03,1045.9673765999905,608,9,111487.03041149993,4812.850411499945,17603
2003-07-31,600019,6.07,6.03,6.1,6.03,255123,144950988.0,1.16,-0.5,-0.03,1.36,-528.6207002999727,609,15,110958.40971119996,57882.349711199946,8802
2003-08-01,600019,6.03,6.02,6.03,5.97,187089,105116770.0,1.0,-0.17,-0.01,1.0,-88.54988040000899,610,20,110869.85983079995,110869.85983079995,0
2003-08-04,600019,6.02,6.05,6.05,5.97,121650,68492874.0,1.33,0.5,0.03,0.65,0.0,611,0,110869.85983079995,110869.85983079995,0
2003-08-05,600019,6.05,6.02,6.06,6.0,111468,62892768.0,0.99,-0.5,-0.03,0.59,-500.0,612,12,110869.85983079995,110869.85983079995,0
2003-08-06,600019,6.0,5.95,6.02,5.95,172116,96286898.0,1.16,-1.16,-0.07,0.92,-500.0,613,20,110869.85983079995,110869.85983079995,0
2003-08-07,600019,5.94,5.94,5.99,5.92,97026,54025378.0,1.18,-0.17,-0.01,0.52,-0.11084040001151152,614,1,110869.74899039994,99785.70899039994,1866
2003-08-08,600019,5.94,5.88,5.95,5.87,134623,74281647.0,1.35,-1.01,-0.06,0.72,-112.00386479998997,615,14,110757.74512559995,104172.14512559994,1120
2003-08-11,600019,5.87,5.91,5.91,5.85,65945,36283363.0,1.02,0.51,0.03,0.35,33.53380799999286,616,20,110791.27893359994,110791.27893359994,0
2003-08-12,600019,5.89,5.94,5.97,5.88,54431,30185544.0,1.52,0.51,0.03,0.29,-0.22156200000608806,617,2,110791.05737159993,88634.85737159994,3730
2003-08-13,600019,5.95,5.84,5.95,5.82,122421,67107469.0,2.19,-1.68,-0.1,0.65,-373.44313919999695,618,5,110417.61423239994,44320.494232399935,11318
2003-08-14,600019,5.83,5.8,5.87,5.77,141454,76800994.0,1.71,-0.68,-0.04,0.75,-453.11880799999926,619,9,109964.49542439994,4439.295424399934,18194
2003-08-15,600019,5.79,5.83,5.84,5.77,71900,38942641.0,1.21,0.52,0.03,0.38,545.820000000007,620,0,110510.31542439995,4439.295424399934,18194
2003-08-18,600019,5.82,5.79,5.83,5.77,62822,33984859.0,1.03,-0.69,-0.04,0.33,-727.7688587000011,621,2,109782.54656569994,3553.416565699934,18347
2003-08-19,600019,5.78,5.81,5.83,5.78,31492,17089845.0,0.86,0.35,0.02,0.17,366.90450089998194,622,10,110149.45106659993,3.4710665999336925,18958
2003-08-20,600019,5.8,5.83,5.85,5.76,111432,60475375.0,1.55,0.34,0.02,0.59,378.6073743000161,623,15,110528.05844089994,55265.488440899935,9479
2003-08-21,600019,5.82,5.84,5.85,5.79,82644,44964611.0,1.03,0.17,0.01,0.44,94.7899999999936,624,0,110622.84844089994,55265.488440899935,9479
2003-08-22,600019,5.83,5.85,5.88,5.78,62212,34066058.0,1.71,0.17,0.01,0.33,94.23740899999393,625,10,110717.08584989993,5.835849899929599,18925
2003-08-25,600019,5.81,5.85,5.89,5.8,81767,44639640.0,1.54,0.0,0.0,0.44,-100.0,626,5,110717.08584989993,5.835849899929599,18925
2003-08-26,600019,5.83,5.87,5.88,5.83,53469,29291213.0,0.85,0.34,0.02,0.28,278.5,627,2,111095.58584989993,5.835849899929599,18925
2003-08-27,600019,5.87,5.89,5.9,5.86,63271,34799349.0,0.68,0.34,0.02,0.34,278.5,628,2,111474.08584989993,5.835849899929599,18925
2003-08-28,600019,5.88,5.84,5.89,5.84,40516,22230716.0,0.85,-0.85,-0.05,0.22,-947.3552199999976,629,20,110526.73062989993,110526.73062989993,0
2003-08-29,600019,5.82,5.87,5.87,5.81,63261,34581648.0,1.03,0.51,0.03,0.34,0.0,630,0,110526.73062989993,110526.73062989993,0
2003-09-01,600019,5.87,5.94,5.96,5.85,115467,63945402.0,1.87,1.19,0.07,0.62,-500.0,631,13,110526.73062989993,110526.73062989993,0
2003-09-02,600019,5.94,5.93,5.97,5.91,77974,43347325.0,1.01,-0.17,-0.01,0.42,-0.5526167000061832,632,5,110526.17801319993,55264.50801319993,9319
2003-09-03,600019,5.95,5.91,5.96,5.9,59103,32834553.0,1.01,-0.34,-0.02,0.31,-186.65629249998892,633,5,110339.52172069994,27634.981720699925,13994
2003-09-04,600019,5.91,5.92,5.95,5.89,67743,37562010.0,1.02,0.17,0.01,0.36,139.60865759997978,634,14,110479.13037829992,60768.890378299926,8397
2003-09-05,600019,5.93,5.87,5.93,5.86,89690,49362049.0,1.18,-0.84,-0.05,0.48,-419.89924929998233,635,11,110059.23112899993,65693.77112899993,7558
2003-09-08,600019,5.86,5.88,5.89,5.83,72322,39677318.0,1.02,0.17,0.01,0.39,75.44864079999388,636,2,110134.67976979993,52557.71976979993,9792
2003-09-09,600019,5.88,5.85,5.88,5.84,48651,26674095.0,0.68,-0.51,-0.03,0.26,-293.817271500011,637,11,109840.86249829992,58284.81249829993,8813
2003-09-10,600019,5.85,5.85,5.87,5.82,36286,19823041.0,0.85,0.0,0.0,0.19,-0.5828354999976,638,10,109840.27966279992,0.6796627999283373,18776
2003-09-11,600019,5.85,5.83,5.88,5.83,37578,20572928.0,0.85,-0.34,-0.02,0.2,-475.5199999999895,639,8,109464.75966279993,0.6796627999283373,18776
2003-09-12,600019,5.83,5.84,5.93,5.81,36270,19838302.0,2.06,0.17,0.01,0.19,87.75999999999476,640,2,109652.51966279992,0.6796627999283373,18776
2003-09-15,600019,5.83,5.87,5.92,5.82,93407,51150004.0,1.71,0.51,0.03,0.5,463.27999999999884,641,10,110215.79966279992,0.6796627999283373,18776
2003-09-16,600019,5.87,5.83,5.88,5.81,91258,49824582.0,1.19,-0.68,-0.04,0.49,-851.0399999999936,642,2,109464.75966279993,0.6796627999283373,18776
2003-09-17,600019,5.84,5.7,5.84,5.7,167046,89769292.0,2.4,-2.23,-0.13,0.89,-2540.8800000000047,643,9,107023.87966279993,0.6796627999283373,18776
2003-09-18,600019,5.68,5.68,5.7,5.65,94095,49849511.0,0.88,-0.35,-0.02,0.5,-376.47980640000605,644,19,106647.39985639992,95980.35985639993,1878
2003-09-19,600019,5.68,5.68,5.71,5.63,96201,50834259.0,1.41,0.0,0.0,0.51,-0.09593519999179989,645,1,106647.30392119993,86386.74392119993,3567
2003-09-22,600019,5.69,5.61,5.71,5.6,76330,40172773.0,1.94,-1.23,-0.07,0.41,-249.83002559999295,646,17,106397.47389559993,100389.16389559994,1071
2003-09-23,600019,5.61,5.63,5.63,5.57,53355,27828894.0,1.07,0.36,0.02,0.28,20.51655389998632,647,9,106417.99044949992,10043.650449499924,17118
2003-09-24,600019,5.64,5.65,5.69,5.63,61932,32706888.0,1.07,0.36,0.02,0.33,342.36000000001513,648,0,106760.35044949994,10043.650449499924,17118
2003-09-25,600019,5.64,5.57,5.65,5.57,47458,24746528.0,1.42,-1.42,-0.08,0.25,-1369.4600520000095,649,2,105390.89039749993,8038.430397499924,17478
2003-09-26,600019,5.58,5.59,5.6,5.57,47853,24895221.0,0.54,0.36,0.02,0.25,349.54395669998485,650,2,105740.43435419991,6434.084354199924,17765
2003-09-29,600019,5.58,5.58,5.61,5.57,31226,16257351.0,0.72,-0.18,-0.01,0.17,-177.64999999999418,651,0,105562.78435419992,6434.084354199924,17765
2003-09-30,600019,5.58,5.63,5.65,5.58,44471,23299099.0,1.25,0.9,0.05,0.24,888.1921798999974,652,9,106450.97653409991,652.0165340999229,18792
2003-10-08,600019,5.64,5.64,5.65,5.59,18116,9521019.0,1.07,0.18,0.01,0.1,187.91678520001005,653,5,106638.89331929992,330.5333192999229,18849
2003-10-09,600019,5.64,5.65,5.69,5.63,31032,16407778.0,1.06,0.18,0.01,0.17,188.48807900000247,654,6,106827.38139829993,138.43139829992285,18883
2003-10-10,600019,5.65,5.85,5.86,5.64,205555,110964304.0,3.89,3.54,0.2,1.1,3775.9372534999857,655,16,110603.31865179991,66412.41865179992,7554
2003-10-13,600019,5.86,5.88,5.92,5.78,228948,125604512.0,2.39,0.51,0.03,1.22,226.42078560001391,656,3,110829.73943739993,46490.77943739992,10942
2003-10-14,600019,5.88,5.83,5.88,5.8,62826,34339253.0,1.36,-0.85,-0.05,0.33,-547.1637802000041,657,11,110282.57565719992,52868.73565719992,9848
2003-10-15,600019,5.83,5.84,5.93,5.83,132189,72595371.0,1.72,0.17,0.01,0.7,98.3742959999945,658,2,110380.94995319992,42298.229953199916,11658
2003-10-16,600019,5.83,5.85,5.91,5.82,104274,57127951.0,1.54,0.17,0.01,0.56,115.96621800000139,659,19,110496.91617119992,103675.81617119991,1166
2003-10-17,600019,5.83,5.92,5.95,5.83,193882,107203499.0,2.05,1.2,0.07,1.03,81.55097279998881,660,20,110578.46714399991,110578.46714399991,0
2003-10-20,600019,5.89,5.95,5.96,5.89,288960,160751004.0,1.18,0.51,0.03,1.54,-0.8845865000039339,661,8,110577.5825574999,22118.932557499895,14867
2003-10-21,600019,5.95,6.06,6.06,5.94,432112,243293599.0,2.02,1.85,0.11,2.3,1634.739396399993,662,17,112212.3219538999,85178.6619538999,4461
2003-10-22,600019,6.08,6.25,6.35,6.04,890551,519053910.0,5.12,3.14,0.19,4.74,847.2493125000037,663,4,113059.5712663999,51109.57126639989,9912
2003-10-23,600019,6.25,6.18,6.29,6.15,439179,257110817.0,2.24,-1.12,-0.07,2.34,-693.9422172000195,664,2,112365.62904919988,40887.74904919989,11566
2003-10-24,600019,6.17,6.24,6.31,6.13,396946,231521432.0,2.91,0.97,0.06,2.11,693.6713376000262,665,14,113059.3003867999,69753.7003867999,6940
2003-10-27,600019,6.25,6.28,6.3,6.17,285469,167518445.0,2.08,0.64,0.04,1.52,277.25133440000354,666,18,113336.55172119991,104619.91172119991,1388
2003-10-28,600019,6.27,6.4,6.41,6.25,623141,373610387.0,2.55,1.91,0.12,3.32,166.45542399999977,667,1,113503.00714519991,94162.2071451999,3022
2003-10-31,600019,6.28,6.26,6.4,6.19,565616,334650466.0,3.28,-2.19,-0.14,3.01,-423.26830080001673,668,2,113079.7388443999,75331.9388443999,6030
2003-11-03,600019,6.22,6.37,6.41,6.2,284417,168991139.0,3.35,1.76,0.11,1.52,663.3000000000175,669,0,113743.03884439991,75331.9388443999,6030
2003-11-04,600019,6.38,6.79,6.97,6.38,1597783,1028418928.0,9.26,6.59,0.42,8.51,2532.2233586999937,670,5,116275.2622030999,37667.4322030999,11577
2003-11-05,600019,6.78,6.98,7.03,6.77,1113113,728076367.0,3.83,2.8,0.19,5.93,2199.6300000000047,671,0,118474.89220309991,37667.4322030999,11577
2003-11-06,600019,7.0,6.98,7.06,6.85,1087069,715925907.0,3.01,0.0,0.0,5.79,-0.5655893999937689,672,17,118474.32661369992,94225.80661369991,3474
2003-11-07,600019,6.96,6.69,6.98,6.68,962422,620692951.0,4.3,-4.15,-0.29,5.13,-1007.5064286000124,673,12,117466.8201850999,98868.6201850999,2780
2003-11-10,600019,6.65,6.88,6.91,6.63,473930,304084778.0,4.19,2.84,0.19,2.52,528.1808735999948,674,11,117995.0010586999,100781.2410586999,2502
2003-11-11,600019,6.88,6.9,7.05,6.75,519335,339760512.0,4.36,0.29,0.02,2.77,50.04000000000815,675,0,118045.0410586999,100781.2410586999,2502
2003-11-12,600019,6.86,6.78,6.93,6.76,485637,313313036.0,2.46,-1.74,-0.12,2.59,-300.25695000000997,676,11,117744.7841086999,102476.2241086999,2252
2003-11-13,600019,6.78,6.81,6.89,6.7,282734,181652607.0,2.8,0.44,0.03,1.51,67.55999999999767,677,0,117812.3441086999,102476.2241086999,2252
2003-11-14,600019,6.76,6.88,6.92,6.76,328784,213115881.0,2.35,1.03,0.07,1.75,157.48506240001007,678,20,117969.8291710999,117969.8291710999,0
2003-11-17,600019,6.9,6.8,6.95,6.79,191248,123821929.0,2.33,-1.16,-0.08,1.02,0.0,679,0,117969.8291710999,117969.8291710999,0
2003-11-18,600019,6.77,6.71,6.85,6.67,264920,168723680.0,2.65,-1.32,-0.09,1.41,-500.0,680,15,117969.8291710999,117969.8291710999,0
2003-11-19,600019,6.7,6.8,6.82,6.68,208585,133179179.0,2.09,1.34,0.09,1.11,-1.0616840000002412,681,9,117968.7674870999,11800.36748709991,15613
2003-11-20,600019,6.78,6.89,6.92,6.73,336866,218182274.0,2.79,1.32,0.09,1.79,1405.146436199997,682,2,119373.9139232999,9443.963923299909,15955
2003-11-21,600019,6.9,6.98,7.24,6.87,832931,557921040.0,5.37,1.31,0.09,4.44,1435.90281520001,683,5,120809.81673849991,4725.436738499908,16631
2003-11-24,600019,6.98,7.11,7.14,6.96,540102,362260536.0,2.58,1.86,0.13,2.88,2162.029999999999,684,0,122971.84673849991,4725.436738499908,16631
2003-11-25,600019,7.11,7.05,7.15,6.97,396321,264096526.0,2.53,-0.84,-0.06,2.11,-997.8883410000126,685,6,121973.9583974999,1891.3083974999076,17033
2003-11-26,600019,7.04,7.16,7.2,7.0,457987,309126625.0,2.84,1.56,0.11,2.44,1873.6168256000092,686,7,123847.5752230999,573.8552230999076,17217
2003-11-27,600019,7.17,7.11,7.33,7.1,499296,340237441.0,3.21,-0.7,-0.05,2.66,-861.462028799986,687,15,122986.11319429992,61776.123194299915,8609
2003-11-28,600019,7.12,7.21,7.24,7.12,253318,172603880.0,1.69,1.41,0.1,1.35,860.2792910999997,688,20,123846.39248539992,123846.39248539992,0
2003-12-01,600019,7.18,7.51,7.53,7.17,624486,437747417.0,4.99,4.16,0.3,3.33,-0.49535960001230706,689,4,123845.89712579991,74309.93712579992,6596
2003-12-02,600019,7.53,7.47,7.56,7.41,422356,300628340.0,2.0,-0.53,-0.04,2.25,-264.23411719998694,690,18,123581.66300859992,113721.26300859993,1320
2003-12-03,600019,7.47,7.49,7.74,7.4,574171,409858342.0,4.55,0.27,0.02,3.06,26.301132000007783,691,20,123607.96414059993,123607.96414059993,0
2003-12-04,600019,7.49,7.53,7.6,7.47,269501,192567643.0,1.74,0.53,0.04,1.44,-500.0,692,15,123607.96414059993,123607.96414059993,0
2003-12-05,600019,7.53,7.41,7.54,7.37,471258,331183688.0,2.26,-1.59,-0.12,2.51,-0.8651916000089841,693,7,123607.09894899992,37087.938948999916,11676
2003-12-08,600019,7.41,7.25,7.45,7.23,474418,329377412.0,2.97,-2.16,-0.16,2.53,-1868.3292875000043,694,12,121738.76966149991,54016.519661499915,9341
2003-12-09,600019,7.23,7.38,7.38,7.23,269729,186186356.0,2.07,1.79,0.13,1.44,1214.222030600009,695,2,122952.99169209992,43219.47169209991,10804
2003-12-10,600019,7.38,7.58,7.58,7.33,568728,403414192.0,3.39,2.71,0.2,3.03,2160.5839699999924,696,5,125113.57566209992,21616.25566209991,13654
2003-12-11,600019,7.58,7.41,7.58,7.36,457654,323412882.0,2.9,-2.24,-0.17,2.44,-2321.2448375000095,697,3,122792.3308245999,15132.44082459991,14529
2003-12-12,600019,7.38,7.39,7.44,7.34,255497,178889215.0,1.35,-0.27,-0.02,1.36,-291.438939700005,698,18,122500.8918848999,101025.5518848999,2906
2003-12-15,600019,7.4,7.37,7.42,7.31,198744,138607191.0,1.49,-0.27,-0.02,1.06,-59.02916320000077,699,9,122441.8627216999,10108.322721699893,15242
2003-12-16,600019,7.45,7.38,7.45,7.2,338382,234553960.0,3.39,0.14,0.01,1.8,152.35941019999154,700,6,122594.22213189989,4049.282131899893,16063
2003-12-17,600019,7.37,7.4,7.59,7.34,596575,423471927.0,3.39,0.27,0.02,3.18,321.0223120000155,701,12,122915.24444389991,27817.8444438999,12851
2003-12-18,600019,7.38,7.55,7.57,7.38,477272,339639572.0,2.57,2.03,0.15,2.54,1927.5944319999835,702,2,124842.83887589989,22260.9888758999,13587
2003-12-19,600019,7.56,7.73,7.82,7.56,756608,554661085.0,3.44,2.38,0.18,4.03,2445.4819781000115,703,8,127288.3208539999,4458.620853999895,15890
2003-12-22,600019,7.75,7.96,8.1,7.74,733091,552651998.0,4.66,2.98,0.23,3.91,3654.194062399998,704,14,130942.5149163999,55051.8749163999,9534
2003-12-23,600019,7.98,7.84,8.03,7.74,734752,549077834.0,3.64,-1.51,-0.12,3.91,-1144.3551840000146,705,5,129798.15973239989,27533.199732399902,13044
2003-12-24,600019,7.88,7.88,7.95,7.8,605096,452185290.0,1.91,0.51,0.04,3.22,521.7600000000093,706,0,130319.9197323999,27533.199732399902,13044
2003-12-25,600019,7.89,7.78,7.96,7.68,724642,539554509.0,3.55,-1.27,-0.1,3.86,-1305.4148231999716,707,20,129014.50490919992,129014.50490919992,0
2003-12-26,600019,7.78,7.68,7.82,7.6,617174,450565931.0,2.83,-1.29,-0.1,3.29,-0.5160192000039387,708,4,129013.98888999992,77412.06888999992,6719
2003-12-29,600019,7.63,7.55,7.69,7.54,433315,312669926.0,1.95,-1.69,-0.13,2.31,-873.6247750000039,709,2,128140.36411499992,61934.41411499992,8769
2003-12-30,600019,7.55,7.61,7.69,7.54,550432,398578962.0,1.99,0.79,0.06,2.93,526.1399999999994,710,0,128666.50411499992,61934.41411499992,8769
2003-12-31,600019,7.62,7.45,7.65,7.41,540383,386118492.0,3.15,-2.1,-0.16,2.88,-1403.4735154999944,711,7,127263.03059949992,18582.430599499916,14588
2004-01-02,600019,7.48,7.63,7.8,7.48,497894,363482293.0,4.3,2.42,0.18,2.65,2625.394789500002,712,14,129888.42538899992,63103.035388999924,8753
2004-01-05,600019,7.64,8.05,8.12,7.63,841491,636858289.0,6.42,5.5,0.42,4.48,3675.766776500037,713,17,133564.19216549996,112424.89216549994,2626
2004-01-06,600019,8.08,8.1,8.18,7.93,735603,562853744.0,3.11,0.62,0.05,3.92,131.29999999998836,714,0,133695.49216549995,112424.89216549994,2626
2004-01-07,600019,8.1,8.19,8.44,7.99,916758,721992433.0,5.56,1.11,0.09,4.88,236.11518449999858,715,2,133931.60734999995,89943.11734999994,5371
2004-01-08,600019,8.16,8.1,8.21,8.02,636116,490359617.0,2.32,-1.1,-0.09,3.39,-483.74972100000014,716,4,133447.85762899995,53970.65762899994,9812
2004-01-09,600019,8.06,7.88,8.12,7.85,855011,651409607.0,3.33,-2.72,-0.22,4.56,-2158.7478771999886,717,2,131289.10975179996,43182.829751799945,11181
2004-01-12,600019,7.86,8.3,8.34,7.83,773007,592238371.0,6.47,5.33,0.42,4.12,4695.370441999985,718,17,135984.48019379994,108137.98019379994,3355
2004-01-13,600019,8.31,8.15,8.33,8.01,690833,539053894.0,3.86,-1.81,-0.15,3.68,-503.46874599999865,719,18,135481.01144779995,130012.36144779995,671
2004-01-14,600019,8.24,8.16,8.27,8.05,440589,342174697.0,2.7,0.12,0.01,2.35,6.709999999991851,720,0,135487.72144779994,130012.36144779995,671
2004-01-15,600019,8.16,8.12,8.29,8.09,361393,281931078.0,2.45,-0.49,-0.04,1.93,-27.880009599990444,721,8,135459.84143819995,26010.36143819995,13479
2004-01-16,600019,8.13,7.86,8.17,7.82,636636,479538764.0,4.31,-3.2,-0.26,3.39,-3504.5919545999786,722,2,131955.24948359997,20814.84948359995,14140
2004-01-29,600019,7.86,7.77,7.88,7.74,460511,340960756.0,1.78,-1.15,-0.09,2.45,-1273.6986780000152,723,20,130681.55080559995,130681.55080559995,0
2004-01-30,600019,7.77,7.47,7.85,7.45,857398,620600007.0,5.15,-3.86,-0.3,4.57,-1.1760768000094686,724,9,130680.37472879994,13072.69472879995,15744
2004-02-02,600019,7.58,7.46,7.88,7.36,880026,630835302.0,6.96,-0.13,-0.01,4.69,-158.6145023999852,725,20,130521.76022639996,130521.76022639996,0
2004-02-03,600019,7.47,7.58,7.61,7.42,784407,559816763.0,2.55,1.61,0.12,4.18,-0.9136174000013852,726,7,130520.84660899996,39159.10660899995,12053
2004-02-04,600019,7.6,7.68,7.68,7.48,854601,616629315.0,2.64,1.32,0.1,4.55,1204.559494400004,727,18,131725.40610339996,113208.92610339995,2411
2004-02-05,600019,7.66,7.54,7.68,7.47,733129,525581669.0,2.73,-1.82,-0.14,3.91,-337.6126856000046,728,14,131387.79341779996,120477.41341779995,1447
2004-02-06,600019,7.53,7.65,7.83,7.42,1019928,742022687.0,5.44,1.46,0.11,5.43,159.1589840000088,729,11,131546.95240179996,121579.00240179995,1303
2004-02-09,600019,7.65,7.72,7.79,7.63,590788,433438215.0,2.09,0.92,0.07,3.15,90.60212719999254,730,5,131637.55452899996,60791.11452899995,9177
2004-02-10,600019,7.73,7.53,7.77,7.5,529751,382268191.0,3.5,-2.46,-0.19,2.82,-1743.699050100011,731,11,129893.85547889995,67696.05547889994,8260
2004-02-11,600019,7.52,7.33,7.52,7.24,814298,567784757.0,3.72,-2.66,-0.2,4.34,-1652.1210915999982,732,12,128241.73438729995,79805.09438729995,6608
2004-02-12,600019,7.31,7.18,7.43,7.16,561015,386134279.0,3.68,-2.05,-0.15,2.99,-991.2000000000116,733,0,127250.53438729994,79805.09438729995,6608
2004-02-13,600019,7.18,7.22,7.3,7.17,332287,227709887.0,1.81,0.56,0.04,1.77,263.6018266000028,734,9,127514.13621389994,7987.036213899948,16555
2004-02-16,600019,7.22,7.41,7.44,7.22,407233,284563597.0,3.05,2.63,0.19,2.17,3145.4500000000116,735,0,130659.58621389995,7987.036213899948,16555
2004-02-17,600019,7.42,7.38,7.46,7.31,438325,308017830.0,2.02,-0.4,-0.03,2.34,-497.5051944000006,736,17,130162.08101949995,93505.62101949996,4967
2004-02-18,600019,7.38,7.55,7.61,7.33,535479,380742022.0,3.79,2.3,0.17,2.85,844.203062000015,737,2,131006.28408149997,74811.63408149996,7443
2004-02-19,600019,7.56,7.5,7.59,7.48,279333,199418416.0,1.46,-0.66,-0.05,1.49,-372.5965500000166,738,18,130633.68753149995,119466.18753149995,1489
2004-02-20,600019,7.52,7.56,7.57,7.48,327183,233998989.0,1.2,0.8,0.06,1.74,89.28375360000064,739,15,130722.97128509995,125090.77128509995,745
2004-02-23,600019,7.58,7.41,7.7,7.39,436297,313136692.0,4.1,-1.98,-0.15,2.32,-112.25032320000173,740,4,130610.72096189995,75057.95096189994,7497
2004-02-24,600019,7.39,7.64,7.69,7.35,649028,466410889.0,4.59,3.1,0.23,3.46,1724.1599503999896,741,2,132334.88091229994,60052.840912299944,9461
2004-02-25,600019,7.66,7.48,7.71,7.45,432630,311960479.0,3.4,-2.09,-0.16,2.3,-1513.7599999999948,742,0,130821.12091229994,60052.840912299944,9461
2004-02-26,600019,7.48,7.75,7.8,7.44,738135,537185731.0,4.81,3.61,0.27,3.93,2554.349952500008,743,2,133375.47086479995,48047.97086479994,11010
2004-02-27,600019,7.73,7.75,7.83,7.68,627914,463383057.0,1.94,0.0,0.0,3.35,-0.17065499999444,744,12,133375.30020979996,65113.30020979994,8808
2004-03-01,600019,7.77,7.77,7.82,7.66,548031,404316486.0,2.06,0.26,0.02,2.92,176.1599999999744,745,0,133551.46020979993,65113.30020979994,8808
2004-03-02,600019,7.77,7.65,7.81,7.58,391501,285389917.0,2.96,-1.54,-0.12,2.09,-1057.4808119999943,746,8,132493.97939779994,13031.579397799935,15616
2004-03-03,600019,7.64,7.44,7.67,7.41,366571,261180384.0,3.4,-2.75,-0.21,1.95,-3279.7084896000015,747,13,129214.27090819993,47880.19090819993,10932
2004-03-04,600019,7.44,7.45,7.5,7.34,330442,232029648.0,2.15,0.13,0.01,1.76,108.66849749999528,748,18,129322.93940569993,113029.78940569994,2187
2004-03-05,600019,7.47,7.48,7.53,7.44,167671,119192908.0,1.21,0.4,0.03,0.89,65.44641240000783,749,20,129388.38581809994,129388.38581809994,0
2004-03-08,600019,7.48,7.54,7.61,7.47,237454,170381416.0,1.87,0.8,0.06,1.27,-500.0,750,14,129388.38581809994,129388.38581809994,0
2004-03-09,600019,7.54,7.69,7.84,7.52,705158,518022424.0,4.24,1.99,0.15,3.76,-1.1644198000140022,751,9,129387.22139829992,12945.241398299913,15142
2004-03-10,600019,7.7,7.88,7.92,7.7,594665,444657398.0,2.86,2.47,0.19,3.17,2876.863612400004,752,9,132264.08501069993,1306.365010699912,16619
2004-03-11,600019,7.9,7.83,7.91,7.8,401691,299962979.0,1.4,-0.63,-0.05,2.14,-830.9525839000125,753,2,131433.13242679992,1047.9724267999122,16652
2004-03-12,600019,7.83,7.82,7.86,7.73,255950,190095015.0,1.66,-0.13,-0.01,1.36,-166.5272725999821,754,7,131266.60515419993,320.70515419991216,16745
2004-03-15,600019,7.84,8.03,8.13,7.84,881719,675675891.0,3.71,2.69,0.21,4.7,3515.2398789999716,755,19,134781.8450331999,121331.5950331999,1675
2004-03-16,600019,8.08,8.03,8.16,8.02,504803,389134763.0,1.74,0.0,0.0,2.69,-1.2132527000212576,756,10,134780.63178049988,5.111780499908491,16784
2004-03-17,600019,8.04,8.03,8.09,7.93,310166,236345624.0,1.99,0.0,0.0,1.65,-0.539053899992723,757,14,134780.0927265999,53909.9627265999,10071
2004-03-18,600019,8.05,7.91,8.14,7.88,454806,347680619.0,3.24,-1.49,-0.12,2.42,-1208.5996536999883,758,11,133571.4930728999,61875.2530728999,9064
2004-03-19,600019,7.91,8.08,8.08,7.86,345869,262355680.0,2.78,2.15,0.17,1.84,1540.5706975999929,759,5,135112.0637704999,30944.703770499895,12892
2004-03-22,600019,8.06,8.02,8.13,7.98,285748,219040880.0,1.86,-0.74,-0.06,1.52,-773.767497199995,760,8,134338.2962732999,6194.736273299895,15978
2004-03-23,600019,7.99,7.85,8.0,7.79,259709,194388804.0,2.62,-2.12,-0.17,1.38,-2717.1379440000164,761,17,131621.15832929988,93988.25832929989,4794
2004-03-24,600019,7.84,7.81,7.92,7.77,250703,187012393.0,1.91,-0.51,-0.04,1.34,-192.09692340000765,762,19,131429.06140589988,127680.26140589989,480
2004-03-25,600019,7.81,7.85,7.91,7.79,185973,138763661.0,1.54,0.51,0.04,0.99,18.05099550000159,763,9,131447.11240139988,12778.66240139988,15117
2004-03-26,600019,7.85,7.74,7.89,7.72,277365,204796859.0,2.17,-1.4,-0.11,1.48,-1663.6889693999983,764,17,129783.42343199988,94674.78343199988,4536
2004-03-29,600019,7.73,7.61,7.75,7.54,343230,248812853.0,2.71,-1.68,-0.13,1.83,-589.9640052000032,765,3,129193.45942679988,66273.97942679988,8268
2004-03-30,600019,7.61,7.63,7.69,7.56,128463,92887904.0,1.71,0.26,0.02,0.68,165.0445757999987,766,15,129358.50400259988,97816.08400259988,4134
2004-03-31,600019,7.64,7.75,7.84,7.62,212581,156303955.0,2.88,1.57,0.12,1.13,495.7917000000016,767,19,129854.29570259988,126645.79570259988,414
2004-04-01,600019,7.75,7.77,7.78,7.67,113342,83269745.0,1.42,0.26,0.02,0.6,7.140218699991237,768,9,129861.43592129987,12666.525921299879,15083
2004-04-02,600019,7.78,7.84,7.9,7.73,297846,222398275.0,2.19,0.9,0.07,1.59,1054.6274928000203,769,20,130916.06341409989,130916.06341409989,0
2004-04-05,600019,7.83,7.66,7.83,7.58,270767,197293116.0,3.19,-2.3,-0.18,1.44,-500.0,770,13,130916.06341409989,130916.06341409989,0
2004-04-06,600019,7.65,7.68,7.68,7.56,231439,167054913.0,1.57,0.26,0.02,1.23,-500.0,771,20,130916.06341409989,130916.06341409989,0
2004-04-07,600019,7.68,7.65,7.74,7.63,175587,128006969.0,1.43,-0.39,-0.03,0.94,0.0,772,0,130916.06341409989,130916.06341409989,0
2004-04-08,600019,7.65,7.64,7.71,7.62,182996,133255975.0,1.18,-0.13,-0.01,0.97,-1.3091140000033192,773,10,130914.75430009988,3.354300099890679,17135
2004-04-09,600019,7.65,7.47,7.68,7.47,324443,232247539.0,2.75,-2.23,-0.17,1.73,-2913.333958000003,774,13,128001.42034209988,38398.77034209989,11995
2004-04-12,600019,7.43,7.45,7.52,7.37,210036,148248395.0,2.01,-0.27,-0.02,1.12,-240.05354449999868,775,4,127761.36679759988,23044.166797599886,14056
2004-04-13,600019,7.45,7.49,7.53,7.44,215609,152929756.0,1.21,0.54,0.04,1.15,562.2400000000052,776,0,128323.60679759989,23044.166797599886,14056
2004-04-14,600019,7.49,7.48,7.5,7.38,207932,146674189.0,1.6,-0.13,-0.01,1.11,-140.6751920000097,777,5,128182.93160559988,11524.851605599884,15596
2004-04-15,600019,7.48,7.45,7.52,7.44,129294,91738845.0,1.07,-0.4,-0.03,0.69,-467.90302050000173,778,2,127715.02858509988,9222.778585099884,15905
2004-04-16,600019,7.48,7.62,7.64,7.46,200001,143545791.0,2.42,2.28,0.17,1.07,2702.7592732000194,779,19,130417.7878582999,118294.3678582999,1591
2004-04-19,600019,7.64,7.47,7.65,7.46,126613,90605636.0,2.49,-1.97,-0.15,0.67,-238.73314109999046,780,17,130179.0547171999,126608.3947171999,478
2004-04-20,600019,7.47,7.27,7.5,7.23,272140,189230114.0,3.61,-2.68,-0.2,1.45,-95.85321410000324,781,2,130083.2015030999,101286.7315030999,3961
2004-04-21,600019,7.27,7.04,7.28,7.03,299850,201224734.0,3.44,-3.16,-0.23,1.6,-911.0578783999954,782,11,129172.14362469991,104074.5436246999,3565
2004-04-22,600019,7.03,7.14,7.19,7.02,149414,100558335.0,2.41,1.42,0.1,0.8,356.27094879998185,783,19,129528.41457349989,126979.4345734999,357
2004-04-23,600019,7.16,7.14,7.2,7.07,121189,81804330.0,1.82,0.0,0.0,0.65,-0.253898399983882,784,2,129528.1606750999,101589.3406750999,3913
2004-04-26,600019,7.15,7.07,7.17,6.99,114619,76653241.0,2.52,-0.98,-0.07,0.61,-274.8242217000079,785,9,129253.3364533999,10166.256453399896,16844
2004-04-27,600019,7.07,6.75,7.11,6.74,277307,179275886.0,5.23,-4.53,-0.32,1.48,-5390.181655000008,786,10,123863.15479839989,0.6547983998952986,18350
2004-04-29,600019,6.76,6.56,6.8,6.53,455127,284354678.0,4.0,-2.81,-0.19,2.42,-3487.5833839999977,787,19,120375.57141439989,108337.97141439989,1835
2004-04-30,600019,6.7,6.76,6.79,6.55,250226,157143788.0,3.66,3.05,0.2,1.33,366.87595399998827,788,20,120742.44736839988,120742.44736839988,0
2004-05-10,600019,6.73,6.49,6.73,6.47,227633,140695774.0,3.85,-3.99,-0.27,1.21,-0.12071400000422727,789,1,120742.32665439988,108670.92665439988,1860
2004-05-11,600019,6.46,6.68,6.71,6.39,235058,144390673.0,4.93,2.93,0.19,1.25,353.1826996000018,790,2,121095.50935399988,86940.66935399988,5113
2004-05-12,600019,6.68,6.77,6.8,6.59,182680,116205614.0,3.14,1.35,0.09,0.97,459.99614639999345,791,2,121555.50550039987,69555.13550039988,7681
2004-05-13,600019,6.77,6.74,6.83,6.7,97702,62222106.0,1.92,-0.44,-0.03,0.52,-230.58528959999967,792,13,121324.92021079987,85083.94021079988,5377
2004-05-14,600019,6.75,6.62,6.8,6.53,148824,93507677.0,4.01,-1.78,-0.12,0.79,-645.4101339999906,793,2,120679.51007679988,68070.37007679988,7947
2004-05-17,600019,6.59,6.56,6.68,6.53,94340,58748817.0,2.27,-0.91,-0.06,0.5,-477.29645280000113,794,7,120202.21362399988,20424.61362399988,15210
2004-05-18,600019,6.53,6.75,6.76,6.41,227067,139770514.0,5.34,2.9,0.19,1.21,2889.736650000006,795,8,123091.95027399989,4089.4502739998807,17630
2004-05-19,600019,6.73,6.64,6.79,6.59,158309,100138040.0,2.96,-1.63,-0.11,0.84,-1940.4706319999968,796,20,121151.47964199989,121151.47964199989,0
2004-05-20,600019,6.62,6.67,6.7,6.52,116777,72791321.0,2.71,0.45,0.03,0.62,-1.0902782000048319,797,9,121150.38936379988,12122.569363799892,16346
2004-05-21,600019,6.65,6.78,6.82,6.63,215326,137306012.0,2.85,1.65,0.11,1.15,1798.035795400021,798,2,122948.4251591999,9702.08515919989,16703
2004-05-24,600019,6.81,6.78,6.84,6.71,65615,42048533.0,1.92,0.0,0.0,0.35,-0.038781600014772266,799,4,122948.38637759989,5823.886377599891,17275
2004-05-25,600019,6.78,6.67,6.78,6.63,123716,78152435.0,2.21,-1.62,-0.11,0.66,-1900.3023594999977,800,9,121048.0840180999,587.8840180998905,18060
2004-05-26,600019,6.66,6.75,6.77,6.62,63990,40542149.0,2.25,1.2,0.08,0.34,1443.9466650000104,801,17,122492.0306830999,85920.5306830999,5418
2004-05-27,600019,6.74,6.85,6.91,6.71,185010,119774807.0,2.96,1.48,0.1,0.99,541.7999999999884,802,0,123033.83068309989,85920.5306830999,5418
2004-05-28,600019,6.87,6.84,6.87,6.8,89325,57602343.0,1.02,-0.15,-0.01,0.48,-54.35182079998776,803,2,122979.4788622999,68738.2788622999,7930
2004-05-31,600019,6.83,6.85,6.86,6.8,58234,37558126.0,0.88,0.15,0.01,0.31,79.08271800000512,804,14,123058.56158029991,90466.2615802999,4758
2004-06-01,600019,6.84,6.88,6.89,6.81,133170,86356363.0,1.17,0.44,0.03,0.71,142.74000000000524,805,0,123201.30158029991,90466.2615802999,4758
2004-06-02,600019,6.91,6.78,6.91,6.71,143534,92067451.0,2.91,-1.45,-0.1,0.76,-475.98089040000923,806,2,122725.3206898999,72377.0406898999,7426
2004-06-03,600019,6.78,6.71,6.79,6.7,73514,46671061.0,1.33,-1.03,-0.07,0.39,-519.9647346999991,807,2,122205.3559551999,57903.425955199906,9583
2004-06-04,600019,6.71,6.66,6.75,6.64,84077,53046108.0,1.64,-0.75,-0.05,0.45,-479.2657507999975,808,2,121726.09020439991,46328.23020439991,11321
2004-06-07,600019,6.64,6.7,6.73,6.62,82117,51703609.0,1.65,0.6,0.04,0.44,452.7474060000095,809,2,122178.83761039992,37068.73761039991,12703
2004-06-08,600019,6.7,6.66,6.75,6.58,97925,61595839.0,2.54,-0.6,-0.04,0.52,-508.37940700000036,810,7,121670.45820339992,11127.77820339991,16598
2004-06-09,600019,6.66,6.69,6.77,6.62,83836,52998350.0,2.25,0.45,0.03,0.45,497.82901289999427,811,11,122168.28721629991,22226.377216299912,14939
2004-06-10,600019,6.68,6.78,6.85,6.66,119623,76613108.0,2.84,1.35,0.09,0.64,1344.3322284000024,812,8,123512.61944469991,4449.039444699913,17561
2004-06-11,600019,6.83,6.81,6.94,6.71,129821,83773240.0,3.39,0.44,0.03,0.69,526.8122258999938,813,4,124039.43167059991,2671.6116705999125,17822
2004-06-14,600019,6.8,6.51,6.81,6.48,210426,130805461.0,4.85,-4.41,-0.3,1.12,-5347.064032799986,814,14,118692.36763779992,49074.42763779992,10694
2004-06-15,600019,6.5,6.63,6.73,6.49,117209,72900741.0,3.69,1.84,0.12,0.62,1282.7837444999896,815,17,119975.15138229991,98699.48138229991,3209
2004-06-16,600019,6.66,6.72,6.87,6.59,181848,116214353.0,4.22,1.36,0.09,0.97,288.70221120001224,816,15,120263.85359349992,109478.25359349992,1605
2004-06-17,600019,6.72,6.67,6.76,6.65,97628,61560481.0,1.64,-0.74,-0.05,0.52,-80.25,817,0,120183.60359349992,109478.25359349992,1605
2004-06-18,600019,6.68,6.58,6.71,6.49,144130,89620133.0,3.3,-1.35,-0.09,0.77,-145.43522340001073,818,9,120038.16837009991,10954.928370099908,16578
2004-06-21,600019,6.63,6.64,6.76,6.58,65818,39538126.0,2.74,0.91,0.06,0.35,994.2397015999886,819,14,121032.4080716999,54984.32807169991,9947
2004-06-22,600019,6.64,6.69,6.77,6.63,96229,58650833.0,2.11,0.75,0.05,0.51,497.2400833000138,820,2,121529.64815499992,43992.54815499991,11590
2004-06-23,600019,6.69,6.75,6.75,6.65,73739,44841233.0,1.49,0.9,0.06,0.39,695.2680374999909,821,3,122224.9161924999,30796.166192499906,13545
2004-06-24,600019,6.74,6.73,6.79,6.7,111790,68434182.0,1.33,-0.3,-0.02,0.6,-271.17707409999275,822,9,121953.73911839991,3088.4791183999005,17662
2004-06-25,600019,6.67,6.65,6.77,6.63,54042,32800514.0,2.08,-1.19,-0.08,0.29,-1413.5472615000035,823,15,120540.19185689991,61814.0418568999,8831
2004-06-28,600019,6.63,6.72,6.75,6.6,99476,60392342.0,2.26,1.05,0.07,0.53,618.0464191999927,824,2,121158.2382760999,49455.8382760999,10670
2004-06-29,600019,6.73,6.91,6.94,6.72,187273,116116021.0,3.27,2.83,0.19,1.0,2027.2011178999965,825,2,123185.4393939999,39567.529393999896,12101
2004-06-30,600019,6.91,6.92,6.94,6.86,206792,129783755.0,1.16,0.14,0.01,1.1,120.9309043999965,826,2,123306.3702983999,31657.890298399896,13244
2004-07-01,600019,6.91,7.1,7.18,6.89,377265,243572569.0,4.19,2.6,0.18,2.01,2383.698479999992,827,7,125690.06877839989,9505.668778399893,16364
2004-07-02,600019,7.08,7.1,7.15,7.05,97085,62789604.0,1.41,0.0,0.0,0.52,-0.2323119999928167,828,12,125689.8364663999,32736.63646639989,13092
2004-07-05,600019,7.11,7.11,7.12,7.02,64043,41178746.0,1.41,0.14,0.01,0.34,130.0822998000076,829,19,125819.9187661999,116505.8187661999,1310
2004-07-06,600019,7.1,7.13,7.27,7.07,165819,108841115.0,2.81,0.28,0.02,0.88,26.1906597000052,830,11,125846.10942589991,117439.8394258999,1179
2004-07-07,600019,7.12,7.14,7.19,7.06,77074,50108483.0,1.82,0.14,0.01,0.41,11.555165399986436,831,2,125857.6645912999,93956.1445912999,4468
2004-07-08,600019,7.13,7.16,7.18,7.08,70990,46147161.0,1.4,0.28,0.02,0.38,89.10410160000902,832,18,125946.7686928999,119545.72869289991,894
2004-07-09,600019,7.16,7.12,7.26,7.1,91770,59967048.0,2.23,-0.56,-0.04,0.49,-35.823652799997944,833,20,125910.9450400999,125910.9450400999,0
2004-07-12,600019,7.03,6.98,7.1,6.95,119096,76017287.0,2.11,-1.97,-0.14,0.63,-500.0,834,20,125910.9450400999,125910.9450400999,0
2004-07-13,600019,6.98,6.95,7.01,6.91,174727,110300628.0,1.43,-0.43,-0.03,0.93,-1.0071940000052564,835,8,125909.9378460999,25190.53784609989,14492
2004-07-14,600019,6.95,7.02,7.04,6.93,109211,69369441.0,1.58,1.01,0.07,0.58,1014.2637277999893,836,7,126924.20157389989,7563.141573899891,17003
2004-07-15,600019,7.03,7.11,7.14,7.02,127665,82432591.0,1.71,1.28,0.09,0.68,1529.7864489000058,837,14,128453.9880227999,55917.76802279989,10202
2004-07-16,600019,7.1,7.21,7.31,7.06,235671,155366304.0,3.52,1.41,0.1,1.26,1020.052915999986,838,12,129474.04093879988,70626.02093879989,8162
2004-07-19,600019,7.22,7.25,7.34,7.16,110542,73297043.0,2.5,0.55,0.04,0.59,325.8882550000126,839,20,129799.9291937999,129799.9291937999,0
2004-07-20,600019,7.25,7.24,7.25,7.17,107627,70890795.0,1.1,-0.14,-0.01,0.57,-0.5191080000076909,840,4,129799.41008579989,77888.61008579988,7170
2004-07-21,600019,7.23,7.31,7.34,7.17,106719,70892727.0,2.35,0.97,0.07,0.57,501.74276189999364,841,13,130301.15284769988,93612.26284769988,5019
2004-07-22,600019,7.3,7.08,7.34,7.07,198060,130384984.0,3.69,-3.15,-0.23,1.06,-1154.4410123999987,842,12,129146.71183529988,100713.43183529988,4016
2004-07-23,600019,7.06,6.95,7.08,6.88,251173,159282717.0,2.82,-1.84,-0.13,1.34,-522.2753645000048,843,17,128624.43647079988,120249.68647079988,1205
2004-07-26,600019,6.91,6.94,7.04,6.88,75158,47502094.0,2.3,-0.14,-0.01,0.4,-12.116901600005804,844,18,128612.31956919987,126939.77956919988,241
2004-07-27,600019,6.98,6.95,7.03,6.9,53757,33866163.0,1.87,0.14,0.01,0.29,2.1561860000074375,845,2,128614.47575519988,101558.12575519987,3893
2004-07-28,600019,7.03,6.89,7.03,6.73,126245,78399557.0,4.32,-0.86,-0.06,0.67,-233.84822770000028,846,20,128380.62752749988,128380.62752749988,0
2004-07-29,600019,6.87,7.04,7.07,6.86,126711,80018265.0,3.05,2.18,0.15,0.68,-0.2567488000058802,847,2,128380.37077869987,102705.49077869987,3647
2004-07-30,600019,7.06,7.01,7.16,6.97,157704,101436926.0,2.7,-0.43,-0.03,0.84,-110.33426850000978,848,9,128270.03651019986,10277.716510199869,16832
2004-08-02,600019,6.98,6.89,7.01,6.82,110823,69203090.0,2.71,-1.71,-0.12,0.59,-2019.8810643999896,849,4,126250.15544579987,6171.235445799869,17428
2004-08-03,600019,6.89,6.82,6.9,6.79,63283,39314581.0,1.6,-1.02,-0.07,0.34,-1220.7919717999903,850,17,125029.36347399988,89367.58347399988,5229
2004-08-04,600019,6.83,7.32,7.44,6.8,651690,429816013.0,9.38,7.33,0.5,3.47,2614.4235060000065,851,12,127643.78697999989,97016.90697999988,4184
2004-08-05,600019,7.28,7.27,7.6,7.24,918471,624705102.0,4.92,-0.68,-0.05,4.89,-209.50417680000828,852,20,127434.28280319988,127434.28280319988,0
2004-08-06,600019,7.28,7.46,7.63,7.28,1152801,790280101.0,4.81,2.61,0.19,6.14,-500.0,853,16,127434.28280319988,127434.28280319988,0
2004-08-09,600019,7.36,7.38,7.44,7.16,404426,269905659.0,3.75,-1.07,-0.08,2.15,-500.0,854,13,127434.28280319988,127434.28280319988,0
2004-08-13,600019,6.83,6.8,7.02,6.78,1544033,967317835.0,3.25,-7.86,-0.58,8.23,-0.2548640000022715,855,2,127434.02793919988,101947.62793919988,3748
2004-08-16,600019,6.73,6.84,6.92,6.71,272308,169224307.0,3.09,0.59,0.04,1.45,149.51226760000282,856,4,127583.54020679988,61173.98020679988,9709
2004-08-17,600019,6.84,6.9,6.92,6.75,197976,123149085.0,2.49,0.88,0.06,1.05,582.3390720000025,857,13,128165.87927879988,81266.57927879988,6797
2004-08-18,600019,6.89,6.9,6.95,6.85,121248,76207432.0,1.45,0.0,0.0,0.65,-0.0937709999998333,858,12,128165.78550779988,90643.58550779989,5438
2004-08-19,600019,6.9,6.88,6.93,6.86,128550,80470979.0,1.01,-0.29,-0.02,0.68,-108.90963999999803,859,14,128056.87586779988,105607.43586779988,3263
2004-08-20,600019,6.88,6.91,6.96,6.86,155630,97888632.0,1.45,0.44,0.03,0.83,97.67883039999288,860,2,128154.55469819988,84490.26469819988,6319
2004-08-23,600019,6.86,6.89,6.91,6.83,83985,52580098.0,1.16,-0.29,-0.02,0.45,-127.22485179999785,861,10,128027.32984639988,4.23984639988339,18581
2004-08-24,600019,6.88,6.88,6.91,6.8,139197,86797412.0,1.6,-0.15,-0.01,0.74,-186.19349119998515,862,13,127841.1363551999,38352.97635519989,13007
2004-08-25,600019,6.86,6.91,6.91,6.83,59219,37049881.0,1.16,0.44,0.03,0.32,390.1332989999937,863,2,128231.26965419989,30682.79965419989,14117
2004-08-26,600019,6.91,6.88,6.93,6.82,64874,40510091.0,1.59,-0.43,-0.03,0.35,-423.7554095999949,864,8,127807.5142445999,6141.594244599892,17684
2004-08-27,600019,6.88,6.88,6.91,6.81,104573,64985136.0,1.45,0.0,0.0,0.56,-0.04905440000584349,865,8,127807.46519019989,1236.1051901998917,18397
2004-08-30,600019,6.86,6.83,6.86,6.79,99031,61356617.0,1.02,-0.73,-0.05,0.53,-919.8500000000058,866,0,126887.61519019988,1236.1051901998917,18397
2004-08-31,600019,6.88,6.86,6.98,6.81,143544,89661245.0,2.49,0.44,0.03,0.76,551.6576206000318,867,12,127439.27281079991,26473.792810799896,14718
2004-09-01,600019,6.85,6.76,6.86,6.73,100004,61595099.0,1.9,-1.46,-0.1,0.53,-1472.496415200003,868,17,125966.77639559991,96114.6163955999,4416
2004-09-02,600019,6.74,6.72,6.79,6.63,118200,71773833.0,2.37,-0.59,-0.04,0.63,-176.83219200000167,869,2,125789.94420359991,76895.22420359991,7276
2004-09-03,600019,6.72,6.72,6.75,6.7,36588,22298513.0,0.74,0.0,0.0,0.19,-0.691958399998839,870,9,125789.25224519991,7698.692245199913,17573
2004-09-06,600019,6.71,6.72,6.74,6.67,25609,15585481.0,1.04,0.0,0.0,0.14,-0.11807040001440328,871,11,125789.1341747999,19505.614174799914,15816
2004-09-07,600019,6.73,6.77,6.78,6.7,34481,21073459.0,1.19,0.74,0.05,0.18,790.371729800012,872,14,126579.50590459991,62332.20590459991,9490
2004-09-08,600019,6.79,6.71,6.82,6.64,108091,65965094.0,2.66,-0.89,-0.06,0.58,-569.7116124000022,873,5,126009.7942921999,31170.65429219991,14134
2004-09-09,600019,6.69,6.52,6.71,6.52,210185,125032025.0,2.83,-2.83,-0.19,1.12,-2685.5534967999993,874,3,123324.2407953999,21820.88079539991,15568
2004-09-10,600019,6.49,6.58,6.62,6.45,72013,42559849.0,2.61,0.92,0.06,0.38,934.036374599993,875,2,124258.2771699999,17458.29716999991,16231
2004-09-13,600019,6.58,6.39,6.58,6.38,87100,50639994.0,3.04,-2.89,-0.19,0.46,-3084.0121767999954,876,7,121174.2649931999,5240.494993199909,18143
2004-09-14,600019,6.41,6.63,6.67,6.41,163719,96894462.0,4.07,3.76,0.24,0.87,4354.309524600016,877,2,125528.57451779992,4192.944517799909,18301
2004-09-15,600019,6.63,6.75,6.89,6.57,367882,225528520.0,4.83,1.81,0.12,1.96,2196.1199999999953,878,0,127724.69451779992,4192.944517799909,18301
2004-09-16,600019,6.79,6.83,6.95,6.74,289254,180044704.0,3.11,1.19,0.08,1.54,1464.0506992999872,879,7,129188.7452170999,1262.8452170999085,18730
2004-09-17,600019,6.86,7.0,7.02,6.82,425338,267270201.0,2.93,2.49,0.17,2.27,3183.0511200000183,880,18,132371.79633709992,106149.7963370999,3746
2004-09-20,600019,7.0,7.21,7.28,6.98,709054,461323081.0,4.29,3.0,0.21,3.78,786.5538687999942,881,1,133158.35020589991,95536.5702058999,5218
2004-09-22,600019,7.21,7.28,7.48,7.2,1430135,959932831.0,3.88,0.97,0.07,7.62,364.7823592000059,882,5,133523.13256509992,47772.012565099896,11779
2004-09-23,600019,7.23,7.34,7.38,7.15,269016,177879919.0,3.16,0.82,0.06,1.43,706.1348169999837,883,17,134229.2673820999,108289.70738209989,3534
2004-09-24,600019,7.36,7.32,7.57,7.28,618593,421345511.0,3.95,-0.27,-0.02,3.3,-71.76284760000999,884,10,134157.5045344999,3.864534499880392,18327
2004-09-28,600019,7.26,7.23,7.37,7.12,394544,260088605.0,3.42,-1.23,-0.09,2.1,-1650.6225162000046,885,19,132506.8820182999,119254.2920182999,1833
2004-09-29,600019,7.23,7.23,7.28,7.11,170476,112343222.0,2.35,0.0,0.0,0.91,-0.11922269998467527,886,19,132506.7627955999,131176.4427955999,184
2004-09-30,600019,7.22,7.23,7.29,7.18,148977,98420582.0,1.52,0.0,0.0,0.79,-1.1805144000099972,887,9,132505.5822811999,13123.822281199886,16512
2004-10-08,600019,7.18,7.13,7.22,7.05,175135,113633004.0,2.35,-1.38,-0.1,0.93,-1652.3773056000064,888,20,130853.20497559989,130853.20497559989,0
2004-10-11,600019,7.13,7.01,7.16,6.99,169700,109602655.0,2.38,-1.68,-0.12,0.9,-1.0467332000116585,889,8,130852.15824239988,26178.838242399885,14932
2004-10-12,600019,7.01,6.91,7.06,6.84,224309,140965787.0,3.14,-1.43,-0.1,1.2,-1493.199999999997,890,0,129358.95824239988,26178.838242399885,14932
2004-10-13,600019,6.91,6.78,7.01,6.77,167988,104172460.0,3.47,-1.88,-0.13,0.89,-1941.3431955999986,891,7,127417.61504679988,7859.095046799881,17634
2004-10-14,600019,6.76,6.73,6.83,6.7,140734,85960839.0,1.92,-0.74,-0.05,0.75,-881.6999999999971,892,0,126535.91504679988,7859.095046799881,17634
2004-10-15,600019,6.71,6.73,6.78,6.61,157142,94914122.0,2.53,0.0,0.0,0.84,0.0,893,0,126535.91504679988,7859.095046799881,17634
2004-10-18,600019,6.72,6.83,6.86,6.66,62926,38656257.0,2.97,1.49,0.1,0.34,1763.3921454999945,894,1,128299.30719229988,7073.637192299881,17749
2004-10-19,600019,6.83,6.8,6.92,6.79,64810,40202253.0,1.9,-0.44,-0.03,0.35,-532.4841440000018,895,2,127766.82304829988,5659.22304829988,17957
2004-10-20,600019,6.8,6.76,6.8,6.69,70895,43280326.0,1.62,-0.59,-0.04,0.38,-718.3195459999988,896,7,127048.50350229988,1704.58350229988,18542
2004-10-21,600019,6.77,6.52,6.77,6.46,243091,143822741.0,4.59,-3.55,-0.24,1.3,-4450.095256800007,897,9,122598.40824549987,178.88824549988,18776
2004-10-22,600019,6.51,6.65,6.67,6.5,120280,71648534.0,2.61,1.99,0.13,0.64,2440.880000000019,898,0,125039.28824549989,178.88824549988,18776
2004-10-25,600019,6.71,6.38,6.83,6.33,256345,151780340.0,7.52,-4.06,-0.27,1.37,-5069.521595000013,899,9,119969.76665049988,19.386650499879977,18801
2004-10-26,600019,6.38,6.44,6.5,6.29,146590,84332384.0,3.29,0.94,0.06,0.78,1127.4546400000254,900,15,121097.2212904999,60554.781290499894,9401
2004-10-27,600019,6.46,6.62,6.63,6.43,123161,72518577.0,3.11,2.8,0.18,0.66,1692.0589201999974,901,2,122789.2802106999,48446.680210699895,11230
2004-10-28,600019,6.62,6.52,6.63,6.46,99441,58698241.0,2.57,-1.51,-0.1,0.53,-1123.0968872000085,902,2,121666.18332349989,38757.86332349989,12716
2004-10-29,600019,6.42,6.34,6.43,6.28,229287,130700606.0,2.3,-2.76,-0.18,1.22,-2289.190026000011,903,8,119376.99329749988,7754.953297499891,17606
2004-11-01,600019,6.34,6.42,6.46,6.32,78064,45064738.0,2.21,1.26,0.08,0.42,1407.5758072000026,904,18,120784.56910469988,98173.3291046999,3522
2004-11-02,600019,6.43,6.43,6.48,6.34,40365,23281451.0,2.18,0.16,0.01,0.22,34.43470410000009,905,8,120819.00380879988,19642.953808799895,15735
2004-11-03,600019,6.38,6.47,6.49,6.36,67858,39372889.0,2.02,0.62,0.04,0.36,629.380395900007,906,1,121448.38420469989,17682.524204699894,16038
2004-11-04,600019,6.48,6.46,6.63,6.43,95266,56184688.0,3.09,-0.15,-0.01,0.51,-160.41533619999245,907,2,121287.9688684999,14148.868868499894,16585
2004-11-05,600019,6.46,6.51,6.55,6.41,37652,22027777.0,2.17,0.77,0.05,0.2,829.1420642000012,908,11,122117.1109326999,24942.340932699895,14927
2004-11-08,600019,6.51,6.43,6.51,6.39,32922,19096948.0,1.84,-1.23,-0.08,0.18,-1194.1600000000035,909,0,120922.9509326999,24942.340932699895,14927
2004-11-09,600019,6.48,6.41,6.48,6.38,24695,14292791.0,1.56,-0.31,-0.02,0.13,-299.2097167999891,910,17,120623.7412158999,91913.35121589991,4479
2004-11-10,600019,6.42,6.53,6.61,6.32,216163,126693795.0,4.52,1.87,0.12,1.15,537.2961805000086,911,2,121161.03739639992,73531.21739639991,7294
2004-11-11,600019,6.55,6.54,6.74,6.49,238704,143000875.0,3.83,0.15,0.01,1.27,72.60613299999386,912,17,121233.64352939991,106917.58352939991,2189
2004-11-12,600019,6.54,6.56,6.62,6.5,94878,56198275.0,1.83,0.31,0.02,0.51,43.56620960001601,913,2,121277.20973899993,85538.32973899992,5448
2004-11-15,600019,6.57,6.61,6.64,6.55,66505,39574765.0,1.37,0.76,0.05,0.35,271.54466599998705,914,10,121548.75440499991,4.0744049999048,18388
2004-11-16,600019,6.62,6.68,6.73,6.58,165301,99894917.0,2.27,1.06,0.07,0.88,1187.159999999989,915,9,122835.9144049999,4.0744049999048,18388
2004-11-17,600019,6.7,6.56,6.7,6.55,115848,69064742.0,2.25,-1.8,-0.12,0.62,-2207.6456144000113,916,19,120628.26879059989,108564.4287905999,1839
2004-11-18,600019,6.54,6.57,6.61,6.53,97659,58016050.0,1.22,0.15,0.01,0.52,18.31753290000779,917,16,120646.5863234999,115811.0663234999,736
2004-11-19,600019,6.57,6.55,6.58,6.5,76415,45083390.0,1.22,-0.3,-0.02,0.41,-14.753732500001206,918,17,120631.8325909999,119184.2825909999,221
2004-11-22,600019,6.55,6.57,6.59,6.51,110224,65176781.0,1.22,0.31,0.02,0.59,3.347381799991126,919,9,120635.17997279989,11921.38997279988,16547
2004-11-23,600019,6.57,6.48,6.57,6.48,59198,34825146.0,1.37,-1.37,-0.09,0.32,-1489.2776280000107,920,4,119145.90234479988,7158.542344799879,17282
2004-11-24,600019,6.54,6.6,6.66,6.52,224993,134321411.0,2.16,1.85,0.12,1.2,2073.825743999987,921,2,121219.72808879986,5732.928088799879,17498
2004-11-25,600019,6.6,6.58,6.65,6.53,73794,43778496.0,1.82,-0.3,-0.02,0.39,-350.1902341999812,922,12,120869.53785459988,28756.11785459988,13999
2004-11-26,600019,6.59,6.59,6.65,6.55,152888,91375281.0,1.52,0.15,0.01,0.81,139.71328589999757,923,13,121009.25114049988,56427.25114049988,9800
2004-11-29,600019,6.63,6.63,6.72,6.61,130244,78487416.0,1.67,0.61,0.04,0.69,391.9435786999966,924,1,121401.19471919988,50785.06471919988,10651
2004-11-30,600019,6.67,6.63,6.69,6.58,73880,44161701.0,1.66,0.0,0.0,0.39,-0.3530474999861326,925,15,121400.84167169989,86089.46167169989,5326
2004-12-01,600019,6.62,6.59,6.64,6.58,40961,24436983.0,0.9,-0.6,-0.04,0.22,-213.4703928999952,926,5,121187.3712787999,43049.741278799884,11857
2004-12-02,600019,6.58,6.53,6.59,6.49,56894,33634777.0,1.52,-0.91,-0.06,0.3,-711.8073596000177,927,9,120475.56391919988,4313.39391919988,17789
2004-12-03,600019,6.53,6.5,6.58,6.47,52659,31031211.0,1.68,-0.46,-0.03,0.28,-534.8262849999883,928,20,119940.73763419989,119940.73763419989,0
2004-12-06,600019,6.51,6.55,6.58,6.48,45130,26632781.0,1.54,0.77,0.05,0.24,-0.239860999994562,929,2,119940.4977731999,95954.39777319989,3662
2004-12-07,600019,6.55,6.54,6.6,6.49,103033,61060331.0,1.68,-0.15,-0.01,0.55,-37.003767200018046,930,4,119903.49400599988,57577.29400599989,9530
2004-12-08,600019,6.56,6.63,6.66,6.56,105089,62951184.0,1.53,1.38,0.09,0.56,857.5849032000115,931,2,120761.07890919989,46067.49890919989,11266
2004-12-09,600019,6.65,6.73,6.91,6.59,294924,180518359.0,4.83,1.51,0.1,1.57,1126.4157326000131,932,4,121887.4946417999,27640.574641799885,14004
2004-12-10,600019,6.71,6.69,6.78,6.65,114405,69484884.0,1.93,-0.59,-0.04,0.61,-560.3257782000146,933,6,121327.16886359989,11062.588863599885,16482
2004-12-13,600019,6.68,6.7,6.71,6.61,58475,35153323.0,1.49,0.15,0.01,0.31,164.7536700000055,934,6,121491.92253359989,4429.522533599885,17472
2004-12-14,600019,6.69,6.65,6.79,6.62,138010,83814906.0,2.54,-0.75,-0.05,0.74,-873.608844500006,935,2,120618.31368909989,3545.063689099885,17605
2004-12-15,600019,6.66,6.69,6.75,6.62,217732,131737442.0,1.95,0.6,0.04,1.16,703.0222255000117,936,20,121321.3359145999,121321.3359145999,0
2004-12-16,600019,6.7,6.7,6.78,6.63,125981,76564120.0,2.24,0.15,0.01,0.67,-500.0,937,18,121321.3359145999,121321.3359145999,0
2004-12-17,600019,6.64,6.64,6.7,6.63,83537,50421414.0,1.04,-0.9,-0.06,0.45,-1.0918152000085684,938,9,121320.24409939989,12138.7240993999,16443
2004-12-20,600019,6.62,6.52,6.64,6.5,82259,48656929.0,2.11,-1.81,-0.12,0.44,-1973.2085088000022,939,4,119347.03559059989,7287.7955905999,17187
2004-12-21,600019,6.53,6.53,6.64,6.51,122255,72795026.0,1.99,0.15,0.01,0.65,171.79712520002795,940,10,119518.83271579992,0.24271579989908787,18303
2004-12-22,600019,6.55,6.59,6.61,6.42,172992,102112454.0,2.91,0.92,0.06,0.92,998.179999999993,941,10,120617.01271579991,0.24271579989908787,18303
2004-12-23,600019,6.62,6.56,6.64,6.53,118061,70414399.0,1.67,-0.46,-0.03,0.63,-649.0900000000111,942,8,120067.9227157999,0.24271579989908787,18303
2004-12-24,600019,6.57,6.58,6.62,6.55,31973,19043941.0,1.07,0.3,0.02,0.17,266.0600000000122,943,2,120433.98271579991,0.24271579989908787,18303
2004-12-27,600019,6.58,6.6,6.66,6.56,182861,109258946.0,1.52,0.3,0.02,0.97,365.2144079999998,944,17,120799.19712379991,84558.5971237999,5491
2004-12-28,600019,6.65,6.62,6.65,6.58,123897,74176818.0,1.06,0.3,0.02,0.66,109.81999999999243,945,0,120909.0171237999,84558.5971237999,5491
2004-12-29,600019,6.63,6.61,6.68,6.55,110369,66104183.0,1.96,-0.15,-0.01,0.59,-55.58640130001004,946,8,120853.43072249989,16917.790722499893,15724
2004-12-30,600019,6.63,6.61,6.66,6.6,137852,82719214.0,0.91,0.0,0.0,0.73,-0.8314718999899924,947,18,120852.5992505999,100064.1492505999,3145
2004-12-31,600019,6.61,6.63,6.69,6.58,138831,83668797.0,1.66,0.3,0.02,0.74,61.999513399990974,948,9,120914.5987639999,10014.588763999898,16727
2005-01-04,600019,6.62,6.58,6.65,6.46,177989,105816720.0,2.87,-0.75,-0.05,0.95,-836.7902019999892,949,14,120077.8085619999,54034.3485619999,10037
2005-01-05,600019,6.58,6.54,6.6,6.52,100080,59332953.0,1.22,-0.61,-0.04,0.53,-402.0707582000032,950,19,119675.7378037999,113109.5778037999,1004
2005-01-06,600019,6.55,6.46,6.55,6.38,106120,61740903.0,2.6,-1.22,-0.08,0.57,-80.34590460000618,951,14,119595.3918991999,115700.01189919989,603
2005-01-07,600019,6.45,6.47,6.51,6.34,80561,46550742.0,2.63,0.15,0.01,0.43,5.914316399997915,952,1,119601.30621559989,104131.53621559989,2391
2005-01-10,600019,6.42,6.44,6.48,6.38,76205,44168003.0,1.55,-0.46,-0.03,0.41,-72.66714879999927,953,9,119528.6390667999,10415.71906679988,16943
2005-01-11,600019,6.44,6.44,6.5,6.43,32564,18969000.0,1.09,0.0,0.0,0.17,0.0,954,0,119528.6390667999,10415.71906679988,16943
2005-01-12,600019,6.45,6.45,6.45,6.41,40134,23268978.0,0.62,0.16,0.01,0.21,168.44650399999227,955,19,119697.08557079989,108764.33557079989,1695
2005-01-13,600019,6.45,6.42,6.47,6.41,61316,35601774.0,0.93,-0.47,-0.03,0.33,-50.88261360001343,956,13,119646.20295719987,112025.66295719988,1187
2005-01-14,600019,6.43,6.41,6.51,6.36,67257,39030828.0,2.34,-0.16,-0.01,0.36,-12.318058999997447,957,4,119633.88489819987,67219.31489819987,8177
2005-01-17,600019,6.33,6.31,6.39,6.23,112752,64252116.0,2.5,-1.56,-0.1,0.6,-817.7672015000135,958,1,118816.11769669986,60499.09769669987,9242
2005-01-18,600019,6.31,6.43,6.47,6.24,104025,59557267.0,3.65,1.9,0.12,0.55,1108.7428697000141,959,15,119924.86056639988,90211.83056639988,4621
2005-01-19,600019,6.43,6.42,6.48,6.37,92476,53645571.0,1.71,-0.16,-0.01,0.49,-46.239660399995046,960,11,119878.62090599988,93177.84090599988,4159
2005-01-20,600019,6.38,6.48,6.49,6.33,184780,107336637.0,2.49,0.93,0.06,0.98,249.51310800001374,961,11,120128.1340139999,95867.01401399988,3744
2005-01-21,600019,6.45,6.64,6.68,6.45,310429,185378027.0,3.55,2.47,0.16,1.65,598.8483031999785,962,2,120726.98231719987,76697.14231719988,6631
2005-01-24,600019,6.69,6.77,6.8,6.69,270681,165396801.0,1.66,1.96,0.13,1.44,861.715804300009,963,17,121588.69812149988,108116.39812149988,1990
2005-01-25,600019,6.74,6.8,6.81,6.71,216193,132499574.0,1.48,0.44,0.03,1.15,59.26758799998788,964,4,121647.96570949987,64874.76570949988,8349
2005-01-26,600019,6.78,6.79,6.85,6.74,100104,61816902.0,1.62,-0.15,-0.01,0.53,-83.68460139998933,965,3,121564.28110809988,45414.431108099874,11215
2005-01-27,600019,6.77,6.76,6.78,6.73,74165,45416059.0,0.74,-0.44,-0.03,0.4,-336.75325360000716,966,14,121227.52785449987,75739.48785449988,6729
2005-01-28,600019,6.72,6.77,6.78,6.7,59693,36510480.0,1.18,0.15,0.01,0.32,67.06225720001385,967,15,121294.59011169989,98513.54011169988,3365
2005-01-31,600019,6.77,6.79,6.84,6.73,120921,74568596.0,1.62,0.3,0.02,0.64,66.41342969999823,968,9,121361.00354139988,9855.62354139988,16422
2005-02-01,600019,6.77,6.78,6.83,6.75,125575,77409015.0,1.18,-0.15,-0.01,0.67,-164.33132759999717,969,11,121196.67221379989,20988.27221379988,14780
2005-02-02,600019,6.78,7.0,7.04,6.77,386737,244245363.0,3.98,3.24,0.22,2.06,3251.0826999999845,970,15,124447.75491379987,72717.75491379987,7390
2005-02-03,600019,7.0,7.01,7.08,6.93,371618,237933166.0,2.14,0.14,0.01,1.98,73.75461259999429,971,2,124521.50952639987,58178.86952639987,9464
2005-02-04,600019,7.04,7.21,7.25,6.96,405209,263218587.0,4.14,2.85,0.2,2.16,1892.5673333000013,972,4,126414.07685969987,34911.96685969987,12691
2005-02-16,600019,7.23,7.19,7.29,7.14,191838,126554065.0,2.08,-0.28,-0.02,1.02,-254.18496439998853,973,14,126159.89189529988,71408.04189529987,7615
2005-02-17,600019,7.19,7.01,7.19,6.97,175751,112625314.0,3.06,-2.5,-0.18,0.94,-1371.342606700011,974,9,124788.54928859987,7146.729288599869,16782
2005-02-18,600019,7.01,6.88,7.05,6.85,103300,65238679.0,2.85,-1.85,-0.13,0.55,-2181.7099488000094,975,7,122606.83933979986,2151.799339799868,17508
2005-02-21,600019,6.88,6.99,6.99,6.85,151332,95107217.0,2.03,1.6,0.11,0.81,1924.9009806000104,976,18,124531.74032039987,100052.76032039987,3502
2005-02-22,600019,6.99,7.13,7.17,6.92,268956,172889862.0,3.58,2.0,0.14,1.43,490.18017999999574,977,14,125021.92050039986,110034.66050039987,2102
2005-02-23,600019,7.13,7.21,7.29,7.0,495498,321834780.0,4.07,1.12,0.08,2.64,168.1600000000035,978,0,125190.08050039987,110034.66050039987,2102
2005-02-24,600019,7.18,7.09,7.18,7.03,201679,130279232.0,2.08,-1.66,-0.12,1.07,-253.23026030001347,979,9,124936.85024009986,11007.640240099863,16069
2005-02-25,600019,7.11,7.14,7.2,7.09,222096,144841826.0,1.55,0.71,0.05,1.18,803.1058520000079,980,13,125739.95609209986,45422.09609209986,11249
2005-02-28,600019,7.12,6.99,7.19,6.93,171100,108896692.0,3.64,-2.1,-0.15,0.91,-1687.7133402000181,981,8,124052.24275189984,9087.712751899853,16447
2005-03-01,600019,6.94,6.97,7.04,6.93,81853,52041981.0,1.57,-0.29,-0.02,0.44,-328.9671829999861,982,3,123723.27556889986,6369.385568899854,16837
2005-03-02,600019,6.93,6.71,6.97,6.69,323083,199599954.0,4.02,-3.73,-0.26,1.72,-4378.410773499985,983,17,119344.86479539987,85445.94479539988,5052
2005-03-03,600019,6.71,6.83,6.86,6.66,214569,131223082.0,2.98,1.79,0.12,1.14,605.8949484000041,984,20,119950.75974379988,119950.75974379988,0
2005-03-04,600019,6.83,6.8,6.83,6.77,94782,58444080.0,0.88,-0.44,-0.03,0.5,-500.0,985,17,119950.75974379988,119950.75974379988,0
2005-03-07,600019,6.78,6.82,6.88,6.75,204493,126431570.0,1.91,0.29,0.02,1.09,-500.0,986,19,119950.75974379988,119950.75974379988,0
2005-03-08,600019,6.84,6.88,6.89,6.73,141132,87529405.0,2.35,0.88,0.06,0.75,-500.0,987,18,119950.75974379988,119950.75974379988,0
2005-03-09,600019,6.89,6.95,7.04,6.87,360604,227039241.0,2.47,1.02,0.07,1.92,-0.47975849999056663,988,4,119950.27998529989,71974.42998529988,6903
2005-03-10,600019,6.96,6.8,6.98,6.79,136460,84958223.0,2.73,-2.16,-0.15,0.73,-1035.6377480000083,989,14,118914.64223729988,90749.04223729987,4142
2005-03-11,600019,6.8,6.75,6.88,6.72,159013,97416384.0,2.35,-0.74,-0.05,0.85,-207.21178000001237,990,14,118707.43045729987,101926.93045729987,2486
2005-03-14,600019,6.78,6.91,7.02,6.76,162447,101825263.0,3.85,2.37,0.16,0.87,397.7428632000083,991,11,119105.17332049987,103640.59332049987,2238
2005-03-15,600019,6.93,6.81,6.97,6.81,86344,53635298.0,2.32,-1.45,-0.1,0.46,-224.0072283000045,992,2,118881.16609219987,82917.55609219987,5281
2005-03-16,600019,6.81,6.8,6.87,6.76,145154,89498549.0,1.62,-0.15,-0.01,0.77,-53.55616400000872,993,9,118827.60992819986,8300.409928199864,16254
2005-03-17,600019,6.8,6.75,6.82,6.7,111082,67959044.0,1.76,-0.74,-0.05,0.59,-812.7663524999953,994,8,118014.84357569987,1665.0935756998642,17237
2005-03-18,600019,6.75,6.71,6.78,6.69,100662,61363684.0,1.33,-0.59,-0.04,0.54,-690.1739482000121,995,16,117324.66962749985,71059.21962749986,6895
2005-03-21,600019,6.72,6.8,6.8,6.71,45661,28048470.0,1.34,1.34,0.09,0.24,620.4562279999955,996,12,117945.12585549985,80436.32585549986,5516
2005-03-22,600019,6.78,6.79,6.83,6.73,77251,47520986.0,1.47,-0.15,-0.01,0.41,-55.15999999998894,997,0,117889.96585549986,80436.32585549986,5516
2005-03-23,600019,6.78,6.63,6.78,6.59,154729,93143723.0,2.8,-2.36,-0.16,0.82,-882.7793867,998,16,117007.18646879986,102374.77646879986,2207
2005-03-24,600019,6.63,6.69,6.74,6.6,72647,43914877.0,2.11,0.9,0.06,0.39,131.80579109999235,999,6,117138.99225989985,40953.272259899844,11388
2005-03-25,600019,6.69,6.69,6.73,6.63,95997,58028191.0,1.49,0.0,0.0,0.51,-0.07613220001803711,1000,11,117138.91612769983,48566.41612769984,10250
2005-03-28,600019,6.69,6.73,6.76,6.62,119626,72478896.0,2.09,0.6,0.04,0.64,409.611544400017,1001,8,117548.52767209985,9720.467672099832,16022
2005-03-29,600019,6.73,6.81,6.87,6.71,92903,57442656.0,2.38,1.19,0.08,0.49,1281.4327113999752,1002,13,118829.96038349983,42449.000383499835,11216
2005-03-30,600019,6.79,6.76,6.82,6.72,56981,34865143.0,1.47,-0.73,-0.05,0.3,-561.2548803999962,1003,16,118268.70550309983,87936.58550309984,4487
2005-03-31,600019,6.73,6.8,6.81,6.62,153657,93436300.0,2.81,0.59,0.04,0.82,179.30415199999698,1004,2,118448.00965509983,70351.60965509983,7073
2005-04-01,600019,6.78,6.93,7.05,6.74,448921,283234637.0,4.56,1.91,0.13,2.39,919.2939503000089,1005,14,119367.30360539984,89956.38360539984,4244
2005-04-04,600019,6.92,6.92,7.0,6.83,226413,142783623.0,2.45,-0.14,-0.01,1.21,-42.58684239999275,1006,15,119324.71676299984,104640.47676299984,2122
2005-04-05,600019,6.91,6.78,6.95,6.74,271291,167761618.0,3.03,-2.02,-0.14,1.45,-297.2892308000155,1007,2,119027.42753219983,83717.18753219984,5208
2005-04-06,600019,6.76,6.72,6.78,6.62,253874,154010163.0,2.36,-0.88,-0.06,1.35,-312.98225279999315,1008,6,118714.44527939984,33491.405279399834,12682
2005-04-07,600019,6.72,6.69,6.79,6.62,247252,150743031.0,2.53,-0.45,-0.03,1.32,-380.7278675999987,1009,8,118333.71741179984,6704.377411799829,16686
2005-04-08,600019,6.71,6.74,6.76,6.63,108390,65633306.0,1.94,0.75,0.05,0.58,834.286654800002,1010,2,119168.00406659984,5369.84406659983,16884
2005-04-11,600019,6.73,6.63,6.73,6.63,107125,64537571.0,1.48,-1.63,-0.11,0.57,-1857.2936367000075,1011,10,117310.71042989983,6.120429899829105,17693
2005-04-12,600019,6.63,6.63,6.69,6.61,83091,49960232.0,1.21,0.0,0.0,0.44,-0.7037744999979623,1012,16,117310.00665539983,70382.86665539983,7078
2005-04-13,600019,6.68,6.74,6.83,6.68,222079,135838932.0,2.26,1.66,0.11,1.18,778.3891906000063,1013,14,118088.39584599984,89463.61584599984,4247
2005-04-14,600019,6.83,6.85,6.94,6.78,320812,199821622.0,2.37,1.63,0.11,1.71,467.0245744999993,1014,15,118555.42042049984,104006.02042049984,2124
2005-04-15,600019,6.78,6.77,6.96,6.73,594162,369804864.0,3.36,-1.17,-0.08,3.17,-170.12797439999122,1015,2,118385.29244609985,83208.37244609985,5196
2005-04-18,600019,6.76,6.67,6.85,6.65,570264,348673782.0,2.95,-1.48,-0.1,3.04,-520.1823577000032,1016,7,117865.11008839984,24972.020088399848,13927
2005-04-19,600019,6.68,6.65,6.78,6.59,885196,532066181.0,2.85,-0.3,-0.02,4.72,-278.91040500000236,1017,14,117586.19968339984,62012.149683399846,8357
2005-04-27,600019,6.06,6.05,6.13,6.05,944733,513366279.0,1.2,-9.02,-0.6,2.68,-5014.604442499985,1018,18,112571.59524089986,102455.99524089985,1672
2005-04-28,600019,5.91,5.91,5.97,5.81,938701,492891593.0,2.64,-2.31,-0.14,2.66,-234.284899700011,1019,2,112337.31034119985,81965.82034119984,5139
2005-04-29,600019,5.88,5.94,5.96,5.85,476517,250964781.0,1.86,0.51,0.03,1.35,153.92580660000385,1020,18,112491.23614779985,106384.91614779984,1028
2005-05-09,600019,5.83,5.75,5.91,5.74,629567,324267654.0,2.86,-3.2,-0.19,1.79,-195.32000000000698,1021,0,112295.91614779984,106384.91614779984,1028
2005-05-10,600019,5.75,5.8,5.84,5.75,361815,186835796.0,1.57,0.87,0.05,1.03,50.54896600000211,1022,8,112346.46511379984,21280.66511379984,15701
2005-05-11,600019,5.8,5.75,5.82,5.74,194488,100030823.0,1.38,-0.86,-0.05,0.55,-785.5916500000021,1023,16,111560.87346379984,75445.12346379984,6281
2005-05-12,600019,5.75,5.48,5.77,5.44,855706,423093897.0,5.74,-4.7,-0.27,2.43,-1696.0963239999983,1024,3,109864.77713979984,52812.49713979984,10411
2005-05-13,600019,5.47,5.51,5.64,5.45,493118,242007021.0,3.47,0.55,0.03,1.4,312.22442839998985,1025,2,110177.00156819983,42255.23156819984,12327
2005-05-16,600019,5.52,5.47,5.53,5.4,194296,93916860.0,2.36,-0.73,-0.04,0.55,-493.46021970000584,1026,9,109683.54134849983,4232.881348499832,19278
2005-05-17,600019,5.47,5.48,5.55,5.43,170223,82880328.0,2.19,0.18,0.01,0.48,191.72356559999753,1027,20,109875.26491409983,109875.26491409983,0
2005-05-18,600019,5.48,5.48,5.55,5.45,181687,88303457.0,1.82,0.0,0.0,0.52,-0.21974800000316463,1028,2,109875.04516609982,87900.24516609982,4010
2005-05-19,600019,5.51,5.47,5.51,5.37,273336,131589660.0,2.55,-0.18,-0.01,0.78,-40.10000000000582,1029,0,109834.94516609982,87900.24516609982,4010
2005-05-20,600019,5.47,5.5,5.56,5.42,211076,102930248.0,2.56,0.55,0.03,0.6,120.10150499999872,1030,19,109955.04667109982,107749.54667109982,401
2005-05-23,600019,5.5,5.37,5.5,5.37,234316,111950014.0,2.36,-2.36,-0.13,0.66,-52.132147999989684,1031,11,109902.91452309983,107964.34452309982,361
2005-05-24,600019,5.37,5.3,5.37,5.16,569198,262546670.0,3.91,-1.3,-0.07,1.61,-26.133688000030816,1032,8,109876.7808350998,21594.680835099804,16657
2005-05-25,600019,5.3,5.27,5.35,5.23,138778,64555521.0,2.26,-0.57,-0.03,0.39,-499.8826979000005,1033,8,109376.8981371998,4324.718137199805,19934
2005-05-26,600019,5.27,5.29,5.35,5.26,190485,89198242.0,1.71,0.38,0.02,0.54,398.67571510002017,1034,1,109775.57385229981,3896.223852299805,20015
2005-05-27,600019,5.28,5.33,5.37,5.27,235573,110569311.0,1.89,0.76,0.04,0.67,800.5999999999913,1035,0,110576.1738522998,3896.223852299805,20015
2005-05-30,600019,5.33,5.36,5.39,5.3,224805,106030462.0,1.69,0.56,0.03,0.64,600.4500000000116,1036,0,111176.62385229982,3896.223852299805,20015
2005-05-31,600019,5.39,5.43,5.47,5.36,283357,135951169.0,2.05,1.31,0.07,0.8,1401.0344701999857,1037,4,112577.6583224998,2343.2283224998046,20301
2005-06-01,600019,5.43,5.39,5.53,5.37,276521,133318973.0,2.95,-0.74,-0.04,0.78,-812.0446354000014,1038,2,111765.6136870998,1879.6836870998045,20387
2005-06-02,600019,5.38,5.29,5.39,5.22,404769,189508214.0,3.15,-1.86,-0.1,1.15,-2038.7056073999993,1039,3,109726.9080796998,1318.9380796998043,20493
2005-06-03,600019,5.26,5.24,5.3,5.18,266809,122895033.0,2.27,-0.95,-0.05,0.76,-1024.6526199999935,1040,2,108702.25545969981,1056.9354596998044,20543
2005-06-06,600019,5.24,5.35,5.37,5.18,272943,127090476.0,3.63,2.1,0.11,0.77,2259.7299999999814,1041,0,110961.98545969979,1056.9354596998044,20543
2005-06-07,600019,5.37,5.36,5.5,5.35,396284,190158461.0,2.8,0.19,0.01,1.12,204.65923200000543,1042,17,111166.6446916998,78132.9646916998,6163
2005-06-08,600019,5.47,5.78,5.82,5.37,1373683,694316379.0,8.4,7.84,0.42,3.89,2588.1750460000185,1043,18,113754.81973769981,106628.07973769981,1233
2005-06-09,600019,5.78,5.75,5.88,5.65,850536,436397472.0,3.98,-0.52,-0.03,2.41,-37.62968750001164,1044,6,113717.1900501998,42658.6900501998,12358
2005-06-10,600019,5.75,5.71,5.76,5.62,563409,284140007.0,2.43,-0.7,-0.04,1.59,-494.320000000007,1045,0,113222.8700501998,42658.6900501998,12358
2005-06-13,600019,5.71,5.58,5.71,5.54,534920,248934485.0,2.98,-2.28,-0.13,1.51,-1606.6252623999899,1046,2,111616.2447877998,34132.3647877998,13886
2005-06-14,600019,5.6,5.61,5.77,5.57,765740,362277399.0,3.58,0.54,0.03,2.17,416.19049770000856,1047,15,112032.43528549981,73082.2052854998,6943
2005-06-15,600019,5.6,5.66,5.74,5.58,513076,241900702.0,2.85,0.89,0.05,1.45,347.1499999999942,1048,0,112379.58528549981,73082.2052854998,6943
2005-06-16,600019,5.66,5.76,5.77,5.63,387392,184186210.0,2.47,1.77,0.1,1.1,694.2999999999884,1049,0,113073.8852854998,73082.2052854998,6943
2005-06-17,600019,5.85,5.84,5.9,5.77,616239,301060667.0,2.26,1.39,0.08,1.74,554.8554160000058,1050,8,113628.7407014998,14623.220701499798,16953
2005-06-29,600019,6.26,5.98,6.26,5.97,2283338,1169806531.0,4.97,2.4,0.14,6.46,2373.4199999999983,1051,0,116002.1607014998,14623.220701499798,16953
2005-06-30,600019,5.96,5.93,6.01,5.92,547807,274282102.0,1.51,-0.84,-0.05,1.55,-847.7377047000045,1052,6,115154.4229967998,5852.662996799798,18432
2005-07-01,600019,5.93,6.04,6.06,5.92,562611,284854160.0,2.36,1.85,0.11,1.59,2026.629402000006,1053,18,117181.0523987998,94911.5723987998,3687
2005-07-04,600019,6.02,6.04,6.06,5.95,324253,164467246.0,1.82,0.0,0.0,0.92,-0.4745024000003468,1054,5,117180.5778963998,47460.85789639981,11543
2005-07-05,600019,5.99,5.91,6.01,5.89,327426,162820651.0,1.99,-2.15,-0.13,0.93,-1500.6849146000022,1055,2,115679.8929817998,37969.3029817998,13149
2005-07-06,600019,5.91,5.86,5.94,5.85,205848,101540696.0,1.52,-0.85,-0.05,0.58,-657.7916965999902,1056,9,115022.10128519981,3799.301285199799,18980
2005-07-07,600019,5.86,5.88,5.91,5.85,100131,49339593.0,1.02,0.34,0.02,0.28,379.56965919998765,1057,8,115401.6709443998,765.1909443997993,19496
2005-07-08,600019,5.87,5.83,5.89,5.8,165269,80880898.0,1.53,-0.85,-0.05,0.47,-975.5956200999935,1058,17,114426.0753242998,80326.4053242998,5849
2005-07-11,600019,5.86,5.83,5.95,5.81,417525,205538575.0,2.4,0.0,0.0,1.09,-0.1022582000005059,1059,13,114425.9730660998,90552.12306609981,4095
2005-07-12,600019,5.84,5.98,6.0,5.81,693233,343916867.0,3.26,2.57,0.15,1.81,613.3445084000123,1060,10,115039.31757449982,2.0575744998059236,19237
2005-07-13,600019,5.97,5.95,6.0,5.9,302201,151503983.0,1.67,-0.5,-0.03,0.79,-677.1100000000006,1061,7,114462.20757449981,2.0575744998059236,19237
2005-07-14,600019,5.95,6.01,6.06,5.94,313553,158814865.0,2.02,1.01,0.06,0.82,1054.2199999999866,1062,4,115616.4275744998,2.0575744998059236,19237
2005-07-15,600019,6.01,6.0,6.07,5.97,180384,91296036.0,1.66,-0.17,-0.01,0.47,-192.36999999999534,1063,0,115424.0575744998,2.0575744998059236,19237
2005-07-18,600019,5.98,6.0,6.03,5.96,119539,60357322.0,1.17,0.0,0.0,0.31,-0.5770799999882001,1064,15,115423.48049449982,57709.48049449981,9619
2005-07-19,600019,6.0,6.0,6.01,5.94,143181,71945600.0,1.17,0.0,0.0,0.37,-0.05766000000585336,1065,1,115423.42283449981,51943.42283449981,10580
2005-07-20,600019,6.0,6.07,6.07,5.98,437594,223085710.0,1.5,1.17,0.07,1.14,740.6000000000058,1066,0,116164.02283449982,51943.42283449981,10580
2005-07-21,600019,6.07,6.13,6.16,6.05,761373,392375735.0,1.81,0.99,0.06,1.99,634.69615779999,1067,2,116798.71899229981,41559.09899229981,12274
2005-07-22,600019,6.15,6.09,6.18,6.06,942154,485842751.0,1.96,-0.65,-0.04,2.46,-491.043067599996,1068,2,116307.67592469981,33252.25592469981,13638
2005-08-18,600019,5.63,5.53,5.71,5.51,4097098,1916169205.0,3.28,-9.2,-0.56,8.66,-7637.807893799996,1069,17,108669.86803089982,86041.10803089982,4092
2005-08-19,600019,5.54,5.57,5.61,5.53,1443944,666012329.0,1.45,0.72,0.04,3.05,163.42188619999797,1070,3,108833.28991709981,60229.46991709982,8726
2005-08-22,600019,6.62,6.59,6.73,6.53,1068308,495651415.0,3.59,18.31,1.02,2.26,8899.917739900004,1071,10,117733.20765699982,2.8576569998185732,17865
2005-08-23,600019,6.59,6.52,6.62,6.51,879277,404000589.0,1.67,-1.06,-0.07,1.86,-1350.5500000000175,1072,8,116482.6576569998,2.8576569998185732,17865
2005-08-24,600019,6.52,6.53,6.58,6.51,871081,399128915.0,1.07,0.15,0.01,1.84,78.65000000002328,1073,1,116661.30765699982,2.8576569998185732,17865
2005-08-25,600019,6.53,6.48,6.54,6.46,1173418,533185896.0,1.23,-0.77,-0.05,2.48,-993.25,1074,10,115768.05765699982,2.8576569998185732,17865
2005-08-26,600019,6.48,6.47,6.5,6.47,1097548,497607600.0,0.46,-0.15,-0.01,2.32,-278.6500000000233,1075,4,115589.4076569998,2.8576569998185732,17865
2005-08-29,600019,6.47,6.39,6.48,6.39,747995,336227083.0,1.39,-1.24,-0.08,1.58,-1529.1999999999825,1076,8,114160.20765699982,2.8576569998185732,17865
2005-08-30,600019,6.37,6.39,6.42,6.35,323934,144506912.0,1.1,0.0,0.0,0.68,-100.0,1077,10,114160.20765699982,2.8576569998185732,17865
2005-08-31,600019,6.4,6.44,6.45,6.37,308931,138506838.0,1.25,0.78,0.05,0.65,893.25,1078,0,115053.45765699982,2.8576569998185732,17865
2005-09-01,600019,6.44,6.47,6.47,6.42,487440,220050972.0,0.78,0.47,0.03,1.03,435.94999999998254,1079,8,115589.4076569998,2.8576569998185732,17865
2005-09-02,600019,6.47,6.42,6.47,6.4,301738,135449295.0,1.08,-0.77,-0.05,0.64,-893.5940477999684,1080,13,114695.81360919983,34407.29360919982,12506
2005-09-05,600019,6.41,6.41,6.42,6.34,688112,306254868.0,1.25,-0.16,-0.01,1.45,-125.62113139999565,1081,17,114570.19247779984,90519.87247779983,3752
2005-09-06,600019,6.4,6.33,6.41,6.33,540318,239471790.0,1.25,-1.25,-0.08,1.14,-300.30248830000346,1082,16,114269.88998949983,104768.55998949983,1501
2005-09-07,600019,6.33,6.34,6.35,6.31,368501,162560200.0,0.63,0.16,0.01,0.78,14.943429999999353,1083,17,114284.83341949983,111425.49341949983,451
2005-09-08,600019,6.34,6.33,6.35,6.3,527273,232278445.0,0.79,-0.16,-0.01,1.11,-5.624206599997706,1084,10,114279.20921289983,3.7192128998285625,18053
2005-09-09,600019,6.33,6.37,6.4,6.31,463511,205446458.0,1.42,0.63,0.04,0.98,622.1199999999953,1085,2,115001.32921289983,3.7192128998285625,18053
2005-09-12,600019,6.37,6.4,6.45,6.36,481956,215278500.0,1.41,0.47,0.03,1.02,541.1278560000064,1086,14,115542.45706889984,46217.65706889983,10832
2005-09-13,600019,6.4,6.4,6.41,6.34,612849,272914409.0,1.09,0.0,0.0,1.3,-0.32345599999825936,1087,7,115542.13361289984,13871.733612899829,15886
2005-09-14,600019,6.4,6.39,6.41,6.37,447415,199250042.0,0.63,-0.16,-0.01,0.95,-158.99866300000576,1088,10,115383.13494989983,5.29494989982777,18056
2005-09-15,600019,6.4,6.4,6.4,6.37,305316,135997554.0,0.47,0.16,0.01,0.65,80.55999999999767,1089,2,115563.69494989983,5.29494989982777,18056
2005-09-16,600019,6.4,6.39,6.4,6.37,429921,191429248.0,0.47,-0.16,-0.01,0.91,-280.5599999999977,1090,8,115383.13494989983,5.29494989982777,18056
2005-09-19,600019,6.39,6.41,6.41,6.37,402304,179437271.0,0.63,0.31,0.02,0.85,360.7728344000061,1091,13,115743.90778429984,34721.50778429983,12640
2005-09-20,600019,6.41,6.39,6.45,6.37,283460,126976450.0,1.25,-0.31,-0.02,0.6,-252.9388547000126,1092,4,115490.96892959983,20835.89892959983,14813
2005-09-21,600019,6.39,6.35,6.41,6.31,685843,304317582.0,1.56,-0.63,-0.04,1.45,-592.6449680000078,1093,6,114898.32396159982,8338.97396159983,16781
2005-09-22,600019,6.31,6.22,6.33,6.17,358883,155254099.0,2.52,-2.05,-0.13,0.76,-2181.6133479999844,1094,10,112716.71061359983,4.090613599830249,18121
2005-09-23,600019,6.22,6.2,6.24,6.19,118339,51083091.0,0.8,-0.32,-0.02,0.25,-462.4200000000128,1095,9,112354.29061359982,4.090613599830249,18121
2005-09-26,600019,6.2,6.13,6.23,6.12,193782,82808321.0,1.77,-1.13,-0.07,0.41,-1368.4700000000012,1096,10,111085.82061359982,4.090613599830249,18121
2005-09-27,600019,6.13,6.08,6.17,6.06,193841,81759062.0,1.79,-0.82,-0.05,0.41,-1006.0499999999884,1097,5,110179.77061359983,4.090613599830249,18121
2005-09-28,600019,6.07,6.07,6.12,6.06,156927,66079581.0,0.99,-0.16,-0.01,0.33,-181.20999999999185,1098,0,109998.56061359984,4.090613599830249,18121
2005-09-29,600019,6.08,6.11,6.13,6.06,247234,104248874.0,1.15,0.66,0.04,0.52,724.7292867999931,1099,11,110723.28990039983,11075.29990039983,16309
2005-09-30,600019,6.11,6.17,6.23,6.08,239878,102739394.0,2.45,0.98,0.06,0.51,978.3387962999986,1100,12,111701.62869669983,31195.46869669983,13048
2005-10-10,600019,6.17,6.09,6.18,6.06,174091,73552991.0,1.94,-1.3,-0.08,0.37,-1044.0895072999992,1101,8,110657.53918939983,6244.489189399828,17145
2005-10-11,600019,6.09,6.11,6.13,6.06,167892,70747923.0,1.15,0.33,0.02,0.35,342.8875355999917,1102,2,111000.42672499982,4998.036724999828,17349
2005-10-12,600019,6.11,6.09,6.12,6.06,299473,125994017.0,0.98,-0.33,-0.02,0.63,-347.7195696000126,1103,17,110652.70715539981,78954.25715539981,5205
2005-10-13,600019,6.12,6.14,6.2,6.11,414387,177383564.0,1.48,0.82,0.05,0.88,259.9943304000044,1104,18,110912.70148579981,104520.96148579981,1041
2005-10-14,600019,6.15,6.07,6.18,6.04,221042,93089013.0,2.28,-1.14,-0.07,0.47,-73.70614249999926,1105,8,110838.99534329982,20905.875343299806,14816
2005-10-17,600019,6.07,5.95,6.07,5.87,353079,145031004.0,3.29,-1.98,-0.12,0.75,-1777.9200000000128,1106,0,109061.0753432998,20905.875343299806,14816
2005-10-18,600019,5.95,5.93,6.0,5.89,407176,166300624.0,1.85,-0.34,-0.02,0.86,-296.4036130000022,1107,4,108764.6717302998,12544.491730299806,16226
2005-10-19,600019,5.93,5.89,5.96,5.87,287128,116681059.0,1.52,-0.67,-0.04,0.61,-649.7089861999848,1108,17,108114.96274409982,79442.44274409981,4868
2005-10-20,600019,5.89,5.87,5.91,5.83,468996,188657072.0,1.36,-0.34,-0.02,0.99,-97.51884220000647,1109,2,108017.44390189981,63558.06390189981,7574
2005-10-21,600019,5.87,5.85,5.89,5.83,414509,166344602.0,1.02,-0.34,-0.02,0.88,-151.47999999999593,1110,0,107865.96390189981,63558.06390189981,7574
2005-10-24,600019,5.84,5.86,5.92,5.83,542797,218062669.0,1.54,0.17,0.01,1.15,75.6956397999893,1111,11,107941.6595416998,67994.0395416998,6817
2005-10-25,600019,5.86,5.86,5.87,5.83,472160,189400143.0,0.68,0.0,0.0,1.0,-0.159743600001093,1112,14,107941.4997980998,83968.2397980998,4091
2005-10-26,600019,5.86,5.76,5.86,5.69,522086,205730156.0,2.9,-1.71,-0.1,1.1,-409.267903999993,1113,2,107532.23189409981,67177.67189409981,7006
2005-10-27,600019,5.74,5.69,5.74,5.61,340504,131772809.0,2.26,-1.22,-0.07,0.72,-490.6214828999946,1114,3,107041.61041119981,47029.180411199806,10547
2005-10-28,600019,5.69,5.75,5.76,5.64,281956,109880446.0,2.11,1.05,0.06,0.6,632.8199999999924,1115,0,107674.4304111998,47029.180411199806,10547
2005-10-31,600019,5.74,5.78,5.81,5.64,246496,97452316.0,2.96,0.52,0.03,0.52,316.4100000000035,1116,0,107990.84041119981,47029.180411199806,10547
2005-11-01,600019,5.76,5.7,5.78,5.67,170551,66390568.0,1.9,-1.38,-0.08,0.36,-844.1832250000007,1117,9,107146.65718619981,4706.2571861998,17972
2005-11-02,600019,5.69,5.75,5.84,5.69,262771,104294620.0,2.63,0.88,0.05,0.56,898.581197499996,1118,4,108045.2383836998,2825.9883836998,18299
2005-11-03,600019,5.75,5.69,5.79,5.68,223411,87507338.0,1.91,-1.04,-0.06,0.47,-1097.968222399999,1119,10,106947.2701612998,3.7201612997996563,18795
2005-11-04,600019,5.73,5.74,5.75,5.68,177478,69361509.0,1.23,0.88,0.05,0.38,939.75,1120,0,107887.0201612998,3.7201612997996563,18795
2005-11-07,600019,5.74,5.72,5.74,5.67,131013,51024013.0,1.22,-0.35,-0.02,0.28,-376.43750840000575,1121,15,107510.5826528998,53754.0226528998,9398
2005-11-08,600019,5.72,5.72,5.72,5.67,206509,80383847.0,0.87,0.0,0.0,0.44,-0.05371079999895301,1122,11,107510.5289420998,59125.048942099806,8459
2005-11-09,600019,5.7,5.72,5.83,5.69,441594,173670663.0,2.45,0.0,0.0,0.93,-0.3386811999953352,1123,17,107510.1902608998,92992.8302608998,2538
2005-11-10,600019,5.72,5.63,5.73,5.63,402348,155266156.0,1.75,-1.57,-0.09,0.85,-228.4771444999933,1124,14,107281.71311639981,98707.22311639981,1523
2005-11-11,600019,5.64,5.58,5.67,5.54,323548,123165810.0,2.31,-0.89,-0.05,0.68,-77.13704620000499,1125,10,107204.57607019981,1.6160701998014702,19212
2005-11-14,600019,5.58,5.57,5.62,5.53,179785,67978569.0,1.61,-0.18,-0.01,0.38,-292.11999999999534,1126,5,107012.45607019981,1.6160701998014702,19212
2005-11-15,600019,5.57,5.58,5.61,5.56,136500,51878837.0,0.9,0.18,0.01,0.29,92.11999999999534,1127,6,107204.57607019981,1.6160701998014702,19212
2005-11-16,600019,5.58,5.73,5.75,5.54,511319,198229297.0,3.76,2.69,0.15,1.08,2881.800000000003,1128,0,110086.37607019981,1.6160701998014702,19212
2005-11-17,600019,5.73,5.64,5.73,5.63,312567,121379032.0,1.75,-1.57,-0.09,0.66,-1729.6217784000182,1129,15,108356.75429179979,54178.9142917998,9606
2005-11-18,600019,5.64,5.74,5.83,5.64,1018883,400968250.0,3.37,1.77,0.1,2.15,960.6000000000058,1130,0,109317.3542917998,54178.9142917998,9606
2005-11-21,600019,5.74,5.75,5.78,5.69,361132,141801875.0,1.57,0.17,0.01,0.76,95.73495250000269,1131,6,109413.0892442998,21673.8392442998,15259
2005-11-22,600019,5.76,5.68,5.76,5.67,449830,175475276.0,1.57,-1.22,-0.07,0.95,-1068.1733384000108,1132,2,108344.91590589979,17339.9559058998,16022
2005-11-23,600019,5.68,5.76,5.8,5.63,546836,214119719.0,2.99,1.41,0.08,1.16,1280.929465600013,1133,19,109625.8453714998,100392.5653714998,1603
2005-11-24,600019,5.76,5.83,5.96,5.76,1141898,461597884.0,3.47,1.22,0.07,2.41,112.1726297000132,1134,14,109738.01800119982,104129.55800119981,962
2005-11-25,600019,5.81,5.84,5.84,5.76,353061,140514494.0,1.37,0.17,0.01,0.75,9.575090399986948,1135,18,109747.5930915998,108620.47309159981,193
2005-11-28,600019,5.79,5.83,5.84,5.76,313184,124699902.0,1.37,-0.17,-0.01,0.66,-1.929999999993015,1136,0,109745.66309159981,108620.47309159981,193
2005-11-29,600019,5.81,5.75,5.81,5.72,266733,104986096.0,1.54,-1.37,-0.08,0.56,-16.417557500011753,1137,9,109729.2455340998,10863.745534099799,17194
2005-11-30,600019,5.74,5.73,5.74,5.69,166474,65022542.0,0.87,-0.35,-0.02,0.35,-343.966866799994,1138,8,109385.2786672998,2176.978667299798,18710
2005-12-01,600019,5.73,5.73,5.75,5.7,136953,53656423.0,0.87,0.0,0.0,0.29,-0.008652299991808832,1139,4,109385.27001499981,1311.740014999798,18861
2005-12-02,600019,5.73,5.68,5.75,5.65,286796,111744158.0,1.75,-0.87,-0.05,0.61,-943.0500000000175,1140,0,108442.2200149998,1311.740014999798,18861
2005-12-05,600019,5.68,5.63,5.68,5.61,348735,133640794.0,1.23,-0.88,-0.05,0.74,-943.0617103999975,1141,9,107499.1583045998,140.6883045997979,19069
2005-12-06,600019,5.62,5.73,5.8,5.61,672832,263687397.0,3.37,1.78,0.1,1.42,1906.1351596000168,1142,17,109405.29346419981,76623.96346419981,5721
2005-12-07,600019,5.73,5.79,5.81,5.72,525268,208343984.0,1.57,1.05,0.06,1.11,343.02816839999286,1143,17,109748.32163259981,99806.89163259981,1717
2005-12-08,600019,5.79,5.74,5.79,5.7,287708,113341941.0,1.55,-0.86,-0.05,0.61,-85.85981540000648,1144,11,109662.4618171998,100788.4218171998,1546
2005-12-09,600019,5.74,5.79,5.84,5.73,421327,167437518.0,1.92,0.87,0.05,0.89,77.2910833999922,1145,11,109739.7529005998,101680.0729005998,1392
2005-12-12,600019,5.79,5.76,5.8,5.74,207519,82020378.0,1.04,-0.52,-0.03,0.44,-41.75999999999476,1146,0,109697.9929005998,101680.0729005998,1392
2005-12-13,600019,5.76,5.73,5.78,5.69,306385,119832789.0,1.56,-0.52,-0.03,0.65,-42.16671539998788,1147,4,109655.82618519981,61008.1261851998,8490
2005-12-14,600019,5.7,5.73,5.76,5.69,230670,90185592.0,1.22,0.0,0.0,0.49,-0.4880241000209935,1148,8,109655.33816109979,12205.228161099789,17007
2005-12-15,600019,5.73,5.73,5.76,5.67,359048,140632998.0,1.57,0.0,0.0,0.76,0.0,1149,0,109655.33816109979,12205.228161099789,17007
2005-12-16,600019,5.73,5.79,5.8,5.7,407854,161468299.0,1.75,1.05,0.06,0.86,1019.6322705000057,1150,18,110674.9704315998,90977.3904315998,3402
2005-12-19,600019,5.79,5.8,5.8,5.75,225181,89404493.0,0.86,0.17,0.01,0.48,33.56516399999964,1151,5,110708.5355955998,45493.33559559979,11244
2005-12-20,600019,5.8,5.81,5.81,5.74,265711,105244479.0,1.21,0.17,0.01,0.56,112.16704619998927,1152,6,110820.70264179978,18197.68264179979,15942
2005-12-21,600019,5.81,5.74,5.81,5.73,261384,103063670.0,1.38,-1.2,-0.07,0.55,-1115.9763915999938,1153,2,109704.72625019979,14558.48625019979,16576
2005-12-22,600019,5.74,5.74,5.76,5.72,241531,94859962.0,0.7,0.0,0.0,0.51,-0.02910179999889806,1154,2,109704.69714839979,11648.27714839979,17083
2005-12-23,600019,5.75,5.75,5.79,5.73,260381,102543502.0,1.05,0.17,0.01,0.55,170.76013749999402,1155,6,109875.45728589979,4661.957285899789,18298
2005-12-26,600019,5.75,5.85,5.87,5.74,734047,294275938.0,2.26,1.74,0.1,1.55,1829.2647834999952,1156,15,111704.72206939978,58183.07206939979,9149
2005-12-27,600019,5.85,5.92,5.95,5.84,723570,294357982.0,1.88,1.2,0.07,1.53,639.84818239999,1157,10,112344.57025179977,0.7302517997813993,18977
2005-12-28,600019,5.92,6.03,6.04,5.91,821274,339366336.0,2.2,1.86,0.11,1.74,2087.470000000001,1158,0,114432.04025179977,0.7302517997813993,18977
2005-12-29,600019,6.02,5.96,6.02,5.93,1103330,453421382.0,1.49,-1.16,-0.07,2.33,-1328.3899999999849,1159,0,113103.65025179979,0.7302517997813993,18977
2005-12-30,600019,5.96,5.97,5.98,5.89,988272,404076197.0,1.51,0.17,0.01,2.09,188.9770048999926,1160,17,113292.62725669978,79299.44725669979,5694
2006-01-04,600019,5.89,5.98,6.0,5.85,512995,209360234.0,2.51,0.17,0.01,1.33,56.94000000000233,1161,0,113349.56725669978,79299.44725669979,5694
2006-01-05,600019,5.97,6.04,6.11,5.95,1012167,424290294.0,2.68,1.0,0.06,2.61,341.5368368000054,1162,13,113691.10409349979,89615.66409349978,3986
2006-01-06,600019,6.02,6.01,6.04,5.95,678099,280457482.0,1.49,-0.5,-0.03,1.75,-120.29687280001235,1163,8,113570.80722069977,17927.667220699775,15914
2006-01-09,600019,6.01,5.98,6.01,5.92,564790,231959672.0,1.5,-0.5,-0.03,1.46,-477.473760199995,1164,3,113093.33346049978,12551.593460499775,16813
2006-01-10,600019,5.97,5.92,5.98,5.86,796425,323165909.0,2.01,-1.0,-0.06,2.06,-1009.4767248000135,1165,17,112083.85673569977,82223.37673569977,5044
2006-01-11,600019,5.91,5.91,5.96,5.85,818741,332749032.0,1.86,-0.17,-0.01,2.11,-51.09772389999125,1166,8,112032.75901179978,16450.329011799768,16173
2006-01-12,600019,5.91,5.92,5.93,5.86,528085,213775651.0,1.18,0.17,0.01,1.36,161.56554239998513,1167,10,112194.32455419976,4.404554199769336,18951
2006-01-13,600019,5.91,5.87,5.91,5.85,421277,170232689.0,1.01,-0.84,-0.05,1.09,-1047.5499999999884,1168,8,111246.77455419977,4.404554199769336,18951
2006-01-16,600019,5.86,5.78,5.87,5.78,517576,206376091.0,1.53,-1.53,-0.09,1.34,-1706.3567170000024,1169,17,109540.41783719977,76675.33783719977,5686
2006-01-17,600019,5.78,5.76,5.79,5.72,400409,157982503.0,1.21,-0.35,-0.02,1.03,-113.78549120000389,1170,12,109426.63234599977,83224.39234599977,4549
2006-01-18,600019,5.76,5.81,5.81,5.73,492963,195169890.0,1.39,0.87,0.05,1.27,227.2914451000106,1171,16,109653.92379109978,99079.72379109978,1820
2006-01-19,600019,5.83,5.91,5.98,5.74,1424644,573378839.0,4.13,1.72,0.1,3.68,182.0,1172,0,109835.92379109978,99079.72379109978,1820
2006-01-20,600019,5.91,5.9,5.93,5.84,669125,271361463.0,1.52,-0.17,-0.01,1.73,-18.307379999998375,1173,20,109817.61641109978,109817.61641109978,0
2006-01-23,600019,5.92,5.95,5.98,5.9,781430,319665222.0,1.36,0.85,0.05,2.02,-500.0,1174,20,109817.61641109978,109817.61641109978,0
2006-01-24,600019,5.95,5.9,5.96,5.89,576739,234826281.0,1.18,-0.84,-0.05,1.49,-0.5490540000027977,1175,5,109817.06735709978,54911.667357099774,9306
2006-01-25,600019,5.91,5.92,5.96,5.89,391870,159607009.0,1.19,0.34,0.02,1.01,185.6807359999948,1176,8,110002.74809309977,10984.828093099772,16726
2006-02-06,600019,5.93,6.02,6.02,5.93,745384,308620029.0,1.52,1.69,0.1,1.93,1671.7945239999972,1177,18,111674.54261709977,91531.62261709977,3346
2006-02-07,600019,6.02,6.01,6.04,5.96,754282,312729165.0,1.33,-0.17,-0.01,1.95,-34.10066600001301,1178,7,111640.44195109975,27464.381951099764,14006
2006-02-08,600019,6.0,6.01,6.03,5.95,750946,310237072.0,1.33,0.0,0.0,1.94,-0.21966549998614937,1179,8,111640.22228559977,5497.612285599764,17661
2006-02-09,600019,6.01,6.0,6.09,5.97,601541,251084465.0,2.0,-0.17,-0.01,1.55,-177.35171999999147,1180,17,111462.87056559978,79668.87056559978,5299
2006-02-10,600019,6.0,6.02,6.06,5.93,468981,194128558.0,2.17,0.33,0.02,1.21,105.97999999999593,1181,0,111568.85056559977,79668.87056559978,5299
2006-02-13,600019,6.01,6.0,6.02,5.97,309595,128151054.0,0.83,-0.33,-0.02,0.8,-106.23433999999543,1182,18,111462.61622559978,105102.61622559978,1060
2006-02-14,600019,6.0,5.97,6.01,5.93,310787,127871422.0,1.33,-0.5,-0.03,0.8,-31.86328200000571,1183,20,111430.75294359977,111430.75294359977,0
2006-02-15,600019,5.97,6.02,6.03,5.96,549180,227899442.0,1.17,0.84,0.05,1.42,-0.6685209999996005,1184,6,111430.08442259977,44577.98442259978,11105
2006-02-16,600019,6.02,5.93,6.03,5.93,438777,180697111.0,1.66,-1.5,-0.09,1.13,-999.5391278999887,1185,2,110430.54529469978,35665.10529469978,12608
2006-02-17,600019,5.93,5.96,6.02,5.91,390572,160633749.0,1.85,0.51,0.03,1.01,378.1687183999893,1186,2,110808.71401309977,28536.87401309978,13804
2006-02-20,600019,5.96,6.0,6.02,5.93,233362,96428706.0,1.51,0.67,0.04,0.6,552.1600000000035,1187,0,111360.87401309978,28536.87401309978,13804
2006-02-21,600019,6.0,6.19,6.2,5.98,2025734,858342899.0,3.67,3.17,0.19,5.23,2622.7600000000093,1188,0,113983.63401309979,28536.87401309978,13804
2006-02-22,600019,6.19,6.23,6.31,6.15,1710870,744253179.0,2.58,0.65,0.04,4.42,551.558057400005,1189,17,114535.19207049979,88730.53207049979,4142
2006-02-23,600019,6.23,6.25,6.25,6.17,592990,256132601.0,1.28,0.32,0.02,1.53,82.76237499999115,1190,13,114617.95444549978,96492.95444549978,2900
2006-02-24,600019,6.29,6.28,6.39,6.26,915078,403728369.0,2.08,0.48,0.03,2.36,86.80707840000105,1191,2,114704.76152389978,77200.60152389978,5972
2006-02-27,600019,6.28,6.2,6.3,6.18,506781,219515895.0,1.91,-1.27,-0.08,1.31,-478.05617399999755,1192,18,114226.70534989978,106817.70534989978,1195
2006-02-28,600019,6.19,6.25,6.28,6.15,357830,154574047.0,2.1,0.81,0.05,0.92,59.322750000006636,1193,4,114286.02809989979,64092.278099899784,8031
2006-03-01,600019,6.28,6.24,6.29,6.19,241222,104552281.0,1.6,-0.16,-0.01,0.62,-80.7585936000105,1194,7,114205.26950629978,19232.469506299778,15220
2006-03-02,600019,6.23,6.07,6.23,6.04,483255,205749355.0,3.04,-2.72,-0.17,1.25,-2587.5153299999947,1195,6,111617.75417629979,7699.3541762997775,17120
2006-03-03,600019,6.06,6.09,6.12,6.03,269245,113251437.0,1.48,0.33,0.02,0.7,342.2957391999953,1196,11,111960.04991549978,18125.32991549978,15408
2006-03-06,600019,6.09,6.09,6.15,6.07,260314,110453249.0,1.31,0.0,0.0,0.67,-0.09378600001218729,1197,11,111959.95612949977,27503.83612949978,13868
2006-03-07,600019,6.09,6.02,6.14,6.01,368963,154628645.0,2.13,-1.15,-0.07,0.95,-970.8434371999901,1198,11,110989.11269229978,35847.47269229978,12482
2006-03-08,600019,6.01,6.01,6.04,5.96,298925,123857173.0,1.33,-0.17,-0.01,0.77,-125.10673710000992,1199,8,110864.00595519977,7173.475955199778,17253
2006-03-09,600019,6.02,6.06,6.07,6.01,141321,58963622.0,1.0,0.83,0.05,0.37,862.5454650000029,1200,11,111726.55142019977,17626.87142019978,15528
2006-03-10,600019,6.06,6.11,6.11,6.04,178782,75226321.0,1.16,0.83,0.05,0.46,776.3051728000137,1201,11,112502.85659299979,27109.49659299978,13976
2006-03-13,600019,6.12,6.15,6.2,6.11,334566,143181079.0,1.47,0.65,0.04,0.86,558.8773939999955,1202,6,113061.73398699978,10848.73398699978,16620
2006-03-14,600019,6.17,6.15,6.18,6.09,114179,48586993.0,1.46,0.0,0.0,0.29,-0.054243000005953945,1203,5,113061.67974399978,5424.379743999779,17502
2006-03-15,600019,6.14,6.15,6.15,6.11,165663,70385685.0,0.65,0.0,0.0,0.43,-0.0379454999929294,1204,7,113061.64179849978,1629.7917984997785,18119
2006-03-16,600019,6.15,6.06,6.15,6.02,303236,127294805.0,2.11,-1.46,-0.09,0.78,-1630.7262408000242,1205,10,111430.91555769976,5.695557699778419,18387
2006-03-17,600019,6.06,6.02,6.07,5.98,202472,84185888.0,1.49,-0.66,-0.04,0.52,-735.9227107999905,1206,14,110694.99284689977,44276.33284689978,11033
2006-03-20,600019,6.04,6.14,6.17,6.01,252458,106741557.0,2.66,1.99,0.12,0.65,1323.4180836000014,1207,18,112018.41093049977,98467.43093049977,2207
2006-03-21,600019,6.13,6.11,6.17,6.07,279311,118537182.0,1.63,-0.49,-0.03,0.72,-66.2234419999877,1208,11,111952.18748849978,99811.61748849977,1987
2006-03-22,600019,6.11,6.11,6.12,6.06,186910,78656707.0,0.98,0.0,0.0,0.48,-0.8982310999999754,1209,9,111951.28925739978,9987.609257399774,16688
2006-03-23,600019,6.08,6.04,6.09,6.01,291224,121660455.0,1.31,-1.15,-0.07,0.75,-1168.6639776000084,1210,15,110782.62527979977,60384.86527979978,8344
2006-03-24,600019,6.04,6.08,6.12,6.03,508710,213822573.0,1.49,0.66,0.04,1.31,333.2166303999984,1211,9,111115.84191019977,6047.361910199776,17281
2006-03-27,600019,6.08,6.06,6.08,6.02,220835,92292083.0,0.99,-0.33,-0.02,0.57,-345.63205940001353,1212,2,110770.20985079976,4841.409850799776,17480
2006-03-28,600019,6.06,6.11,6.13,6.03,369391,155788856.0,1.65,0.83,0.05,0.95,873.252380400023,1213,17,111643.46223119978,79602.62223119978,5244
2006-03-29,600019,6.13,6.17,6.22,6.09,556154,237793748.0,2.13,0.98,0.06,1.44,314.0032559999963,1214,8,111957.46548719978,15927.58548719978,15564
2006-03-30,600019,6.17,6.09,6.19,6.08,460140,195531462.0,1.78,-1.3,-0.08,1.19,-1245.263297700003,1215,9,110712.20218949977,1597.672189499779,17917
2006-03-31,600019,6.09,6.07,6.11,6.04,284008,119242851.0,1.15,-0.33,-0.02,0.73,-358.34315639999113,1216,2,110353.85903309978,1282.029033099779,17969
2006-04-03,600019,6.08,6.12,6.13,6.06,473564,199517552.0,1.15,0.82,0.05,1.22,898.4436351999902,1217,5,111252.30266829977,645.542668299779,18073
2006-04-04,600019,6.13,6.13,6.14,6.08,362611,153596207.0,0.98,0.16,0.01,0.94,180.72423779999372,1218,9,111433.02690609977,69.31690609977898,18167
2006-04-05,600019,6.13,6.17,6.25,6.12,621924,267403786.0,2.12,0.65,0.04,1.61,726.6793213000055,1219,10,112159.70622739977,1.4462273997789623,18178
2006-04-06,600019,6.18,6.13,6.19,6.09,387351,164912105.0,1.62,-0.65,-0.04,1.0,-827.1199999999953,1220,4,111432.58622739978,1.4462273997789623,18178
2006-04-07,600019,6.13,6.09,6.13,6.06,456937,192437755.0,1.14,-0.65,-0.04,1.18,-827.1199999999953,1221,7,110705.46622739978,1.4462273997789623,18178
2006-04-10,600019,6.09,6.13,6.13,6.03,362877,152689319.0,1.64,0.66,0.04,0.94,627.1199999999953,1222,10,111432.58622739978,1.4462273997789623,18178
2006-04-11,600019,6.13,6.17,6.2,6.12,783453,335500130.0,1.31,0.65,0.04,2.02,627.1199999999953,1223,6,112159.70622739977,1.4462273997789623,18178
2006-04-12,600019,6.17,6.14,6.18,6.12,314333,134078593.0,0.97,-0.49,-0.03,0.81,-546.3445039999933,1224,19,111613.36172339978,100450.84172339978,1818
2006-04-13,600019,6.14,6.13,6.19,6.08,507802,215996777.0,1.79,-0.16,-0.01,1.31,-19.18446180000319,1225,10,111594.17726159978,3.6572615997720277,18204
2006-04-14,600019,6.14,6.26,6.3,6.14,1117013,485358120.0,2.61,2.12,0.13,2.89,2365.6083561999985,1226,18,113959.78561779977,91167.12561779977,3641
2006-04-17,600019,6.25,6.29,6.34,6.24,664564,290869017.0,1.6,0.48,0.03,1.72,108.86536869998963,1227,4,114068.65098649976,54703.630986499775,9438
2006-04-18,600019,6.3,6.44,6.52,6.24,1097054,491446847.0,4.45,2.38,0.15,2.83,1415.7000000000116,1228,0,115484.35098649978,54703.630986499775,9438
2006-04-19,600019,6.45,6.44,6.5,6.33,701347,314398468.0,2.64,0.0,0.0,1.81,-0.05467559999669902,1229,1,115484.29631089978,49236.01631089977,10287
2006-04-20,600019,6.44,6.28,6.44,6.26,568740,251945399.0,2.8,-2.48,-0.16,1.47,-1646.3721600000135,1230,17,113837.92415089977,94451.56415089977,3087
2006-04-21,600019,6.26,6.31,6.36,6.17,792843,344099422.0,3.03,0.48,0.03,2.05,92.13775959999475,1231,5,113930.06191049976,47227.051910499766,10571
2006-04-24,600019,6.28,6.22,6.33,6.18,562514,242742776.0,2.38,-1.43,-0.09,1.45,-951.4844195999904,1232,2,112978.57749089977,37784.99749089977,12089
2006-04-25,600019,6.19,6.08,6.19,6.07,812106,343339621.0,1.93,-2.25,-0.14,2.1,-1692.5355136000144,1233,2,111286.04197729976,30233.561977299767,13331
2006-04-26,600019,6.07,6.15,6.19,6.02,909736,382068047.0,2.8,1.15,0.07,2.35,932.6781230000197,1234,16,112218.72010029978,79420.77010029976,5333
2006-04-27,600019,6.15,6.11,6.15,6.07,327737,138296125.0,1.3,-0.65,-0.04,0.85,-213.4787989000033,1235,2,112005.24130139977,63540.72130139976,7932
2006-04-28,600019,6.04,6.09,6.09,6.01,530496,222299325.0,1.31,-0.33,-0.02,1.37,-158.64000000001397,1236,0,111846.60130139976,63540.72130139976,7932
2006-05-08,600019,6.08,6.24,6.28,6.06,925665,396144101.0,3.61,2.46,0.15,2.39,1189.5459072000085,1237,4,113036.14720859977,38131.18720859976,12004
2006-05-09,600019,6.23,6.26,6.31,6.19,874842,381364662.0,1.92,0.32,0.02,2.26,240.00487999997858,1238,11,113276.15208859975,45643.11208859976,10804
2006-05-10,600019,6.28,6.23,6.29,6.17,602089,260469498.0,1.92,-0.48,-0.03,1.56,-324.30253899998206,1239,4,112951.84954959976,27389.029549599756,13734
2006-05-11,600019,6.23,6.18,6.3,6.18,978795,424034652.0,1.93,-0.8,-0.05,2.53,-687.124380600013,1240,15,112264.72516899975,69826.66516899975,6867
2006-05-12,600019,6.17,6.23,6.24,6.14,598444,256830221.0,1.62,0.81,0.05,1.55,343.2103857000038,1241,2,112607.93555469975,55865.09555469975,9108
2006-05-15,600019,6.24,6.5,6.5,6.24,1493644,666015826.0,4.17,4.33,0.27,3.86,2458.8248599999934,1242,6,115066.76041469975,22350.760414699747,14264
2006-05-16,600019,6.5,6.42,6.67,6.35,1418366,649024515.0,4.92,-1.23,-0.08,3.66,-1141.1199999999953,1243,0,113925.64041469975,22350.760414699747,14264
2006-05-18,600019,6.42,6.59,6.64,6.37,1264258,580365611.0,4.21,2.65,0.17,3.27,2424.7906396000035,1244,4,116350.43105429976,13414.631054299747,15620
2006-05-19,600019,6.59,6.86,7.02,6.57,1585241,762068083.0,6.83,4.1,0.27,4.09,4217.400000000009,1245,0,120567.83105429976,13414.631054299747,15620
2006-05-22,600019,6.86,6.94,7.11,6.86,1218018,605151924.0,3.64,1.17,0.08,3.15,1248.5159719999938,1246,20,121816.34702629976,121816.34702629976,0
2006-05-23,600019,6.92,6.8,6.96,6.7,857688,413697516.0,3.75,-2.02,-0.14,2.22,-0.9744400000054156,1247,8,121815.37258629975,24371.372586299753,14330
2006-05-24,600019,6.89,6.83,7.05,6.62,861905,414233482.0,6.32,0.44,0.03,2.23,429.6806886999984,1248,9,122245.05327499975,2440.0232749997485,17541
2006-05-25,600019,6.85,6.75,6.86,6.68,416482,183925010.0,2.64,-1.17,-0.08,1.08,-1403.2848599999998,1249,2,120841.76841499975,1954.0184149997485,17613
2006-05-26,600019,6.74,6.8,6.84,6.72,373926,167845951.0,1.78,0.74,0.05,0.97,880.6324560000066,1250,9,121722.40087099976,199.60087099974862,17871
2006-05-29,600019,6.86,6.96,7.01,6.78,549737,251251250.0,3.38,2.35,0.16,1.42,2859.3600000000006,1251,0,124581.76087099976,199.60087099974862,17871
2006-05-30,600019,7.01,6.83,7.03,6.76,563919,254687846.0,3.88,-1.87,-0.13,1.46,-2323.2317758000136,1252,9,122258.52909519974,22.01909519974859,17897
2006-05-31,600019,6.83,6.75,6.91,6.73,571209,256320778.0,2.64,-1.17,-0.08,1.48,-1531.7599999999948,1253,2,120826.76909519975,22.01909519974859,17897
2006-06-01,600019,6.76,6.79,6.83,6.7,501870,223298334.0,1.93,0.59,0.04,1.3,715.879932099997,1254,4,121542.64902729975,15.22902729974859,17898
2006-06-02,600019,6.8,6.69,6.83,6.65,759127,333888172.0,2.65,-1.47,-0.1,1.96,-1789.800133800003,1255,10,119752.84889349974,1.8488934997485895,17900
2006-06-05,600019,6.69,6.76,6.76,6.65,511455,225365314.0,1.64,1.05,0.07,1.32,1253.0,1256,0,121005.84889349974,1.8488934997485895,17900
2006-06-06,600019,6.76,6.75,6.8,6.69,323041,143494026.0,1.63,-0.15,-0.01,0.83,-279.0,1257,1,120826.84889349974,1.8488934997485895,17900
2006-06-07,600019,6.74,6.62,6.83,6.61,697930,306911399.0,3.26,-1.93,-0.13,1.8,-2427.0,1258,2,118499.84889349974,1.8488934997485895,17900
2006-06-08,600019,6.58,6.64,6.65,6.5,583495,249832772.0,2.27,0.3,0.02,1.51,357.52457599999616,1259,14,118857.37346949974,47543.77346949975,10740
2006-06-09,600019,6.64,6.51,6.64,6.45,653937,278998807.0,2.86,-1.96,-0.13,1.69,-1396.3901570999878,1260,4,117460.98331239975,28527.873312399748,13661
2006-06-12,600019,6.47,6.51,6.54,6.46,206394,87354889.0,1.23,0.0,0.0,0.53,-0.057027600007131696,1261,2,117460.92628479975,22825.056284799746,14537
2006-06-13,600019,6.5,6.45,6.54,6.42,247042,104005625.0,1.84,-0.92,-0.06,0.64,-872.3341004999966,1262,5,116588.59218429975,11414.892184299744,16306
2006-06-14,600019,6.44,6.34,6.45,6.28,444197,182200546.0,2.64,-1.71,-0.11,1.15,-1793.6600000000035,1263,0,114794.93218429975,11414.892184299744,16306
2006-06-15,600019,6.34,6.34,6.36,6.31,232491,95242904.0,0.79,0.0,0.0,0.6,-0.9303949999884935,1264,19,114794.00178929976,104453.46178929976,1631
2006-06-16,600019,6.35,6.42,6.44,6.34,213817,88807331.0,1.58,1.26,0.08,0.55,129.957797199997,1265,5,114923.95958649975,52232.65958649976,9765
2006-06-19,600019,6.42,6.39,6.42,6.37,211223,87717006.0,0.78,-0.47,-0.03,0.55,-293.3678421000077,1266,8,114630.59174439975,10448.031744399756,16304
2006-06-20,600019,6.39,6.46,6.46,6.35,253746,105882597.0,1.72,1.1,0.07,0.66,1140.5427848000254,1267,17,115771.13452919977,84168.81452919976,4892
2006-06-21,600019,6.45,6.39,6.45,6.34,320797,132722265.0,1.7,-1.08,-0.07,0.83,-342.94493780002813,1268,6,115428.18959139974,33674.52959139976,12794
2006-06-22,600019,6.39,6.41,6.42,6.37,236226,98244088.0,0.78,0.31,0.02,0.61,255.61065180001606,1269,8,115683.80024319976,6739.440243199759,16996
2006-06-23,600019,6.41,6.36,6.42,6.34,259012,106861284.0,1.25,-0.78,-0.05,0.67,-849.8673524000042,1270,10,114833.93289079976,4.132890799757661,18055
2006-06-26,600019,6.36,6.4,6.4,6.35,289785,119668004.0,0.79,0.63,0.04,0.75,622.1999999999971,1271,9,115556.13289079975,4.132890799757661,18055
2006-06-27,600019,6.4,6.47,6.5,6.39,458911,191786987.0,1.72,1.09,0.07,1.19,1163.8499999999913,1272,4,116819.98289079974,4.132890799757661,18055
2006-06-28,600019,6.47,6.52,6.53,6.44,366726,155033003.0,1.39,0.77,0.05,0.95,902.5145628000028,1273,12,117722.49745359975,23547.617453599756,14444
2006-06-29,600019,6.54,6.73,6.8,6.54,784704,344361250.0,3.99,3.22,0.21,2.03,3033.192957300009,1274,2,120755.69041089976,18843.300410899756,15143
2006-06-30,600019,6.74,6.65,6.81,6.65,531685,234573035.0,2.38,-1.19,-0.08,1.25,-1212.3462619999773,1275,19,119543.34414889978,109468.59414889978,1515
2006-07-03,600019,6.68,6.72,6.73,6.64,258352,113503115.0,1.35,1.05,0.07,0.61,106.05000000000291,1276,0,119649.39414889978,109468.59414889978,1515
2006-07-04,600019,6.72,6.67,6.73,6.63,313736,137528980.0,1.49,-0.74,-0.05,0.74,-75.84091210000042,1277,19,119573.55323679978,118559.71323679978,152
2006-07-05,600019,6.67,6.56,6.67,6.52,345755,148208762.0,2.25,-1.65,-0.11,0.82,-16.720000000001164,1278,0,119556.83323679978,118559.71323679978,152
2006-07-06,600019,6.56,6.59,6.61,6.52,256462,109866655.0,1.37,0.46,0.03,0.61,4.322891799994977,1279,2,119561.15612859977,94848.65612859977,3750
2006-07-07,600019,6.58,6.57,6.62,6.54,208724,89546333.0,1.21,-0.3,-0.02,0.49,-75.28448099999514,1280,3,119485.87164759978,66400.27164759977,8080
2006-07-10,600019,6.59,6.52,6.59,6.48,201095,85310845.0,1.67,-0.76,-0.05,0.47,-404.1327472000121,1281,2,119081.73890039977,53125.418900399774,10116
2006-07-11,600019,6.52,6.5,6.53,6.48,183312,77634527.0,0.77,-0.31,-0.02,0.43,-202.42620999999053,1282,2,118879.31269039978,42504.312690399776,11750
2006-07-12,600019,6.51,6.45,6.53,6.41,370336,155921240.0,1.85,-0.77,-0.05,0.87,-587.5,1283,0,118291.81269039978,42504.312690399776,11750
2006-07-13,600019,6.46,6.35,6.46,6.33,610738,252388281.0,2.02,-1.55,-0.1,1.44,-1175.0849630000157,1284,2,117116.72772739976,34007.92772739977,13088
2006-07-14,600019,6.34,6.37,6.39,6.3,267369,109790115.0,1.42,0.31,0.02,0.63,261.6766804000217,1285,11,117378.40440779978,42339.80440779978,11780
2006-07-17,600019,6.37,6.4,6.4,6.34,152327,62899223.0,0.94,0.47,0.03,0.36,353.3153280000115,1286,2,117731.7197357998,33872.519735799775,13103
2006-07-18,600019,6.4,6.4,6.4,6.35,131101,54159894.0,0.78,0.0,0.0,0.31,-0.25152000001980923,1287,13,117731.46821579977,59024.26821579978,9173
2006-07-19,600019,6.4,6.31,6.4,6.26,323682,132054917.0,2.19,-1.41,-0.09,0.76,-826.1488163000031,1288,20,116905.31939949977,116905.31939949977,0
2006-07-20,600019,6.3,6.3,6.35,6.29,140719,57320860.0,0.95,-0.16,-0.01,0.33,-0.233793000006699,1289,2,116905.08560649976,93525.78560649976,3711
2006-07-21,600019,6.3,6.34,6.34,6.29,151418,61789585.0,0.79,0.63,0.04,0.36,148.06593999998586,1290,4,117053.15154649975,56119.41154649976,9611
2006-07-24,600019,6.3,6.31,6.31,6.28,179352,72881035.0,0.47,-0.47,-0.03,0.42,-288.6331954999914,1291,15,116764.51835099976,86438.65835099976,4806
2006-07-25,600019,6.31,6.34,6.36,6.3,139139,57004861.0,0.95,0.48,0.03,0.33,143.48855960000947,1292,8,116908.00691059977,17293.926910599766,15712
2006-07-26,600019,6.34,6.46,6.48,6.33,279646,116457763.0,2.37,1.89,0.12,0.66,1885.4054389999947,1293,2,118793.41234959976,13837.792349599766,16247
2006-07-27,600019,6.45,6.36,6.45,6.34,177417,73475308.0,1.7,-1.55,-0.1,0.42,-1624.7691331999958,1294,5,117168.64321639977,6924.4032163997645,17334
2006-07-28,600019,6.34,6.35,6.4,6.3,219342,89733019.0,1.57,-0.16,-0.01,0.52,-173.3953720000136,1295,8,116995.24784439975,1387.147844399764,18206
2006-07-31,600019,6.34,6.28,6.34,6.28,201995,82034942.0,0.94,-1.1,-0.07,0.48,-1274.4338159999897,1296,10,115720.81402839976,5.534028399763656,18426
2006-08-01,600019,6.29,6.33,6.34,6.28,134785,54929790.0,0.96,0.8,0.05,0.32,920.3669580000133,1297,18,116641.18098639978,93308.80098639977,3686
2006-08-02,600019,6.31,6.29,6.33,6.23,126676,51269474.0,1.58,-0.63,-0.04,0.3,-147.44000000000233,1298,0,116493.74098639977,93308.80098639977,3686
2006-08-03,600019,6.3,6.31,6.31,6.25,203775,82478091.0,0.95,0.32,0.02,0.48,73.53341329998511,1299,2,116567.27439969976,74649.94439969977,6643
2006-08-04,600019,6.31,6.26,6.31,6.25,188497,76290745.0,0.95,-0.79,-0.05,0.44,-332.2992383999808,1300,2,116234.97516129978,59725.955161299775,9027
2006-08-07,600019,6.26,6.25,6.28,6.24,180308,72660766.0,0.64,-0.16,-0.01,0.43,-90.32637500000419,1301,11,116144.64878629977,65363.398786299775,8125
2006-08-08,600019,6.25,6.28,6.29,6.23,156476,63109513.0,0.96,0.48,0.03,0.37,243.42318880000676,1302,5,116388.07197509978,32681.95197509977,13329
2006-08-09,600019,6.28,6.26,6.29,6.24,125599,50646759.0,0.8,-0.32,-0.02,0.3,-266.64535440001055,1303,2,116121.42662069977,26146.44662069977,14373
2006-08-10,600019,6.26,6.31,6.33,6.24,151466,61498809.0,1.44,0.8,0.05,0.36,718.4931964999996,1304,6,116839.91981719977,10465.939817199771,16858
2006-08-11,600019,6.31,6.34,6.37,6.29,145981,59716739.0,1.27,0.48,0.03,0.34,505.69815599999856,1305,4,117345.61797319977,6281.497973199771,17518
2006-08-14,600019,6.34,6.31,6.39,6.29,170934,70006911.0,1.58,-0.47,-0.03,0.4,-526.5348346000101,1306,19,116819.08313859976,105763.96313859976,1752
2006-08-15,600019,6.34,6.42,6.44,6.33,440749,182883848.0,1.74,1.74,0.11,1.04,192.19124879999436,1307,5,117011.27438739975,52888.314387399754,9988
2006-08-16,600019,6.44,6.4,6.44,6.37,255761,106183264.0,1.09,-0.31,-0.02,0.6,-200.14348800000153,1308,16,116811.13089939975,91236.73089939976,3996
2006-08-17,600019,6.4,6.36,6.4,6.33,193400,79617769.0,1.09,-0.63,-0.04,0.46,-160.01788919999672,1309,17,116651.11301019976,109025.47301019976,1199
2006-08-18,600019,6.35,6.37,6.39,6.34,150266,61828316.0,0.79,0.16,0.01,0.35,11.95948769999086,1310,14,116663.07249789975,112076.67249789975,720
2006-08-21,600019,6.29,6.36,6.36,6.26,202427,82752952.0,1.57,-0.16,-0.01,0.48,-7.19999999999709,1311,0,116655.87249789975,112076.67249789975,720
2006-08-22,600019,6.36,6.41,6.44,6.35,297892,123576787.0,1.42,0.79,0.05,0.7,35.77590639999835,1312,2,116691.64840429975,89667.08840429975,4216
2006-08-23,600019,6.41,6.42,6.47,6.39,505227,210551057.0,1.25,0.16,0.01,1.19,42.13297179999063,1313,11,116733.78137609974,92369.88137609974,3795
2006-08-24,600019,6.44,6.39,6.44,6.33,330818,136555686.0,1.71,-0.47,-0.03,0.78,-114.7736745000002,1314,10,116619.00770159974,1.5077015997376293,18250
2006-08-25,600019,6.37,6.4,6.41,6.35,180124,74465902.0,0.94,0.16,0.01,0.43,82.5,1315,10,116801.50770159974,1.5077015997376293,18250
2006-08-28,600019,6.41,6.44,6.44,6.37,249509,103810950.0,1.09,0.63,0.04,0.59,630.0,1316,6,117531.50770159974,1.5077015997376293,18250
2006-08-29,600019,6.44,6.42,6.45,6.4,371132,154630955.0,0.78,-0.31,-0.02,0.88,-365.5858249999874,1317,15,117165.92187659975,58583.42187659974,9125
2006-08-30,600019,6.42,6.39,6.42,6.37,312374,129534251.0,0.78,-0.47,-0.03,0.82,-273.9842574000213,1318,4,116891.93761919973,35157.44761919974,12791
2006-08-31,600019,6.39,6.39,6.41,6.34,260337,107505877.0,1.1,0.0,0.0,0.69,-0.4903685999888694,1319,16,116891.44725059974,84193.81725059974,5117
2006-09-01,600019,6.39,6.37,6.4,6.31,237517,97783072.0,1.41,-0.31,-0.02,0.63,-103.0977114999987,1320,9,116788.34953909974,8421.909539099739,17012
2006-09-04,600019,6.37,6.36,6.37,6.34,169079,69586026.0,0.47,-0.16,-0.01,0.45,-170.11999999999534,1321,0,116618.22953909975,8421.909539099739,17012
2006-09-05,600019,6.36,6.35,6.4,6.34,157846,65024453.0,0.94,-0.16,-0.01,0.42,-170.55205400001432,1322,14,116447.67748509973,51626.877485099736,10208
2006-09-06,600019,6.35,6.34,6.36,6.31,240501,98608464.0,0.79,-0.16,-0.01,0.63,-102.131607599993,1323,1,116345.54587749974,46466.065877499736,11022
2006-09-07,600019,6.34,6.29,6.35,6.26,450031,182902909.0,1.42,-0.79,-0.05,1.19,-551.6545893000002,1324,18,115793.89128819974,101924.44128819974,2205
2006-09-08,600019,6.28,6.3,6.31,6.26,227547,92567789.0,0.79,0.16,0.01,0.6,21.952791000003344,1325,17,115815.84407919974,111645.24407919974,662
2006-09-11,600019,6.3,6.31,6.33,6.28,133238,54176019.0,0.79,0.16,0.01,0.35,6.603341599999112,1326,14,115822.44742079974,113311.06742079974,398
2006-09-12,600019,6.31,6.35,6.37,6.3,305963,125597175.0,1.11,0.63,0.04,0.81,15.806715999991866,1327,1,115838.25413679973,101982.55413679974,2182
2006-09-13,600019,6.36,6.37,6.46,6.35,607128,252413419.0,1.73,0.31,0.02,1.6,43.612226800003555,1328,12,115881.86636359974,104759.84636359973,1746
2006-09-14,600019,6.37,6.36,6.42,6.34,239927,99332588.0,1.26,-0.16,-0.01,0.63,-17.564749200013466,1329,1,115864.30161439972,94284.82161439973,3393
2006-09-15,600019,6.36,6.48,6.52,6.34,1315133,552427207.0,2.83,1.89,0.12,3.46,406.98413280000386,1330,18,116271.28574719973,111871.36574719973,679
2006-09-18,600019,6.56,6.52,6.69,6.5,1054642,454063307.0,2.93,0.62,0.04,2.78,27.13789720000932,1331,15,116298.42364439974,114081.62364439973,340
2006-09-19,600019,6.53,6.56,6.58,6.5,470943,200903505.0,1.23,0.61,0.04,1.24,13.582156799995573,1332,18,116312.00580119973,115865.92580119973,68
2006-09-20,600019,6.54,6.52,6.57,6.5,274215,116715819.0,1.07,-0.61,-0.04,0.72,-2.7230644000082975,1333,17,116309.28273679972,116172.36273679973,21
2006-09-21,600019,6.51,6.5,6.58,6.48,312750,133096374.0,1.53,-0.31,-0.02,0.82,-0.4203899999993155,1334,13,116308.86234679972,116211.36234679972,15
2006-09-22,600019,6.5,6.42,6.53,6.41,258973,108352168.0,1.85,-1.23,-0.08,0.68,-1.5486059999966528,1335,3,116307.31374079973,81350.41374079973,5445
2006-09-25,600019,6.42,6.36,6.44,6.34,246135,101989975.0,1.56,-0.93,-0.06,0.65,-326.69999999998254,1336,0,115980.61374079974,81350.41374079973,5445
2006-09-26,600019,6.35,6.36,6.4,6.34,133776,55038852.0,0.94,0.0,0.0,0.35,0.0,1337,0,115980.61374079974,81350.41374079973,5445
2006-09-27,600019,6.36,6.37,6.4,6.34,102802,42362810.0,0.94,0.16,0.01,0.27,54.27660859999014,1338,15,116034.89034939973,98689.38034939973,2723
2006-09-28,600019,6.37,6.34,6.4,6.33,588370,241748432.0,1.1,-0.47,-0.03,1.55,-82.67682100001548,1339,10,115952.21352839972,6.293528399721254,18288
2006-09-29,600019,6.36,6.4,6.41,6.35,342259,141535679.0,0.95,0.95,0.06,0.9,1097.2800000000134,1340,0,117049.49352839973,6.293528399721254,18288
2006-10-09,600019,6.44,6.46,6.5,6.41,410060,172023636.0,1.41,0.94,0.06,1.08,997.2799999999843,1341,7,118146.77352839972,6.293528399721254,18288
2006-10-10,600019,6.46,6.5,6.53,6.42,448105,189553674.0,1.7,0.62,0.04,1.18,631.5200000000041,1342,5,118878.29352839972,6.293528399721254,18288
2006-10-11,600019,6.5,6.54,6.56,6.5,480497,204669338.0,0.92,0.62,0.04,1.27,631.5200000000041,1343,2,119609.81352839973,6.293528399721254,18288
2006-10-12,600019,6.57,6.68,6.78,6.52,1448876,633640927.0,3.98,2.14,0.14,3.82,2560.3199999999924,1344,0,122170.13352839972,6.293528399721254,18288
2006-10-13,600019,6.67,6.59,6.73,6.58,483338,210527775.0,2.25,-1.35,-0.09,1.27,-1646.7635859000002,1345,17,120523.36994249972,84364.03994249972,5487
2006-10-16,600019,6.61,6.59,6.69,6.57,442972,192717656.0,1.82,0.0,0.0,1.17,-0.0843520000053104,1346,1,120523.28559049971,75928.75559049971,6767
2006-10-17,600019,6.58,6.53,6.62,6.53,253364,108597744.0,1.37,-0.91,-0.06,0.67,-406.32364499999676,1347,4,120116.96194549972,45563.951945499706,11417
2006-10-18,600019,6.52,6.57,6.59,6.52,245687,105450003.0,1.07,0.61,0.04,0.65,456.40662229999725,1348,6,120573.36856779971,18225.908567799703,15578
2006-10-19,600019,6.57,6.56,6.63,6.53,253861,109119208.0,1.52,-0.15,-0.01,0.67,-155.81640800001333,1349,2,120417.5521597997,14585.072159799704,16133
2006-10-20,600019,6.57,6.52,6.59,6.52,193600,82916850.0,1.07,-0.61,-0.04,0.51,-645.3928936000011,1350,5,119772.1592661997,7295.639266199703,17251
2006-10-23,600019,6.52,6.53,6.62,6.46,302086,128986963.0,2.45,0.15,0.01,0.8,172.5027517000126,1351,1,119944.66201789971,6570.802017899703,17362
2006-10-24,600019,6.53,6.62,6.63,6.53,316281,136439175.0,1.53,1.38,0.09,0.83,1562.5603386000003,1352,3,121507.22235649971,4604.642356499703,17659
2006-10-25,600019,6.64,6.64,6.73,6.61,355594,155405245.0,1.81,0.3,0.02,0.94,353.17083679998177,1353,2,121860.3931932997,3688.313193299703,17797
2006-10-26,600019,6.64,6.68,6.72,6.61,451130,197301705.0,1.66,0.6,0.04,1.19,711.8763260000123,1354,1,122572.2695192997,3320.909519299703,17852
2006-10-27,600019,6.68,6.84,7.01,6.65,2112523,953254878.0,5.39,2.4,0.16,5.56,2855.4652736000135,1355,17,125427.73479289972,88792.69479289971,5356
2006-10-30,600019,6.95,7.17,7.28,6.95,2132207,1008278046.0,4.82,4.82,0.33,5.62,1767.3912353999913,1356,1,127195.12602829971,79916.14602829971,6594
2006-10-31,600019,7.23,7.29,7.45,7.15,1571932,772824648.0,4.18,1.67,0.12,4.14,790.6407399000018,1357,8,127985.76676819971,15989.496768199708,15363
2006-11-01,600019,7.29,7.64,7.66,7.29,1487303,748208613.0,5.08,4.8,0.35,3.92,5377.049999999988,1358,0,133362.8167681997,15989.496768199708,15363
2006-11-02,600019,7.68,7.75,7.85,7.66,1239917,652852891.0,2.49,1.44,0.11,3.27,1689.9300000000221,1359,0,135052.74676819972,15989.496768199708,15363
2006-11-03,600019,7.78,7.66,7.87,7.59,1068171,561383069.0,3.61,-1.16,-0.09,2.81,-1382.6700000000128,1360,0,133670.0767681997,15989.496768199708,15363
2006-11-06,600019,7.68,8.29,8.29,7.68,1593079,882441521.0,7.96,8.22,0.63,4.2,9678.053245099989,1361,15,143348.1300132997,79664.3500132997,7682
2006-11-07,600019,8.39,8.28,8.41,8.09,1357840,767540937.0,3.86,-0.12,-0.01,3.58,-76.97930720000295,1362,2,143271.1507060997,63733.4707060997,9606
2006-11-08,600019,8.25,8.19,8.4,8.17,777915,443285486.0,2.78,-1.09,-0.09,2.05,-864.539999999979,1363,0,142406.61070609972,63733.4707060997,9606
2006-11-09,600019,8.14,8.4,8.47,8.11,1019459,583873941.0,4.4,2.56,0.21,2.68,2017.1325719999732,1364,2,144423.7432780997,50990.5432780997,11123
2006-11-10,600019,8.4,8.33,8.66,8.25,1083823,633241237.0,4.88,-0.83,-0.07,2.85,-778.609999999986,1365,0,143645.1332780997,50990.5432780997,11123
2006-11-13,600019,8.33,8.08,8.51,8.0,861857,481297630.0,6.12,-3.0,-0.25,2.27,-2781.648738399992,1366,20,140863.4845396997,140863.4845396997,0
2006-11-14,600019,8.06,8.09,8.19,7.78,691695,377746265.0,5.07,0.12,0.01,1.82,0.0,1367,0,140863.4845396997,140863.4845396997,0
2006-11-15,600019,8.03,8.7,8.77,8.01,1457152,857230819.0,9.39,7.54,0.61,3.84,-0.8451180000265595,1368,6,140862.63942169969,56350.83942169971,9714
2006-11-16,600019,8.73,8.88,9.25,8.7,1487367,934231679.0,6.32,2.07,0.18,3.92,1748.125639200036,1369,7,142610.76506089972,16914.365060899705,14155
2006-11-17,600019,8.81,9.13,9.24,8.77,850119,533277642.0,5.29,2.82,0.25,2.24,3538.6485656999866,1370,6,146149.4136265997,6770.833626599704,15266
2006-11-20,600019,9.22,9.31,9.38,9.13,843421,546562427.0,2.74,1.97,0.18,2.22,2747.8800000000047,1371,0,148897.2936265997,6770.833626599704,15266
2006-11-21,600019,9.27,9.45,9.47,9.02,826624,536859662.0,4.83,1.5,0.14,2.18,2137.095792999986,1372,11,151034.3894195997,21191.389419599705,13740
2006-11-22,600019,9.31,9.14,9.45,9.08,971114,627869908.0,3.92,-3.28,-0.31,2.56,-4259.399999999994,1373,0,146774.9894195997,21191.389419599705,13740
2006-11-23,600019,9.14,9.27,9.41,9.02,769043,497937219.0,4.27,1.42,0.13,2.03,1784.9263020000071,1374,20,148559.9157215997,148559.9157215997,0
2006-11-24,600019,9.23,9.06,9.27,8.95,678499,430144905.0,3.45,-2.27,-0.21,1.79,-500.0,1375,15,148559.9157215997,148559.9157215997,0
2006-11-27,600019,9.06,9.02,9.18,8.86,645951,407552706.0,3.53,-0.44,-0.04,1.7,-0.8912661999929696,1376,6,148559.02445539972,59432.40445539971,9881
2006-11-28,600019,9.01,8.9,9.01,8.73,1070676,658877399.0,3.1,-1.33,-0.12,2.82,-1186.195348999987,1377,8,147372.82910639973,11897.029106399707,15222
2006-11-29,600019,8.74,9.22,9.39,8.67,989370,626187933.0,8.09,3.6,0.32,2.61,4871.028106199985,1378,1,152243.85721259972,10707.637212599706,15351
2006-11-30,600019,9.24,9.68,9.8,9.23,964044,652157723.0,6.18,4.99,0.46,2.54,7061.363683999982,1379,9,159305.2208965997,1075.9408965997045,16346
2006-12-01,600019,9.75,9.61,10.05,9.51,879784,610043215.0,5.58,-0.72,-0.07,2.32,-1144.2200000000012,1380,0,158161.0008965997,1075.9408965997045,16346
2006-12-04,600019,9.69,9.9,10.03,9.68,1070157,747378506.0,3.64,3.02,0.29,2.82,4740.3399999999965,1381,0,162901.3408965997,1075.9408965997045,16346
2006-12-05,600019,9.94,9.96,10.06,9.86,556001,392743506.0,2.02,0.61,0.06,1.46,980.7546216000046,1382,5,163882.0955181997,538.0955181997044,16400
2006-12-06,600019,9.91,9.95,10.1,9.63,799799,561235662.0,4.72,-0.1,-0.01,2.11,-164.00268649999634,1383,5,163718.0928316997,269.4428316997044,16427
2006-12-07,600019,9.95,10.25,10.55,9.94,968607,713522621.0,6.13,3.02,0.3,2.55,4928.099487500003,1384,2,168646.1923191997,218.1923191997044,16432
2006-12-08,600019,10.18,9.95,10.46,9.91,748696,541678834.0,5.37,-2.93,-0.3,1.97,-4929.600796000013,1385,4,163716.5915231997,138.5915231997044,16440
2006-12-11,600019,9.88,10.29,10.44,9.85,492922,359561073.0,5.93,3.42,0.34,1.3,5589.430832400016,1386,11,169306.0223555997,17055.182355599703,14796
2006-12-12,600019,10.31,10.23,10.58,10.01,716795,523615304.0,5.54,-0.58,-0.06,1.89,-887.9305340999854,1387,10,168418.09182149972,1.601821499702055,16463
2006-12-13,600019,10.28,10.49,10.56,10.18,824122,612294894.0,3.71,2.54,0.26,2.17,4180.379999999976,1388,2,172698.4718214997,1.601821499702055,16463
2006-12-14,600019,10.49,10.67,10.83,10.49,702566,537952821.0,3.24,1.72,0.18,1.85,2863.3399999999965,1389,10,175661.8118214997,1.601821499702055,16463
2006-12-15,600019,10.66,10.67,10.77,10.49,420401,318861877.0,2.62,0.0,0.0,1.11,-100.0,1390,6,175661.8118214997,1.601821499702055,16463
2006-12-18,600019,10.69,10.71,10.89,10.53,576597,442265953.0,3.37,0.37,0.04,1.52,558.5200000000186,1391,2,176320.3318214997,1.601821499702055,16463
2006-12-19,600019,10.88,10.97,11.51,10.88,974403,779938552.0,5.88,2.43,0.26,2.57,4180.380000000005,1392,2,180600.71182149972,1.601821499702055,16463
2006-12-20,600019,11.05,10.74,11.08,10.63,774798,599931604.0,4.1,-2.1,-0.23,2.04,-3886.49000000002,1393,10,176814.2218214997,1.601821499702055,16463
2006-12-21,600019,10.73,10.36,10.74,10.3,1086103,815910941.0,4.1,-3.54,-0.38,2.86,-6355.940000000002,1394,2,170558.2818214997,1.601821499702055,16463
2006-12-22,600019,10.34,10.28,10.52,10.17,615495,453571788.0,3.38,-0.77,-0.08,1.62,-1318.055355599994,1395,16,169240.2264658997,101536.1464658997,6586
2006-12-25,600019,10.31,10.67,10.68,10.31,992460,748133371.0,3.6,3.79,0.39,2.61,2567.930849699973,1396,6,171808.15731559967,40620.507315599694,12295
2006-12-26,600019,10.74,10.97,11.1,10.73,1235690,971568346.0,3.47,2.81,0.3,3.25,3688.5,1397,0,175496.65731559967,40620.507315599694,12295
2006-12-27,600019,11.03,11.29,11.46,11.02,778250,636775944.0,4.01,2.92,0.32,2.05,3934.318824900023,1398,2,179430.9761404997,32502.916140499696,13014
2006-12-28,600019,11.34,11.29,11.71,11.21,829926,688686881.0,4.43,0.0,0.0,2.19,0.0,1399,0,179430.9761404997,32502.916140499696,13014
2006-12-29,600019,11.34,11.9,12.07,11.34,1092491,930891274.0,6.47,5.4,0.61,2.88,7938.230362000002,1400,12,187369.2065024997,63466.406502499696,10412
2007-01-04,600019,12.11,12.49,12.96,12.1,1518764,1414762334.0,7.23,4.96,0.59,4.0,6142.953101599996,1401,2,193512.1596040997,50776.439604099694,11428
2007-01-05,600019,12.41,12.44,13.1,12.1,1226530,1133055495.0,8.01,-0.4,-0.05,3.23,-571.3999999999942,1402,0,192940.7596040997,50776.439604099694,11428
2007-01-08,600019,12.43,12.27,12.63,11.82,1049816,928567056.0,6.51,-1.37,-0.17,2.76,-1943.461107799987,1403,15,190997.2984962997,120886.5184962997,5714
2007-01-09,600019,12.3,12.96,13.01,12.3,1235577,1157600618.0,5.79,5.62,0.69,3.25,3942.418295999989,1404,2,194939.7167922997,96715.8767922997,7579
2007-01-10,600019,13.05,13.05,13.22,12.68,958947,913892967.0,4.17,0.69,0.09,2.53,682.1100000000151,1405,0,195621.82679229972,96715.8767922997,7579
2007-01-11,600019,13.11,12.78,13.17,12.72,740286,704223717.0,3.45,-2.07,-0.27,1.95,-2047.104851400014,1406,18,193574.7219408997,174200.2419408997,1516
2007-01-12,600019,12.62,12.22,12.97,12.08,722045,657739772.0,6.96,-4.38,-0.56,1.9,-849.3083922000078,1407,2,192725.4135486997,139360.6735486997,4367
2007-01-15,600019,12.16,12.61,12.68,11.95,1193826,1066959982.0,5.97,3.19,0.39,3.14,1702.5793212999997,1408,20,194427.9928699997,194427.9928699997,0
2007-01-16,600019,12.63,12.52,13.04,12.29,970512,898189828.0,5.95,-0.71,-0.09,2.56,-1.1664883999910671,1409,6,194426.8263815997,77777.9863815997,9317
2007-01-17,600019,12.74,12.73,13.27,12.17,1262439,1194016385.0,8.79,1.68,0.21,3.32,1956.570000000007,1410,0,196383.3963815997,77777.9863815997,9317
2007-01-18,600019,12.68,12.03,12.73,11.68,1486643,1300169669.0,8.25,-5.5,-0.7,3.92,-6522.055547900032,1411,2,189861.34083369968,62223.04083369969,10610
2007-01-19,600019,12.01,11.95,12.19,11.77,1592481,1381746215.0,3.49,-0.67,-0.08,4.19,-848.7999999999884,1412,0,189012.5408336997,62223.04083369969,10610
2007-01-22,600019,12.1,12.46,12.57,12.1,1647854,1489621583.0,3.93,4.27,0.51,4.34,5410.9677994000085,1413,11,194423.5086330997,75442.96863309969,9549
2007-01-23,600019,12.58,13.17,13.18,12.56,1842121,1745209515.0,4.98,5.7,0.71,4.85,6779.639203500003,1414,2,201203.1478365997,60363.16783659969,10694
2007-01-24,600019,13.29,13.63,13.83,13.29,1418366,1430118087.0,4.1,3.49,0.46,3.74,4919.1193745000055,1415,2,206122.2672110997,48300.49721109969,11579
2007-01-25,600019,13.41,12.91,13.56,12.9,1001041,982346893.0,4.84,-5.28,-0.72,2.64,-8336.880000000005,1416,0,197785.3872110997,48300.49721109969,11579
2007-01-26,600019,12.68,13.34,13.39,12.62,847229,807117557.0,5.96,3.33,0.43,2.23,4977.888792999991,1417,17,202763.2760040997,156420.1160040997,3474
2007-01-29,600019,13.47,13.96,14.02,13.47,1110594,1136410680.0,4.12,4.65,0.62,2.92,2153.567295999994,1418,2,204916.8433000997,125149.40330009969,5714
2007-01-30,600019,14.02,14.32,14.51,13.91,1115694,1179642242.0,4.3,2.58,0.36,2.94,2056.038888799987,1419,8,206972.88218889968,25037.282188899684,12705
2007-01-31,600019,14.21,13.25,14.39,13.04,1369994,1382077512.0,9.43,-7.47,-1.07,3.61,-13594.349999999977,1420,0,193378.5321888997,25037.282188899684,12705
2007-02-01,600019,13.04,12.83,13.12,12.32,1118997,1048433745.0,6.04,-3.17,-0.42,2.95,-5336.100000000035,1421,0,188042.43218889966,25037.282188899684,12705
2007-02-02,600019,12.79,12.08,12.79,12.02,1151153,1030626976.0,6.0,-5.85,-0.75,3.03,-9528.800011199986,1422,2,178513.63217769968,20036.112177699684,13119
2007-02-05,600019,11.95,11.53,12.14,11.34,1136728,963231490.0,6.62,-4.55,-0.55,2.99,-7215.450000000012,1423,0,171298.18217769967,20036.112177699684,13119
2007-02-06,600019,11.53,11.4,11.57,10.51,2060111,1643530267.0,9.19,-1.13,-0.13,5.43,-1705.590155999962,1424,6,169592.5920216997,8020.392021699683,14173
2007-02-07,600019,11.51,11.82,12.01,11.46,1447992,1239514518.0,4.82,3.68,0.42,3.81,5952.644042999978,1425,2,175545.23606469968,6424.676064699683,14308
2007-02-08,600019,11.88,11.75,12.06,11.4,966301,812698931.0,5.58,-0.59,-0.07,2.54,-1001.5599999999977,1426,0,174543.67606469968,6424.676064699683,14308
2007-02-09,600019,11.74,11.35,11.74,11.21,1022236,843295064.0,4.51,-3.4,-0.4,2.69,-5724.823957999994,1427,20,168818.8521066997,168818.8521066997,0
2007-02-12,600019,11.4,11.95,11.96,11.32,1019469,858008456.0,5.64,5.29,0.6,2.68,-0.16873400000622496,1428,1,168818.68337269968,151945.2833726997,1412
2007-02-13,600019,12.01,12.06,12.18,11.86,919207,807002914.0,2.68,0.92,0.11,2.42,154.1045931999979,1429,8,168972.78796589968,30403.387965899674,11490
2007-02-14,600019,12.07,12.32,12.38,11.95,796126,708777384.0,3.57,2.16,0.26,2.1,2987.4000000000233,1430,0,171960.1879658997,30403.387965899674,11490
2007-02-15,600019,12.43,12.68,12.86,12.43,1084315,1007708879.0,3.49,2.92,0.36,2.86,4136.248093599977,1431,5,176096.43605949968,15212.596059499674,12688
2007-02-16,600019,12.83,12.67,12.91,12.5,981438,914444948.0,3.23,-0.08,-0.01,2.58,-126.88000000000466,1432,0,175969.55605949968,15212.596059499674,12688
2007-02-26,600019,12.82,13.57,13.73,12.82,1288311,1263874386.0,7.18,7.1,0.9,3.39,11419.200000000012,1433,0,187388.7560594997,15212.596059499674,12688
2007-02-27,600019,13.71,12.35,13.88,12.35,1364278,1309072947.0,11.27,-8.99,-1.22,3.59,-15479.390381000034,1434,2,171909.36567849966,12174.465678499673,12934
2007-02-28,600019,11.96,12.89,13.05,11.95,1225028,1115756432.0,8.91,4.37,0.54,3.23,6983.526403700031,1435,15,178892.8920821997,95533.26208219968,6467
2007-03-01,600019,13.11,12.71,13.21,12.49,1332065,1258597339.0,5.59,-1.4,-0.18,3.51,-1164.2510312999948,1436,2,177728.6410508997,76429.94105089968,7970
2007-03-02,600019,12.63,12.78,12.95,12.38,902729,843424050.0,4.48,0.55,0.07,2.38,557.7471511999902,1437,2,178286.38820209968,61144.90820209968,9166
2007-03-05,600019,12.69,12.19,12.73,11.89,912059,816822512.0,6.57,-4.62,-0.59,2.4,-5408.062265699991,1438,2,172878.3259363997,48918.215936399676,10169
2007-03-06,600019,12.19,12.33,12.5,12.02,657365,593108292.0,3.94,1.15,0.14,1.73,1423.1708688999934,1439,10,174301.49680529968,4.616805299672706,14136
2007-03-07,600019,12.44,12.67,12.77,12.38,735762,681612368.0,3.16,2.76,0.34,1.94,4706.239999999991,1440,6,179107.73680529968,4.616805299672706,14136
2007-03-08,600019,12.68,12.58,12.72,12.43,664566,609520705.0,2.29,-0.71,-0.09,1.75,-1272.2399999999907,1441,0,177835.49680529968,4.616805299672706,14136
2007-03-09,600019,12.63,12.63,12.85,12.57,790267,734719838.0,2.23,0.4,0.05,2.08,606.8000000000175,1442,9,178542.2968052997,4.616805299672706,14136
2007-03-12,600019,12.71,12.75,12.78,12.51,757439,703205266.0,2.14,0.95,0.12,1.99,1696.3199999999779,1443,0,180238.61680529968,4.616805299672706,14136
2007-03-13,600019,12.78,12.62,12.79,12.5,775200,715585460.0,2.27,-1.02,-0.13,2.04,-1838.9287489999842,1444,17,178399.6880562997,124878.26805629968,4241
2007-03-14,600019,12.5,12.19,12.5,12.14,1317721,1178166007.0,2.85,-3.41,-0.43,3.47,-1824.379197400005,1445,6,176575.3088588997,49957.77885889969,10387
2007-03-15,600019,12.19,12.32,12.38,12.12,1103207,983589826.0,2.13,1.07,0.13,2.91,1350.160188799986,1446,3,177925.46904769968,34976.50904769969,11603
2007-03-16,600019,12.35,12.05,12.35,11.95,928819,819849067.0,3.25,-2.19,-0.27,2.45,-3132.8099999999977,1447,0,174792.65904769968,34976.50904769969,11603
2007-03-19,600019,11.74,12.23,12.38,11.64,1248795,1097583783.0,6.14,1.49,0.18,3.29,2088.1903443000338,1448,10,176880.8493919997,10.589391999688814,14462
2007-03-20,600019,12.29,12.12,12.34,12.0,903802,798272552.0,2.78,-0.9,-0.11,2.38,-1590.820000000007,1449,0,175290.0293919997,10.589391999688814,14462
2007-03-21,600019,12.16,12.27,12.43,12.12,800092,715804198.0,2.56,1.24,0.15,2.11,2168.4127562999784,1450,15,177458.44214829968,88734.07214829969,7231
2007-03-22,600019,12.34,12.39,12.6,12.3,1707050,1557408841.0,2.44,0.98,0.12,4.5,866.913782699994,1451,19,178325.35593099968,169354.9959309997,724
2007-03-23,600019,12.44,12.44,12.56,12.17,1723130,1562583535.0,3.15,0.4,0.05,4.54,36.20000000001164,1452,0,178361.5559309997,169354.9959309997,724
2007-03-26,600019,12.57,12.79,12.79,12.52,1919394,1787629413.0,2.17,2.81,0.35,5.05,251.8759435999964,1453,9,178613.4318745997,16947.83187459971,12640
2007-03-27,600019,12.88,12.68,12.94,12.66,1861619,1749097290.0,2.19,-0.86,-0.11,4.9,-1391.2013759999827,1454,15,177222.2304985997,97084.6304985997,6320
2007-03-28,600019,12.75,13.06,13.12,12.45,2880399,2715192009.0,5.28,3.0,0.38,7.59,2401.405928399996,1455,2,179623.6364269997,77677.2764269997,7806
2007-03-29,600019,13.17,13.15,13.41,12.93,4183690,4068759580.0,3.68,0.69,0.09,11.02,702.1516805000138,1456,5,180325.7881074997,38844.93810749969,10759
2007-03-30,600019,13.1,13.41,13.58,12.99,3017458,2982768620.0,4.49,1.98,0.26,7.95,2796.1858012999874,1457,18,183121.9739087997,154263.6539087997,2152
2007-04-02,600019,13.66,13.93,14.05,13.66,3201126,3282518281.0,2.91,3.88,0.52,8.43,1118.7315897999797,1458,2,184240.70549859968,123422.32549859969,4366
2007-04-03,600019,14.06,13.96,14.35,13.84,2926207,3066637432.0,3.66,0.22,0.03,7.71,130.98000000001048,1459,0,184371.6854985997,123422.32549859969,4366
2007-04-04,600019,13.96,13.83,14.11,13.6,2111121,2170978245.0,3.65,-0.93,-0.13,5.56,-568.6906872999971,1460,9,183802.9948112997,12352.484811299684,12397
2007-04-05,600019,13.78,13.88,13.9,13.66,1324799,1350304081.0,1.74,0.36,0.05,3.49,619.8500000000058,1461,0,184422.8448112997,12352.484811299684,12397
2007-04-06,600019,13.8,13.74,13.88,13.67,1265251,1287731570.0,1.51,-1.01,-0.14,3.33,-1735.5800000000163,1462,0,182687.26481129968,12352.484811299684,12397
2007-04-09,600019,13.76,14.21,14.27,13.76,1834720,1910152470.0,3.71,3.42,0.47,4.83,5826.590000000026,1463,0,188513.8548112997,12352.484811299684,12397
2007-04-10,600019,14.41,14.74,14.91,14.41,2379551,2604034407.0,3.52,3.73,0.53,6.27,6570.385384199995,1464,2,195084.2401954997,9890.880195499685,12564
2007-04-11,600019,14.9,14.94,15.3,14.71,2103162,2356969482.0,4.0,1.36,0.2,5.54,2512.7999999999884,1465,0,197597.0401954997,9890.880195499685,12564
2007-04-12,600019,14.88,14.85,14.89,14.71,1380489,1521647195.0,1.2,-0.6,-0.09,3.64,-1132.6257540000079,1466,20,196464.41444149968,196464.41444149968,0
2007-04-13,600019,14.85,14.5,14.85,14.45,1463372,1592122736.0,2.69,-2.36,-0.35,3.85,0.0,1467,0,196464.41444149968,196464.41444149968,0
2007-04-16,600019,14.49,14.68,14.76,14.39,1169976,1273309221.0,2.55,1.24,0.18,3.08,-1.964624400017783,1468,10,196462.44981709967,0.009817099664360285,13383
2007-04-17,600019,14.77,14.77,14.96,14.19,1391585,1524187996.0,5.25,0.61,0.09,3.66,1104.4700000000012,1469,6,197666.91981709967,0.009817099664360285,13383
2007-04-18,600019,14.77,14.72,14.79,14.17,1366711,1487802287.0,4.2,-0.34,-0.05,3.6,-669.1499999999942,1470,0,196997.76981709967,0.009817099664360285,13383
2007-04-19,600019,14.65,13.95,14.67,13.5,1847648,1945185279.0,7.95,-5.23,-0.77,4.87,-10404.910000000033,1471,5,186692.85981709964,0.009817099664360285,13383
2007-04-20,600019,13.97,14.41,14.52,13.97,1294083,1376305030.0,3.94,3.3,0.46,3.41,6156.180000000022,1472,0,192849.03981709966,0.009817099664360285,13383
2007-04-23,600019,14.56,15.12,15.22,14.56,1690479,1877539905.0,4.58,4.93,0.71,4.45,9501.929999999993,1473,0,202350.96981709966,0.009817099664360285,13383
2007-04-24,600019,15.27,15.4,15.83,15.04,2014031,2324003016.0,5.22,1.85,0.28,5.3,3747.24000000002,1474,0,206098.20981709968,0.009817099664360285,13383
2007-04-25,600019,15.43,15.4,15.59,15.12,1303933,1499402956.0,3.05,0.0,0.0,3.43,-100.0,1475,8,206098.20981709968,0.009817099664360285,13383
2007-04-27,600019,15.66,15.27,15.71,15.26,1345981,1560242875.0,2.92,-0.84,-0.13,3.54,-1839.7900000000081,1476,2,204358.41981709967,0.009817099664360285,13383
2007-04-30,600019,15.23,14.98,15.23,14.77,1393856,1557201525.0,3.01,-1.9,-0.29,3.67,-3981.070000000007,1477,2,200477.34981709966,0.009817099664360285,13383
2007-05-08,600019,15.37,15.29,15.44,14.94,1898328,2161059786.0,3.34,2.07,0.31,5.0,4048.7299999999814,1478,2,204626.07981709964,0.009817099664360285,13383
2007-05-09,600019,15.28,15.95,16.05,15.07,2655772,3136665754.0,6.41,4.32,0.66,6.99,8732.779999999999,1479,1,213458.85981709964,0.009817099664360285,13383
2007-05-10,600019,15.99,16.83,17.29,15.99,2302960,2920255292.0,8.15,5.52,0.88,6.06,11777.040000000008,1480,0,225235.89981709965,0.009817099664360285,13383
2007-05-11,600019,16.83,16.95,17.2,16.32,1853824,2346971497.0,5.23,0.71,0.12,4.88,1605.9599999999919,1481,0,226841.85981709964,0.009817099664360285,13383
2007-05-14,600019,16.95,17.54,17.87,16.61,1776792,2352268347.0,7.43,3.48,0.59,4.68,7895.970000000001,1482,0,234737.82981709964,0.009817099664360285,13383
2007-05-15,600019,17.55,16.74,17.55,16.65,1422528,1836569015.0,5.13,-4.56,-0.8,3.75,-10806.399999999994,1483,1,224031.42981709965,0.009817099664360285,13383
2007-05-16,600019,16.74,16.85,17.0,16.34,1235748,1547846922.0,3.94,0.66,0.11,3.25,1472.1300000000338,1484,0,225503.55981709968,0.009817099664360285,13383
2007-05-17,600019,16.89,17.16,17.27,16.77,1226122,1576250331.0,2.97,1.84,0.31,3.23,4147.581824399967,1485,15,229651.14164149965,114816.42164149966,6692
2007-05-18,600019,17.07,17.21,17.62,16.89,1262694,1650658581.0,4.25,0.29,0.05,3.33,334.2545953000372,1486,13,229985.3962367997,149356.54623679968,4685
2007-05-21,600019,16.65,17.2,17.81,16.6,1533006,2007889233.0,7.03,-0.06,-0.01,4.04,-47.74594800002524,1487,6,229937.65028879966,59760.85028879967,9894
2007-05-22,600019,17.22,17.01,17.29,16.93,1409544,1813249483.0,2.09,-1.1,-0.19,3.71,-1879.859999999986,1488,0,228057.79028879968,59760.85028879967,9894
2007-05-23,600019,17.01,16.87,17.01,16.4,1677020,2108784277.0,3.59,-0.82,-0.14,4.42,-1386.4952604999708,1489,18,226671.2950282997,193285.5650282997,1979
2007-05-24,600019,16.89,16.59,16.94,16.45,1205193,1513629298.0,2.9,-1.66,-0.28,3.17,-554.3826196999871,1490,18,226116.91240859972,219547.2724085997,396
2007-05-25,600019,16.59,16.83,16.95,16.45,1240199,1566508078.0,3.01,1.45,0.24,3.27,95.00667659999453,1491,15,226211.9190851997,222879.57908519972,198
2007-05-28,600019,17.01,17.34,17.4,17.01,1612873,2101123449.0,2.32,3.03,0.51,4.25,100.53436200000579,1492,2,226312.45344719972,178315.33344719972,2768
2007-05-29,600019,17.5,17.4,17.5,17.15,1481918,1887996548.0,2.02,0.35,0.06,3.9,165.01024799997685,1493,6,226477.4636951997,71339.06369519971,8916
2007-05-30,600019,16.46,15.91,17.21,15.84,2670932,3199849639.0,7.87,-8.56,-1.49,7.03,-13285.832943099958,1494,17,213191.63075209974,170632.38075209974,2675
2007-05-31,600019,15.91,16.43,16.73,15.07,1710439,1994248467.0,10.43,3.27,0.52,4.5,1390.8294565999822,1495,1,214582.46020869972,153577.87020869972,3713
2007-06-01,600019,16.52,16.13,16.73,15.91,1556516,1872192598.0,4.99,-1.83,-0.3,4.1,-1114.3790610000142,1496,18,213468.0811476997,201483.4911476997,743
2007-06-04,600019,16.17,15.5,16.35,14.85,1314762,1471335863.0,9.3,-3.91,-0.63,3.46,-468.0899999999965,1497,0,212999.9911476997,201483.4911476997,743
2007-06-05,600019,15.01,15.5,15.55,14.21,1767969,1913350379.0,8.65,0.0,0.0,4.66,-0.08059999998658895,1498,17,212999.91054769972,209543.41054769972,223
2007-06-06,600019,15.54,15.3,15.63,15.04,1642451,1821325652.0,3.81,-1.29,-0.2,4.33,-45.019066999986535,1499,2,212954.89148069973,167636.29148069973,2962
2007-06-07,600019,15.44,15.61,15.63,15.06,2046782,2274551900.0,3.73,2.03,0.31,5.39,918.2200000000012,1500,0,213873.11148069974,167636.29148069973,2962
2007-06-08,600019,15.68,15.51,15.72,15.19,1494864,1678156668.0,3.4,-0.64,-0.1,3.94,-296.20000000001164,1501,0,213576.91148069972,167636.29148069973,2962
2007-06-11,600019,15.5,15.55,15.57,15.27,1552350,1735678250.0,1.93,0.26,0.04,4.09,118.1116205000144,1502,18,213695.02310119974,204473.87310119974,593
2007-06-12,600019,15.61,16.13,16.28,15.27,2231359,2545344838.0,6.5,3.73,0.58,5.88,343.53110450002714,1503,2,214038.55420569977,163583.91420569975,3128
2007-06-13,600019,16.16,16.28,16.44,16.01,1739257,2060607888.0,2.67,0.93,0.15,4.58,469.19999999998254,1504,0,214507.75420569975,163583.91420569975,3128
2007-06-14,600019,16.21,15.72,16.21,15.67,1659424,1917427067.0,3.32,-3.44,-0.56,4.37,-1751.679999999993,1505,0,212756.07420569976,163583.91420569975,3128
2007-06-15,600019,15.52,15.48,15.68,15.3,1347600,1512019832.0,2.42,-1.53,-0.24,3.55,-751.0588571999979,1506,17,212005.01534849976,197469.29534849976,939
2007-06-18,600019,15.62,15.74,15.9,15.51,1606306,1831573199.0,2.52,1.68,0.26,4.23,244.03658819998964,1507,17,212249.05193669975,207810.37193669975,282
2007-06-19,600019,15.73,15.67,15.99,15.56,1093003,1253773447.0,2.73,-0.44,-0.07,2.88,-19.739999999990687,1508,0,212229.31193669976,207810.37193669975,282
2007-06-20,600019,15.68,15.37,15.94,15.32,1177877,1340972268.0,3.96,-1.91,-0.3,3.1,-84.60430360000464,1509,11,212144.70763309975,208240.72763309974,254
2007-06-21,600019,15.37,15.55,15.57,15.21,974749,1088712803.0,2.34,1.17,0.18,2.57,45.30357099999674,1510,2,212190.01120409975,166597.41120409974,2932
2007-06-22,600019,15.61,15.12,15.68,14.94,1151347,1277216794.0,4.76,-2.77,-0.43,3.03,-1261.0259608000051,1511,16,210928.98524329974,193193.22524329973,1173
2007-06-25,600019,15.26,15.02,15.6,14.84,1409498,1563820675.0,5.03,-0.66,-0.1,3.71,-117.87947159999749,1512,3,210811.10577169975,135245.48577169975,5031
2007-06-26,600019,14.79,15.05,15.11,14.58,831291,888368466.0,3.53,0.2,0.03,2.19,150.92999999999302,1513,0,210962.03577169974,135245.48577169975,5031
2007-06-27,600019,15.0,15.17,15.26,14.79,1050603,1140819089.0,3.12,0.8,0.12,2.77,603.7200000000303,1514,0,211565.75577169977,135245.48577169975,5031
2007-06-28,600019,15.21,15.21,15.78,15.04,1908022,2149378228.0,4.88,0.26,0.04,5.02,200.96956619998673,1515,2,211766.72533789976,108201.83533789974,6809
2007-06-29,600019,15.04,15.18,15.69,14.88,1236862,1384666393.0,5.33,-0.2,-0.03,3.26,-204.48631500001648,1516,2,211562.23902289974,86570.11902289974,8234
2007-07-02,600019,15.24,16.05,16.1,15.23,2035864,2331951340.0,5.73,5.73,0.87,4.3,7162.390695000038,1517,19,218724.62971789978,205499.42971789977,824
2007-07-03,600019,16.16,16.0,16.29,15.88,1230671,1443381705.0,2.55,-0.31,-0.05,2.6,-41.305440000025555,1518,18,218683.32427789975,216043.32427789975,165
2007-07-04,600019,16.04,15.67,16.16,15.49,751527,864645775.0,4.19,-2.06,-0.33,1.59,-54.882021900004474,1519,2,218628.44225599975,172840.70225599976,2922
2007-07-05,600019,15.43,14.87,15.57,14.85,658713,722231130.0,4.59,-5.11,-0.8,1.39,-2338.8098232000193,1520,7,216289.63243279973,51857.17243279975,11058
2007-07-06,600019,14.77,15.29,15.33,14.6,753436,816036111.0,4.91,2.82,0.42,1.59,4644.152667600021,1521,4,220933.78510039975,31123.72510039975,12414
2007-07-09,600019,15.39,15.52,15.74,15.18,737168,827961790.0,3.66,1.5,0.23,1.56,2855.220000000001,1522,0,223789.00510039975,31123.72510039975,12414
2007-07-10,600019,15.52,15.37,15.73,15.3,666893,751117889.0,2.77,-0.97,-0.15,1.41,-1862.1000000000058,1523,0,221926.90510039974,31123.72510039975,12414
2007-07-11,600019,15.35,15.46,15.49,15.12,386264,428627287.0,2.41,0.59,0.09,0.82,1117.2600000000093,1524,0,223044.16510039975,31123.72510039975,12414
2007-07-12,600019,15.49,15.5,15.61,15.18,496657,555734844.0,2.78,0.26,0.04,1.05,494.8283400000073,1525,19,223538.99344039976,204287.99344039976,1242
2007-07-13,600019,15.5,15.62,15.73,15.35,576107,652533025.0,2.45,0.77,0.12,1.22,148.2229177999834,1526,4,223687.21635819974,122578.95635819975,6473
2007-07-16,600019,15.62,15.07,15.67,15.04,521176,576860613.0,4.03,-3.52,-0.55,1.1,-3560.637665199989,1527,15,220126.57869299976,171344.98869299976,3237
2007-07-17,600019,15.08,15.23,15.39,14.89,470417,514252079.0,3.32,1.06,0.16,0.99,516.2066249999916,1528,10,220642.78531799975,5.775317999738036,14487
2007-07-18,600019,15.22,15.08,15.32,14.88,953193,1038704428.0,2.89,-0.98,-0.15,2.01,-2273.0500000000175,1529,10,218469.73531799973,5.775317999738036,14487
2007-07-19,600019,15.04,14.88,15.05,14.76,690897,741816995.0,1.92,-1.33,-0.2,1.46,-2997.399999999994,1530,8,215572.33531799974,5.775317999738036,14487
2007-07-20,600019,14.88,15.15,15.24,14.82,765848,832651908.0,2.82,1.81,0.27,1.62,3811.49000000002,1531,2,219483.82531799976,5.775317999738036,14487
2007-07-23,600019,15.16,16.49,16.49,15.16,3444899,4045943946.0,8.78,8.84,1.34,7.27,19312.579999999958,1532,4,238896.4053179997,5.775317999738036,14487
2007-07-24,600019,16.74,16.65,17.26,16.52,2795123,3468847002.0,4.49,0.97,0.16,5.9,2217.920000000013,1533,6,241214.32531799973,5.775317999738036,14487
2007-07-25,600019,16.61,16.91,17.18,16.52,1278527,1593185378.0,3.96,1.56,0.26,2.7,3666.6200000000244,1534,2,244980.94531799975,5.775317999738036,14487
2007-07-26,600019,16.98,16.88,17.26,16.63,878344,1095249214.0,3.73,-0.18,-0.03,1.85,-534.6100000000151,1535,6,244546.33531799974,5.775317999738036,14487
2007-07-27,600019,16.6,17.15,17.44,16.43,1447309,1808670543.0,5.98,1.6,0.27,3.06,3811.4899999999907,1536,2,248457.82531799973,5.775317999738036,14487
2007-07-30,600019,17.11,18.22,18.51,17.05,2079429,2765156100.0,8.51,6.24,1.07,4.39,15499.24249200002,1537,17,263957.06780999975,184754.72780999975,4347
2007-07-31,600019,18.29,18.22,18.83,18.11,1357398,1856952541.0,3.95,0.0,0.0,2.87,-0.36950159998377785,1538,2,263956.69830839976,147804.19830839976,6375
2007-08-01,600019,18.24,17.85,18.57,17.62,1344729,1798434588.0,5.21,-2.03,-0.37,2.84,-2358.75,1539,0,261597.94830839976,147804.19830839976,6375
2007-08-02,600019,17.9,18.38,18.71,17.9,1092498,1487965046.0,4.54,2.97,0.53,2.31,3378.75,1540,0,264976.69830839976,147804.19830839976,6375
2007-08-03,600019,18.44,18.81,18.94,18.44,1139926,1586034306.0,2.72,2.34,0.43,2.41,2740.6505252999486,1541,15,267717.3488336997,207751.06883369974,3188
2007-08-06,600019,18.98,19.92,20.0,18.98,1389338,2042776010.0,5.42,5.9,1.11,2.93,3538.680000000051,1542,0,271256.02883369976,207751.06883369974,3188
2007-08-07,600019,20.0,20.94,21.22,19.82,1748536,2705869147.0,7.03,5.12,1.02,3.69,3250.9291007999564,1543,4,274506.9579344997,124660.31793449973,7156
2007-08-08,600019,20.79,20.32,20.79,19.94,1096281,1672487140.0,4.06,-2.96,-0.62,2.32,-4436.719999999972,1544,0,270070.23793449975,124660.31793449973,7156
2007-08-09,600019,20.25,21.62,21.65,20.12,1314589,2089323783.0,7.53,6.4,1.3,2.78,9302.675468800007,1545,1,279372.91340329975,112207.07340329973,7732
2007-08-10,600019,21.22,21.31,21.89,20.99,1179440,1889564453.0,4.16,-1.43,-0.31,2.49,-2396.920000000042,1546,0,276975.9934032997,112207.07340329973,7732
2007-08-13,600019,21.27,20.93,21.82,20.67,1035779,1656665590.0,5.4,-1.78,-0.38,2.19,-2938.384369599982,1547,2,274037.60903369973,89769.88903369973,8804
2007-08-14,600019,20.86,20.82,21.06,20.53,611252,951091076.0,2.53,-0.53,-0.11,1.29,-969.2476078000036,1548,9,273068.3614258997,9008.301425899728,12683
2007-08-15,600019,20.76,21.21,21.45,20.48,801417,1260425083.0,4.66,1.87,0.39,1.69,4944.486976200016,1549,17,278012.84840209974,197308.79840209975,3805
2007-08-16,600019,20.92,20.42,21.27,20.06,892500,1369678161.0,5.7,-3.72,-0.79,1.88,-3006.4937845999957,1550,17,275006.35461749975,251686.71461749976,1142
2007-08-17,600019,20.18,19.76,20.87,19.7,856612,1289466935.0,5.73,-3.23,-0.66,1.81,-755.2300591999665,1551,6,274251.1245582998,100679.28455829973,8784
2007-08-20,600019,20.38,21.56,21.56,20.38,1294005,2072409786.0,5.97,9.11,1.8,2.31,15810.394733999914,1552,8,290061.5192922997,20151.879292299724,12519
2007-08-21,600019,21.95,22.08,22.64,21.93,1574175,2650872021.0,3.29,2.41,0.52,2.81,6509.719036799972,1553,8,296571.23832909967,4055.398329099724,13248
2007-08-22,600019,21.84,21.89,22.48,21.76,1073977,1793715008.0,3.26,-0.86,-0.19,1.91,-2519.1498596999445,1554,17,294052.0884693997,207039.33846939975,3975
2007-08-23,600019,21.89,22.0,22.16,21.28,1021828,1671179298.0,4.02,0.5,0.11,1.82,436.55040000006557,1555,18,294488.6388693998,276998.6388693998,795
2007-08-24,600019,22.08,23.27,23.54,22.08,1195343,2088079937.0,6.64,5.77,1.27,2.13,1009.0961740000057,1556,2,295497.7350433998,221615.4850433998,3175
2007-08-27,600019,23.54,23.97,24.34,23.54,1131776,2066025200.0,3.44,3.01,0.7,2.02,2222.056794700038,1557,2,297719.79183809983,177294.5118380998,5024
2007-08-28,600019,23.84,23.97,24.21,22.87,838034,1503640621.0,5.59,0.0,0.0,1.49,-0.7090326000470668,1558,4,297719.0828054998,106390.5428054998,7982
2007-08-29,600019,23.72,23.19,23.93,22.97,694223,1228835595.0,4.01,-3.25,-0.78,1.24,-6226.172652299982,1559,2,291492.9101531998,85125.1001531998,8899
2007-08-30,600019,23.54,23.21,23.93,22.75,658221,1155651753.0,5.09,0.09,0.02,1.17,176.53424910001922,1560,17,291669.4444022998,229698.7444022998,2670
2007-08-31,600019,23.23,24.32,24.33,23.23,1085540,1979840701.0,4.74,4.78,1.11,1.93,2963.7000000000116,1561,0,294633.14440229983,229698.7444022998,2670
2007-09-03,600019,24.58,25.55,26.04,24.49,1068596,2061372594.0,6.37,5.06,1.23,1.9,3283.1812219999847,1562,4,297916.3256242998,137820.0256242998,6266
2007-09-04,600019,25.56,24.91,26.1,24.72,988148,1902158035.0,5.4,-2.5,-0.64,1.76,-4010.3777523000026,1563,1,293905.9478719998,124044.6578719998,6819
2007-09-05,600019,24.78,25.09,25.32,24.45,649630,1229581055.0,3.49,0.72,0.18,1.16,1227.4199999999837,1564,0,295133.3678719998,124044.6578719998,6819
2007-09-06,600019,25.41,25.64,26.16,25.41,964195,1905136289.0,2.99,2.19,0.55,1.72,3750.4500000000116,1565,0,298883.8178719998,124044.6578719998,6819
2007-09-07,600019,25.61,24.78,25.61,24.27,1288045,2457005474.0,5.23,-3.35,-0.86,2.3,-5864.339999999967,1566,0,293019.47787199984,124044.6578719998,6819
2007-09-10,600019,24.33,24.93,25.06,23.89,732578,1368254129.0,4.72,0.61,0.15,1.31,1022.8499999999767,1567,0,294042.3278719998,124044.6578719998,6819
2007-09-11,600019,24.94,23.72,25.19,23.66,763063,1418430624.0,6.14,-4.85,-1.21,1.36,-8251.237874000042,1568,2,285791.0899979998,99257.0099979998,7864
2007-09-12,600019,23.61,23.73,24.33,23.28,919640,1648893354.0,4.43,0.04,0.01,1.64,77.94542290002573,1569,7,285869.0354208998,29798.605420899796,10791
2007-09-13,600019,23.83,24.47,24.98,23.7,793798,1468554011.0,5.39,3.12,0.74,1.41,7985.280537899991,1570,2,293854.3159587998,23852.335958799795,11034
2007-09-14,600019,24.52,25.92,26.72,24.48,1457833,2862945959.0,9.15,5.93,1.45,2.6,15999.156921599992,1571,6,309853.4728803998,9544.352880399794,11586
2007-09-17,600019,25.75,26.7,26.89,25.53,906249,1839624321.0,5.25,3.01,0.78,1.62,9034.914630000014,1572,17,318888.3875103998,226079.1875103998,3476
2007-09-18,600019,26.74,25.5,26.87,25.08,1383650,2705958743.0,6.7,-4.49,-1.2,2.47,-4171.731674999988,1573,16,314716.6558353998,279246.1558353998,1391
2007-09-19,600019,25.42,24.76,25.43,24.31,1004352,1879855609.0,4.39,-2.9,-0.74,1.79,-1029.649747599964,1574,19,313687.00608779985,310220.6060877998,140
2007-09-20,600019,25.03,24.72,25.22,24.3,806243,1511558105.0,3.72,-0.16,-0.04,1.44,-8.391876800043974,1575,9,313678.6142109998,31030.134210999822,11434
2007-09-21,600019,24.81,23.99,24.88,23.62,1028587,1862003989.0,5.1,-2.95,-0.73,1.83,-8347.068056599994,1576,8,305331.5461543998,6224.226154399821,12468
2007-09-24,600019,23.91,24.09,24.1,22.81,1007943,1786725452.0,5.38,0.42,0.1,1.8,1246.7877141000354,1577,2,306578.33386849985,4995.623868499821,12519
2007-09-25,600019,24.19,23.26,24.19,23.11,550723,977702069.0,4.48,-3.45,-0.83,0.98,-10393.099488999986,1578,18,296185.23437949986,237942.19437949985,2504
2007-09-26,600019,23.23,23.05,23.82,22.99,586840,1038662892.0,3.57,-0.9,-0.21,1.05,-526.0778760000248,1579,1,295659.15650349983,214154.35650349985,3536
2007-09-27,600019,22.89,23.56,23.62,22.89,441028,773044389.0,3.17,2.21,0.51,0.79,1803.359999999986,1580,0,297462.5165034998,214154.35650349985,3536
2007-09-28,600019,23.73,23.95,24.03,23.47,822928,1484449354.0,2.38,1.66,0.39,1.47,1378.9554564999999,1581,11,298841.4719599998,222608.62195999984,3183
2007-10-08,600019,24.38,23.72,24.58,23.69,936385,1704244704.0,3.72,-0.96,-0.23,1.67,-732.5349871999933,1582,2,298108.9369727998,178109.45697279985,5059
2007-10-09,600019,23.72,23.48,23.72,22.93,848809,1494150982.0,3.33,-1.01,-0.24,1.51,-1214.6350004000124,1583,14,296894.3019723998,225609.02197239985,3036
2007-10-10,600019,23.6,24.37,25.06,23.54,1291753,2397343468.0,6.47,3.79,0.89,2.3,2700.2354015000165,1584,8,299594.53737389983,45147.36737389982,10441
2007-10-11,600019,24.45,24.75,24.92,23.84,1063457,1979823126.0,4.43,1.56,0.38,1.9,3967.579999999958,1585,0,303562.1173738998,45147.36737389982,10441
2007-10-12,600019,25.32,25.37,25.89,24.28,2031319,3918150926.0,6.51,2.51,0.62,3.62,6473.420000000042,1586,0,310035.53737389983,45147.36737389982,10441
2007-10-15,600019,25.37,27.74,27.74,24.82,2447767,4977447411.0,11.51,9.34,2.37,4.36,24744.011577599973,1587,14,334779.5489514998,160988.44895149983,6265
2007-10-16,600019,27.86,27.14,28.75,26.99,1884244,4002005889.0,6.34,-2.16,-0.6,3.36,-3759.321880399948,1588,2,331020.22707109986,128800.08707109983,7451
2007-10-17,600019,26.89,26.75,27.86,26.5,930840,1929476970.0,5.01,-1.44,-0.39,1.66,-2906.886437500012,1589,15,328113.34063359984,228442.84063359984,3726
2007-10-18,600019,26.65,25.3,26.76,24.94,1230550,2405447737.0,6.8,-5.42,-1.45,2.19,-5402.700000000012,1590,0,322710.64063359983,228442.84063359984,3726
2007-10-19,600019,25.31,25.04,25.92,24.77,753276,1444803381.0,4.55,-1.03,-0.26,1.34,-970.5874191999901,1591,8,321740.05321439984,45699.09321439985,11024
2007-10-22,600019,24.64,23.84,24.64,23.73,748649,1367346818.0,3.63,-4.79,-1.2,1.33,-13228.800000000047,1592,0,308511.2532143998,45699.09321439985,11024
2007-10-23,600019,23.75,24.52,24.55,23.09,1116614,2003712462.0,6.12,2.85,0.68,1.99,7496.137326000084,1593,4,316007.3905403999,27431.51054039985,11769
2007-10-24,600019,24.52,24.49,25.09,23.67,1052620,1956094239.0,5.79,-0.12,-0.03,1.88,-353.12485760002164,1594,2,315654.26568279986,21945.69568279985,11993
2007-10-25,600019,24.13,23.16,24.13,23.11,895654,1598174352.0,4.16,-5.43,-1.33,1.6,-15950.73377240001,1595,2,299703.53191039985,17568.411910399853,12182
2007-10-26,600019,23.09,23.55,23.69,22.87,634282,1120790830.0,3.54,1.68,0.39,1.13,4750.98000000004,1596,0,304454.5119103999,17568.411910399853,12182
2007-10-29,600019,23.73,25.1,25.13,23.58,728284,1347439200.0,6.58,6.58,1.55,1.3,18882.065110999974,1597,2,323336.57702139986,14079.477021399853,12321
2007-10-30,600019,24.39,24.8,24.94,23.58,2185570,4032213646.0,5.42,-1.2,-0.3,3.9,-3696.384320000012,1598,6,319640.19270139985,5647.392701399853,12661
2007-10-31,600019,24.91,24.34,25.05,23.97,1345445,2501207735.0,4.35,-1.85,-0.46,2.4,-5824.110627199989,1599,9,313816.08207419986,584.6220741998522,12869
2007-11-01,600019,24.09,23.55,24.19,23.23,1526060,2733561918.0,3.94,-3.25,-0.79,2.72,-10168.631384000008,1600,17,303647.45069019985,212720.90069019984,3861
2007-11-02,600019,23.11,22.31,23.39,22.26,1320832,2262710716.0,4.8,-5.27,-1.24,2.35,-4789.767035400029,1601,10,298857.6836547998,15.233654799842043,13395
2007-11-05,600019,22.11,22.48,23.23,21.53,821928,1394768782.0,7.62,0.76,0.17,1.46,2277.1500000000233,1602,0,301134.83365479985,15.233654799842043,13395
2007-11-06,600019,22.5,22.25,23.0,21.99,496472,841916893.0,4.49,-1.02,-0.23,0.88,-3180.8499999999767,1603,7,298053.9836547999,15.233654799842043,13395
2007-11-07,600019,22.4,21.95,22.69,21.59,530189,872826518.0,4.94,-1.35,-0.3,0.94,-4118.5,1604,5,294035.4836547999,15.233654799842043,13395
2007-11-08,600019,22.0,20.51,22.0,20.49,879571,1386942965.0,6.88,-6.56,-1.44,1.57,-19388.800000000047,1605,10,274746.6836547998,15.233654799842043,13395
2007-11-09,600019,20.29,19.83,20.59,19.65,1018115,1526448962.0,4.58,-3.32,-0.68,1.81,-9208.599999999977,1606,2,265638.08365479985,15.233654799842043,13395
2007-11-12,600019,19.33,20.22,20.42,18.29,1464853,2105495558.0,10.74,1.97,0.39,2.61,5224.04999999993,1607,0,270862.1336547998,15.233654799842043,13395
2007-11-13,600019,19.92,20.61,21.4,19.86,1639598,2535511287.0,7.62,1.93,0.39,2.92,5124.050000000047,1608,1,276086.1836547998,15.233654799842043,13395
2007-11-14,600019,21.01,21.37,21.47,20.43,1143134,1805825712.0,5.05,3.69,0.76,2.04,10080.20000000007,1609,2,286266.3836547999,15.233654799842043,13395
2007-11-15,600019,21.23,20.79,21.54,20.73,597460,946379585.0,3.79,-2.71,-0.58,1.06,-7771.8848205000395,1610,20,278494.49883429985,278494.49883429985,0
2007-11-16,600019,20.55,20.36,20.55,20.07,331873,504225630.0,2.31,-2.07,-0.43,0.59,0.0,1611,0,278494.49883429985,278494.49883429985,0
2007-11-19,600019,20.44,20.86,21.14,20.44,344306,538034154.0,3.44,2.46,0.5,0.61,-0.2784809999866411,1612,1,278494.22035329987,250646.12035329986,1335
2007-11-20,600019,20.47,21.6,22.01,20.47,934287,1511940442.0,7.38,3.55,0.74,1.67,987.9000000000233,1613,0,279482.1203532999,250646.12035329986,1335
2007-11-21,600019,22.11,21.31,22.14,21.28,605101,992870250.0,3.98,-1.34,-0.29,1.08,-387.1500000000233,1614,0,279094.97035329987,250646.12035329986,1335
2007-11-22,600019,20.98,20.88,21.47,20.77,343479,543004934.0,3.28,-2.02,-0.43,0.61,-574.1892695999704,1615,15,278520.7810836999,264572.9410836999,668
2007-11-23,600019,20.75,21.03,21.1,20.48,325542,506635609.0,2.97,0.72,0.15,0.58,100.14384989999235,1616,14,278620.9249335999,270187.89493359986,401
2007-11-26,600019,21.32,20.66,21.58,20.54,414829,657276864.0,4.95,-1.76,-0.37,0.74,-151.07170820009196,1617,10,278469.8532253998,14.373225399816874,13478
2007-11-27,600019,20.53,20.11,20.9,20.06,338043,516114071.0,4.07,-2.66,-0.55,0.6,-7414.255212899938,1618,15,271055.59801249986,135534.30801249982,6739
2007-11-28,600019,20.22,19.62,20.54,19.45,589283,875593075.0,5.42,-2.44,-0.49,1.05,-3302.3809522000374,1619,2,267753.2170602998,108438.81706029983,8120
2007-11-29,600019,19.94,20.2,20.28,19.15,866126,1274015970.0,5.76,2.96,0.58,1.54,4709.491727999994,1620,1,272462.7087882998,97611.50878829983,8656
2007-11-30,600019,20.18,19.48,20.18,19.33,550648,808890689.0,4.21,-3.56,-0.72,0.98,-6232.5151896000025,1621,2,266230.1935986998,78092.35359869983,9658
2007-12-03,600019,19.48,19.77,20.31,19.34,421629,625094962.0,4.98,1.49,0.29,0.75,2800.429542500002,1622,5,269030.6231411998,39046.21314119983,11633
2007-12-04,600019,19.95,20.71,20.95,19.95,1026978,1588793440.0,5.06,4.75,0.94,1.83,10932.851870100072,1623,19,279963.4750112999,255857.0350112999,1164
2007-12-05,600019,20.75,21.97,22.14,20.71,1417080,2314248937.0,6.9,6.08,1.26,2.53,1466.12831869995,1624,2,281429.60332999984,204688.39332999988,3493
2007-12-06,600019,22.09,21.89,22.32,21.42,726363,1194726048.0,4.1,-0.36,-0.08,1.29,-281.07737199997064,1625,8,281148.52595799987,40949.555957999866,10973
2007-12-07,600019,21.89,22.16,22.6,21.83,580056,976370363.0,3.52,1.23,0.27,1.03,2962.7099999999627,1626,0,284111.23595799983,40949.555957999866,10973
2007-12-10,600019,21.83,22.36,22.64,21.65,683747,1154621582.0,4.47,0.9,0.2,1.22,2194.518162399996,1627,2,286305.7541203998,32765.714120399865,11339
2007-12-12,600019,22.98,22.51,23.36,22.36,807355,1389689243.0,4.47,0.67,0.15,1.44,1700.850000000035,1628,0,288006.60412039986,32765.714120399865,11339
2007-12-13,600019,22.51,21.11,22.56,21.04,1108707,1796893163.0,6.75,-6.22,-1.4,1.98,-15874.600000000035,1629,0,272132.0041203998,32765.714120399865,11339
2007-12-14,600019,20.79,21.56,21.58,20.61,554354,879836449.0,4.59,2.13,0.45,0.99,5102.255274800002,1630,9,277234.2593951998,3292.8993951998673,12706
2007-12-17,600019,21.6,20.97,21.65,20.79,464589,736661368.0,3.99,-2.74,-0.59,0.83,-7497.872224099934,1631,15,269736.3871710999,136513.9771710999,6353
2007-12-18,600019,20.86,21.32,21.37,20.55,368564,577328226.0,3.91,1.67,0.35,0.66,2223.5499999999884,1632,0,271959.9371710999,136513.9771710999,6353
2007-12-19,600019,21.6,22.25,22.3,21.38,903973,1497900745.0,4.32,4.36,0.93,1.61,5907.061577500019,1633,9,277866.9987485999,13670.498748599886,11874
2007-12-20,600019,22.28,22.25,22.44,21.92,481253,807396156.0,2.34,0.0,0.0,0.86,0.0,1634,0,277866.9987485999,13670.498748599886,11874
2007-12-21,600019,22.14,22.47,22.62,22.01,632048,1072345130.0,2.74,0.99,0.22,1.13,2612.2799999999697,1635,0,280479.27874859987,13670.498748599886,11874
2007-12-24,600019,22.44,22.39,22.7,21.89,892328,1509779743.0,3.6,-0.36,-0.08,1.59,-949.9199999999837,1636,0,279529.3587485999,13670.498748599886,11874
2007-12-25,600019,22.39,22.97,23.33,22.39,933764,1622438048.0,4.2,2.59,0.58,1.66,6886.783328499994,1637,10,286416.1420770999,3.212077099886301,12469
2007-12-26,600019,23.06,22.99,23.28,22.5,578663,1004057454.0,3.4,0.09,0.02,1.03,246.5133768999949,1638,20,286662.6554539999,286662.6554539999,0
2007-12-28,600019,23.48,23.04,23.54,22.87,842474,1476553445.0,2.91,0.22,0.05,1.5,0.0,1639,0,286662.6554539999,286662.6554539999,0
2008-01-02,600019,23.09,22.83,23.21,22.44,538294,925331020.0,3.34,-0.91,-0.21,0.96,-500.0,1640,15,286662.6554539999,286662.6554539999,0
2008-01-03,600019,22.81,23.99,24.32,22.11,1382230,2404979760.0,9.68,5.08,1.16,2.46,0.0,1641,0,286662.6554539999,286662.6554539999,0
2008-01-04,600019,23.86,23.81,24.26,23.72,844424,1536693466.0,2.25,-0.75,-0.18,1.5,-2.006468700012192,1642,7,286660.64898529986,86013.77898529987,8427
2008-01-07,600019,23.78,23.98,24.27,23.43,612501,1118005184.0,3.53,0.71,0.17,1.09,1431.175659600005,1643,17,288091.82464489987,227446.40464489989,2529
2008-01-08,600019,24.21,24.34,25.19,24.1,1383994,2607406430.0,4.55,1.5,0.36,2.47,909.9853287999867,1644,2,289001.80997369986,181978.82997369987,4397
2008-01-09,600019,24.21,24.78,24.95,23.99,586734,1103588843.0,3.94,1.81,0.44,1.05,1934.6800000000512,1645,0,290936.4899736999,181978.82997369987,4397
2008-01-10,600019,24.81,25.39,25.92,24.81,1013968,1980568332.0,4.48,2.46,0.61,1.81,2682.1699999999837,1646,0,293618.6599736999,181978.82997369987,4397
2008-01-11,600019,25.75,25.36,25.75,24.94,647229,1245370460.0,3.19,-0.12,-0.03,1.15,-132.46741280000424,1647,15,293486.1925608999,237719.55256089987,2199
2008-01-14,600019,25.53,25.44,25.67,25.09,418444,812777534.0,2.29,0.32,0.08,0.75,175.4447808000259,1648,2,293661.6373416999,190197.15734169987,4067
2008-01-15,600019,25.45,25.25,26.17,25.14,651899,1279405828.0,4.05,-0.75,-0.19,1.16,-772.7300000000396,1649,0,292888.9073416999,190197.15734169987,4067
2008-01-16,600019,24.94,23.99,25.22,23.73,1007554,1863656965.0,5.9,-4.99,-1.26,1.8,-5124.800241500023,1650,2,287764.10710019985,152172.62710019987,5652
2008-01-17,600019,23.72,23.15,24.0,22.5,1120520,1974064579.0,6.25,-3.5,-0.84,2.0,-4747.984190999996,1651,2,283016.12290919985,121753.22290919986,6966
2008-01-18,600019,23.09,23.42,23.77,22.93,443528,783412482.0,3.63,1.17,0.27,0.79,1879.678040800034,1652,17,284895.8009499999,235948.00094999987,2090
2008-01-21,600019,23.44,21.73,23.75,21.62,928363,1578453114.0,9.09,-7.22,-1.69,1.65,-3532.4179099000175,1653,17,281363.38304009987,267738.67304009985,627
2008-01-22,600019,21.28,20.49,21.62,19.78,1327868,2062763540.0,8.47,-5.71,-1.24,2.37,-777.5185212000506,1654,13,280585.8645188998,271590.75451889983,439
2008-01-23,600019,20.86,21.62,21.65,20.78,594497,949855056.0,4.25,5.51,1.13,1.06,495.99411379999947,1655,18,281081.8586326998,279179.2986326998,88
2008-01-24,600019,22.14,21.38,22.14,21.04,679676,1095230128.0,5.09,-1.11,-0.24,1.21,-21.133041799999774,1656,17,281060.7255908998,280483.4655908998,27
2008-01-25,600019,21.28,21.36,21.73,20.43,682404,1078928324.0,6.08,-0.09,-0.02,1.22,-2.222740800003521,1657,6,281058.5028500998,112207.7028500998,7905
2008-01-28,600019,21.27,20.06,21.27,19.88,588317,893764876.0,6.51,-6.09,-1.3,1.05,-10276.724270800012,1658,2,270781.7785792998,89780.3985792998,9023
2008-01-29,600019,19.82,20.2,20.61,19.82,478211,721137520.0,3.94,0.7,0.14,0.85,1262.3087779999478,1659,15,272044.08735729975,180901.6873572998,4512
2008-01-30,600019,20.43,20.18,20.76,19.78,434826,660179949.0,4.85,-0.1,-0.02,0.77,-90.9682961999788,1660,18,271953.1190610998,253730.5790610998,903
2008-01-31,600019,20.25,20.7,21.16,20.04,654130,1021838703.0,5.55,2.58,0.52,1.17,469.3730790000409,1661,20,272422.4921400998,272422.4921400998,0
2008-02-01,600019,20.73,20.88,20.99,20.07,451977,700831227.0,4.44,0.87,0.18,0.81,-2.1790367999929003,1662,8,272420.3131032998,54516.6331032998,10436
2008-02-04,600019,21.42,22.8,22.8,21.42,1032665,1752110030.0,6.61,9.2,1.92,1.84,20036.902032000013,1663,4,292457.21513529983,32719.6151352998,11392
2008-02-05,600019,22.99,22.95,23.48,22.45,671016,1173835969.0,4.52,0.66,0.15,1.2,1708.7999999999302,1664,0,294166.01513529976,32719.6151352998,11392
2008-02-13,600019,22.5,22.12,22.65,22.08,341867,575749920.0,2.48,-3.62,-0.83,0.61,-9455.359999999986,1665,0,284710.6551352998,32719.6151352998,11392
2008-02-14,600019,22.6,22.45,22.93,22.3,259049,442092438.0,2.85,1.49,0.33,0.46,3759.359999999986,1666,0,288470.01513529976,32719.6151352998,11392
2008-02-15,600019,22.27,22.73,22.81,21.89,376242,633928367.0,4.1,1.25,0.28,0.67,3189.7274961000076,1667,1,291659.7426313998,29469.192631399797,11535
2008-02-18,600019,22.7,23.1,23.66,22.01,734156,1280005862.0,7.26,1.63,0.37,1.31,4267.950000000012,1668,0,295927.6926313998,29469.192631399797,11535
2008-02-19,600019,23.11,23.84,24.1,22.99,957370,1729186437.0,4.81,3.2,0.74,1.71,8535.900000000023,1669,0,304463.5926313998,29469.192631399797,11535
2008-02-20,600019,23.91,23.34,24.41,23.31,626211,1132954291.0,4.61,-2.1,-0.5,1.12,-5767.647275399999,1670,5,298695.9453559998,14741.505355999798,12166
2008-02-21,600019,23.17,24.22,24.8,23.11,1109267,2033712134.0,7.24,3.77,0.88,1.98,10705.947516599961,1671,9,309401.89287259977,1493.032872599797,12713
2008-02-22,600019,24.3,23.26,24.41,22.66,1025225,1817662726.0,7.23,-3.96,-0.96,1.83,-12204.488838799938,1672,6,297197.40403379983,609.1440337997968,12751
2008-02-25,600019,23.3,23.32,24.15,22.75,967630,1723516134.0,6.02,0.26,0.06,1.72,765.0599999999977,1673,0,297962.4640337998,609.1440337997968,12751
2008-02-26,600019,24.15,22.75,24.33,21.99,1066579,1869854073.0,10.03,-2.44,-0.57,1.9,-7268.071137500054,1674,2,290694.3928962998,495.3928962997968,12756
2008-02-27,600019,23.0,22.86,23.06,22.38,779326,1333674201.0,2.99,0.48,0.11,1.39,1403.1590855999966,1675,2,292097.5519818998,403.9519818997968,12760
2008-02-28,600019,22.87,22.91,23.38,22.16,493567,849735562.0,5.34,0.22,0.05,0.88,637.9993127000635,1676,2,292735.55129459983,335.2212945997968,12763
2008-02-29,600019,22.6,22.65,23.0,22.38,511729,873445789.0,2.71,-1.13,-0.26,0.91,-3318.380000000063,1677,0,289417.1712945998,335.2212945997968,12763
2008-03-03,600019,22.62,22.75,22.89,22.22,467990,799805248.0,2.96,0.44,0.1,0.83,1273.3964175000438,1678,20,290690.5677120998,290690.5677120998,0
2008-03-04,600019,22.75,21.79,22.93,21.69,807781,1354204868.0,5.45,-4.22,-0.96,1.44,0.0,1679,0,290690.5677120998,290690.5677120998,0
2008-03-05,600019,21.62,20.86,21.62,20.25,1514887,2365209221.0,6.29,-4.27,-0.93,2.7,0.0,1680,0,290690.5677120998,290690.5677120998,0
2008-03-06,600019,21.04,21.03,21.29,20.39,909931,1427710843.0,4.31,0.81,0.17,1.62,-500.0,1681,12,290690.5677120998,290690.5677120998,0
2008-03-07,600019,20.68,20.79,21.03,20.37,399277,620435241.0,3.14,-1.14,-0.24,0.71,-500.0,1682,12,290690.5677120998,290690.5677120998,0
2008-03-10,600019,20.67,20.21,20.68,20.0,630566,951967772.0,3.27,-2.79,-0.58,1.12,-0.8718594000092708,1683,3,290689.6958526998,203503.7558526998,4314
2008-03-11,600019,20.06,20.04,20.23,19.62,631224,940662283.0,3.02,-0.84,-0.17,1.12,-734.6008368000039,1684,6,289955.0950158998,81418.8550158998,10406
2008-03-12,600019,20.53,19.45,20.67,19.39,562929,833066380.0,6.39,-2.94,-0.59,1.0,-6139.540000000037,1685,0,283815.55501589976,81418.8550158998,10406
2008-03-13,600019,19.39,18.59,19.39,18.23,912878,1263452866.0,5.96,-4.42,-0.86,1.63,-8949.974056099949,1686,10,274865.5809597998,12.430959799792618,14785
2008-03-14,600019,18.35,18.49,18.56,17.93,469492,632631538.0,3.39,-0.54,-0.1,0.84,-1478.5000000000582,1687,0,273387.08095979976,12.430959799792618,14785
2008-03-17,600019,18.38,17.63,18.38,17.61,340393,450717220.0,4.16,-4.65,-0.86,0.61,-12715.099999999977,1688,0,260671.98095979978,12.430959799792618,14785
2008-03-18,600019,17.44,17.17,18.01,16.77,518689,661357457.0,7.03,-2.61,-0.46,0.92,-6901.099999999977,1689,2,253870.8809597998,12.430959799792618,14785
2008-03-19,600019,17.5,17.87,18.35,17.33,560644,736302482.0,5.94,4.08,0.7,1.0,10347.650633700017,1690,17,264218.5315934998,184947.21159349981,4436
2008-03-20,600019,17.7,19.01,19.44,17.12,769535,1051749958.0,12.98,6.38,1.14,1.37,5055.560641799995,1691,8,269274.0922352998,37009.912235299795,12218
2008-03-21,600019,19.15,19.99,20.29,18.89,994854,1463981858.0,7.36,5.16,0.98,1.77,11972.418810899951,1692,15,281246.51104619977,159127.6010461998,6109
2008-03-24,600019,20.22,18.74,20.47,18.72,732293,1059953205.0,8.75,-6.25,-1.25,1.31,-7636.25,1693,0,273610.26104619977,159127.6010461998,6109
2008-03-25,600019,18.42,19.29,19.45,17.99,500548,707116982.0,7.79,2.93,0.55,0.89,3359.9500000000116,1694,0,276970.2110461998,159127.6010461998,6109
2008-03-26,600019,19.31,19.27,19.83,18.96,389922,567287005.0,4.51,-0.1,-0.02,0.69,-122.17999999999302,1695,0,276848.0310461998,159127.6010461998,6109
2008-03-27,600019,18.48,17.7,18.82,17.52,1191827,1567761471.0,6.75,-8.15,-1.57,2.12,-9591.886852000025,1696,17,267256.14419419976,234812.04419419979,1833
2008-03-28,600019,17.48,18.2,18.4,16.38,1471938,1881896785.0,11.41,2.82,0.5,2.62,916.5,1697,0,268172.64419419976,234812.04419419979,1833
2008-03-31,600019,17.33,16.9,17.62,16.74,1113031,1406458876.0,4.84,-7.14,-1.3,1.98,-2382.899999999965,1698,0,265789.7441941998,234812.04419419979,1833
2008-04-01,600019,16.88,15.59,16.89,15.44,1166760,1357711890.0,8.58,-7.75,-1.31,2.08,-2401.2299999999814,1699,0,263388.5141941998,234812.04419419979,1833
2008-04-02,600019,15.8,15.32,16.05,15.01,1282960,1445258947.0,6.67,-1.73,-0.27,2.29,-495.05033120006556,1700,15,262893.46386299975,248845.02386299978,917
2008-04-03,600019,15.16,16.05,16.2,15.04,847630,974086267.0,7.57,4.77,0.73,1.51,669.1612249999889,1701,1,263562.62508799974,223967.27508799976,2467
2008-04-07,600019,15.91,16.83,16.94,15.57,914265,1111184547.0,8.54,4.86,0.78,1.63,1924.2600000000093,1702,0,265486.88508799975,223967.27508799976,2467
2008-04-08,600019,16.71,16.84,17.07,16.39,971522,1190500803.0,4.04,0.06,0.01,1.73,23.550308400008362,1703,5,265510.43539639976,111996.99539639975,9116
2008-04-09,600019,16.73,16.4,17.42,16.16,947924,1171696987.0,7.48,-2.61,-0.44,1.69,-4011.78751200001,1704,15,261498.64788439975,186747.44788439973,4558
2008-04-10,600019,16.16,16.56,16.63,16.05,389702,465798310.0,3.54,0.98,0.16,0.69,728.9065719999489,1705,2,262227.5544563997,149404.27445639973,6813
2008-04-11,600019,16.73,16.52,16.96,16.34,330393,401179923.0,3.74,-0.24,-0.04,0.59,-272.5199999999604,1706,0,261955.03445639974,149404.27445639973,6813
2008-04-14,600019,16.26,15.66,16.26,15.49,659440,754638746.0,4.66,-5.21,-0.86,1.18,-5859.713379600027,1707,15,256095.3210767997,202741.7010767997,3407
2008-04-15,600019,15.52,15.56,15.8,14.88,573454,633070242.0,5.87,-0.64,-0.1,1.02,-341.0180463999859,1708,16,255754.30303039972,234546.02303039972,1363
2008-04-16,600019,15.55,14.84,15.55,14.73,609680,661189439.0,5.27,-4.63,-0.72,1.09,-981.5217560000019,1709,18,254772.78127439972,250721.4612743997,273
2008-04-17,600019,14.88,14.27,15.4,13.91,919659,953633473.0,10.04,-3.84,-0.57,1.64,-156.1113050999993,1710,2,254616.66996929972,200590.44996929972,3786
2008-04-18,600019,14.15,13.82,14.27,13.67,529559,526843721.0,4.2,-3.15,-0.45,0.94,-1704.101056399988,1711,2,252912.56891289973,160484.40891289973,6688
2008-04-21,600019,14.76,14.12,14.91,13.82,1080676,1107980937.0,7.89,2.17,0.3,1.93,2006.3056783999782,1712,11,254918.8745912997,169916.47459129972,6020
2008-04-22,600019,13.89,14.3,14.4,13.51,576209,570599129.0,6.3,1.27,0.18,1.03,1082.0709010000282,1713,9,256000.94549229974,17005.045492299716,16713
2008-04-23,600019,14.18,15.13,15.24,14.04,1188870,1277761375.0,8.39,5.8,0.83,2.12,13871.789999999979,1714,0,269872.7354922997,17005.045492299716,16713
2008-04-24,600019,16.48,16.48,16.48,16.3,1590508,1915842167.0,1.19,8.92,1.35,2.83,22560.346623999998,1715,18,292433.0821162997,237340.44211629973,3343
2008-04-25,600019,16.66,17.5,17.95,16.65,2463242,3163979132.0,7.89,6.19,1.02,4.39,3407.961425000045,1716,8,295841.04354129976,47481.04354129973,14192
2008-04-29,600019,17.13,17.85,18.04,17.07,1153684,1513750563.0,5.54,2.0,0.35,2.06,4965.933363999939,1717,15,300806.9769052997,174143.37690529972,7096
2008-04-30,600019,17.93,18.74,18.87,17.89,1213686,1676082674.0,5.49,4.99,0.89,2.16,6315.091810800019,1718,2,307122.0687160997,139324.10871609973,8954
2008-05-05,600019,19.04,18.84,19.31,18.48,923711,1299134888.0,4.43,0.53,0.1,1.65,895.1213564000209,1719,2,308017.19007249974,111459.47007249972,10433
2008-05-06,600019,18.55,18.6,18.9,18.29,601249,829031067.0,3.24,-1.27,-0.24,1.07,-2503.9199999999837,1720,0,305513.27007249976,111459.47007249972,10433
2008-05-07,600019,18.56,17.56,18.88,17.44,886611,1189298224.0,7.74,-5.59,-1.04,1.58,-10850.320000000065,1721,0,294662.9500724997,111459.47007249972,10433
2008-05-08,600019,17.33,18.03,18.05,17.15,617245,805547469.0,5.13,2.68,0.47,1.1,4902.507171400066,1722,9,299565.45724389976,11175.607243899722,15995
2008-05-09,600019,18.21,18.6,18.98,18.05,1324270,1826835063.0,5.16,3.16,0.57,2.36,9115.66255800001,1723,15,308681.11980189977,159918.31980189975,7998
2008-05-12,600019,18.48,18.95,19.15,18.15,907163,1267715270.0,5.38,1.88,0.35,1.62,2799.2999999999884,1724,0,311480.41980189976,159918.31980189975,7998
2008-05-13,600019,18.6,19.22,19.64,18.44,958552,1346589584.0,6.33,1.42,0.27,1.71,2159.1401791999815,1725,2,313639.55998109974,127935.91998109975,9662
2008-05-14,600019,19.22,19.28,19.51,18.84,627281,874523555.0,3.49,0.31,0.06,1.12,577.8571664000046,1726,20,314217.41714749974,314217.41714749974,0
2008-05-15,600019,19.54,19.34,19.88,19.33,633260,905953643.0,2.85,0.31,0.06,1.13,-0.6283566000056453,1727,2,314216.78879089974,251381.12879089973,3249
2008-05-16,600019,19.46,19.09,19.71,18.76,515446,722224089.0,4.91,-1.29,-0.25,0.92,-812.25,1728,0,313404.53879089974,251381.12879089973,3249
2008-05-19,600019,19.09,18.65,19.09,18.5,472884,639909096.0,3.09,-2.3,-0.44,0.84,-1429.5599999999977,1729,0,311974.97879089974,251381.12879089973,3249
2008-05-20,600019,18.66,18.18,19.15,18.03,440847,592830522.0,6.01,-2.52,-0.47,0.79,-1527.030000000028,1730,0,310447.9487908997,251381.12879089973,3249
2008-05-21,600019,17.95,18.55,18.72,17.38,773154,993236682.0,7.37,2.04,0.37,1.38,1201.627295000013,1731,2,311649.5760858997,201110.1260858997,5959
2008-05-22,600019,18.23,18.17,18.72,17.87,573474,752256853.0,4.58,-2.05,-0.38,1.02,-2264.4199999999837,1732,0,309385.15608589974,201110.1260858997,5959
2008-05-23,600019,18.03,18.03,18.2,17.56,393645,505117238.0,3.52,-0.77,-0.14,0.7,-835.0120312999934,1733,17,308550.14405459975,276312.50405459973,1788
2008-05-26,600019,17.81,17.15,17.81,17.13,417979,521429328.0,3.77,-4.88,-0.88,0.74,-1574.5451460000477,1734,4,306975.5989085997,165796.79890859974,8232
2008-05-27,600019,17.07,16.93,17.29,16.7,688901,834942233.0,3.44,-1.28,-0.22,1.23,-1811.3714893999277,1735,2,305164.2274191998,132647.52741919973,10190
2008-05-28,600019,17.06,17.6,17.65,16.77,603661,744385408.0,5.2,3.96,0.67,1.08,6827.034767999954,1736,2,311991.2621871997,106124.06218719973,11697
2008-05-29,600019,17.5,17.02,17.54,17.01,408215,504010672.0,3.01,-3.3,-0.58,0.73,-6785.852561400039,1737,18,305205.4096257997,265378.6096257997,2340
2008-05-30,600019,17.2,17.27,17.44,16.93,263609,324092996.0,3.0,1.47,0.25,0.47,584.6767055999953,1738,18,305790.0863313997,297707.7263313997,468
2008-06-02,600019,17.15,17.04,17.18,16.82,389961,473594514.0,2.08,-1.33,-0.23,0.69,-107.93768879998242,1739,1,305682.1486425997,267938.5486425997,2215
2008-06-03,600019,17.02,17.05,17.31,16.83,368678,449684065.0,2.82,0.06,0.01,0.66,19.47076300001936,1740,10,305701.6194055997,12.169405599706806,17929
2008-06-04,600019,17.04,16.77,17.13,16.66,414264,497138923.0,2.76,-1.64,-0.28,0.74,-5022.224634999991,1741,17,300679.3947705997,210473.5647705997,5379
2008-06-05,600019,16.7,16.27,16.71,16.12,380448,441759257.0,3.52,-2.98,-0.5,0.68,-2689.9375003000023,1742,15,297989.4572702997,254223.1572702997,2690
2008-06-06,600019,16.29,16.6,16.98,16.29,446080,530492320.0,4.24,2.03,0.33,0.79,887.3427679999731,1743,18,298876.8000382997,289946.0000382997,538
2008-06-10,600019,16.12,15.57,16.15,15.24,447245,493394641.0,5.48,-6.2,-1.03,0.8,-554.206950999971,1744,18,298322.5930872997,296641.03308729973,108
2008-06-11,600019,15.55,15.54,15.72,15.24,317959,346334412.0,3.08,-0.19,-0.03,0.57,-3.2550737999845296,1745,19,298319.33801349974,298148.39801349974,11
2008-06-12,600019,15.49,15.44,15.54,14.96,358946,383935812.0,3.73,-0.64,-0.1,0.64,-1.1010807999991812,1746,17,298318.23693269974,298256.47693269973,4
2008-06-13,600019,15.44,15.34,15.85,15.3,291575,318885113.0,3.56,-0.65,-0.1,0.52,-3.084039799985476,1747,9,298315.15289289976,29849.812892899732,17501
2008-06-16,600019,15.41,15.45,15.76,15.06,356387,389149782.0,4.56,0.72,0.11,0.64,1922.6766249999637,1748,19,300237.8295178997,273184.8795178997,1751
2008-06-17,600019,15.62,15.04,15.79,14.9,312167,339015144.0,5.76,-2.65,-0.41,0.56,-717.9100000000326,1749,0,299519.9195178997,273184.8795178997,1751
2008-06-18,600019,15.04,15.51,15.89,14.57,724146,780062236.0,8.78,3.13,0.47,1.29,820.5115099000395,1750,9,300340.4310277997,27333.41102779968,17602
2008-06-19,600019,15.43,14.18,15.43,14.18,768295,783631011.0,8.06,-8.58,-1.33,1.37,-23410.660000000033,1751,0,276929.7710277997,27333.41102779968,17602
2008-06-24,600019,14.15,13.24,14.15,12.99,1106881,1008365263.0,8.18,-6.63,-0.94,1.97,-16545.934548799996,1752,2,260383.8364789997,21878.47647899968,18014
2008-06-25,600019,13.25,13.89,13.97,13.21,975006,907992291.0,5.74,4.91,0.65,1.74,11706.597855400003,1753,20,272090.4343343997,272090.4343343997,0
2008-06-26,600019,13.78,13.74,14.0,13.46,771481,728264009.0,3.89,-1.08,-0.15,1.37,0.0,1754,0,272090.4343343997,272090.4343343997,0
2008-06-27,600019,13.35,13.08,13.35,12.93,752190,672007988.0,3.06,-4.8,-0.66,1.34,0.0,1755,0,272090.4343343997,272090.4343343997,0
2008-06-30,600019,13.06,12.82,13.28,12.67,316064,278778613.0,4.66,-1.99,-0.26,0.56,-0.5440808000275865,1756,2,272089.8902535997,217681.8102535997,4244
2008-07-01,600019,12.83,12.21,12.99,12.13,452972,379355841.0,6.71,-4.76,-0.61,0.81,-2589.275286499993,1757,2,269500.6149670997,174152.72496709967,7809
2008-07-02,600019,12.19,12.24,12.35,12.07,323046,265645361.0,2.29,0.25,0.03,0.58,234.1745280000032,1758,11,269734.7894950997,183699.82949509966,7029
2008-07-03,600019,12.05,12.56,12.73,11.84,729509,606252514.0,7.27,2.61,0.32,1.3,2248.912619999959,1759,2,271983.70211509964,146961.46211509965,9954
2008-07-04,600019,12.47,12.43,12.79,12.34,416490,352684704.0,3.58,-1.04,-0.13,0.74,-1294.0200000000186,1760,0,270689.6821150996,146961.46211509965,9954
2008-07-07,600019,12.47,13.28,13.45,12.47,1121842,1008961438.0,7.88,6.84,0.85,2.0,8460.767864000052,1761,11,279150.4499790997,160174.92997909966,8959
2008-07-08,600019,13.29,13.27,13.47,12.95,817731,739686258.0,3.92,-0.08,-0.01,1.46,-90.18436330003897,1762,15,279060.26561579964,219610.66561579966,4480
2008-07-09,600019,13.35,13.58,13.71,13.33,1448148,1343757908.0,2.86,2.34,0.31,2.58,1388.8000000000466,1763,0,280449.0656157997,219610.66561579966,4480
2008-07-10,600019,13.35,13.22,13.52,13.18,953375,871019360.0,2.5,-2.65,-0.36,1.7,-1614.7762577999965,1764,9,278834.2893579997,21982.909357999655,19429
2008-07-11,600019,13.17,12.94,13.25,12.75,673008,592330273.0,3.78,-2.12,-0.28,1.2,-5440.163866600022,1765,2,273394.12549139967,17596.205491399654,19768
2008-07-14,600019,12.8,13.12,13.15,12.73,387213,344122033.0,3.25,1.39,0.18,0.69,3558.2399999999907,1766,0,276952.36549139966,17596.205491399654,19768
2008-07-15,600019,13.17,12.83,13.35,12.78,546190,485568725.0,4.34,-2.21,-0.29,0.97,-5732.825462599983,1767,6,271219.5400287997,7049.840028799654,20590
2008-07-16,600019,12.68,12.24,12.77,11.95,492351,412217148.0,6.39,-4.6,-0.59,0.88,-12149.360107999993,1768,15,259070.17992079968,133059.37992079966,10295
2008-07-17,600019,12.45,12.18,12.51,12.05,290309,239637156.0,3.76,-0.49,-0.06,0.52,-617.7000000000116,1769,0,258452.47992079967,133059.37992079966,10295
2008-07-18,600019,12.3,12.47,12.5,12.02,418317,346347744.0,3.94,2.38,0.29,0.75,2985.1649264000007,1770,13,261437.64484719967,171566.35484719966,7207
2008-07-21,600019,12.35,12.77,12.9,12.25,735919,628776227.0,5.21,2.41,0.3,1.31,2161.1796661000117,1771,20,263598.8245132997,263598.8245132997,0
2008-07-22,600019,12.72,12.74,12.84,12.61,459762,396958575.0,1.8,-0.23,-0.03,0.82,-0.527181199984625,1772,2,263598.2973320997,210880.17733209967,4138
2008-07-23,600019,12.8,12.67,13.04,12.66,435466,378849682.0,2.98,-0.55,-0.07,0.78,-290.7142707000603,1773,5,263307.58306139964,105452.05306139967,12459
2008-07-24,600019,12.75,12.99,13.05,12.57,703963,614738771.0,3.79,2.53,0.32,1.25,3986.8800000000047,1774,0,267294.46306139964,105452.05306139967,12459
2008-07-25,600019,12.84,12.68,12.91,12.57,681432,587563760.0,2.62,-2.39,-0.31,1.21,-3863.344468800002,1775,10,263431.11859259964,4.118592599654221,20775
2008-07-28,600019,12.74,12.77,12.96,12.68,451075,392312659.0,2.21,0.71,0.09,0.8,1769.75,1776,10,265300.86859259964,4.118592599654221,20775
2008-07-29,600019,12.58,12.32,12.74,12.28,689674,576623134.0,3.6,-3.52,-0.45,1.23,-9348.75,1777,0,255952.11859259964,4.118592599654221,20775
2008-07-30,600019,12.44,12.28,12.49,12.14,723611,596609214.0,2.84,-0.32,-0.04,1.29,-833.040936000034,1778,18,255119.0776565996,204095.6776565996,4155
2008-07-31,600019,12.28,12.02,12.3,11.96,664217,538408129.0,2.77,-2.12,-0.26,1.18,-1080.2999999999884,1779,0,254038.77765659962,204095.6776565996,4155
2008-08-01,600019,12.0,11.86,12.0,11.56,1024164,801879387.0,3.66,-1.33,-0.16,1.83,-665.0463322000287,1780,15,253373.7313243996,228728.6513243996,2078
2008-08-04,600019,11.75,11.39,11.75,11.34,695014,532079008.0,3.46,-3.96,-0.47,1.24,-978.7184008000186,1781,9,252395.01292359957,22886.51292359957,20150
2008-08-05,600019,11.4,10.99,11.49,10.95,1090587,792820654.0,4.74,-3.51,-0.4,1.94,-8060.18298350001,1782,8,244334.82994009956,4587.979940099569,21815
2008-08-06,600019,11.03,11.0,11.12,10.79,897093,642182993.0,3.0,0.09,0.01,1.6,218.13174000001163,1783,4,244552.96168009957,2761.961680099569,21981
2008-08-07,600019,10.97,11.08,11.19,10.89,536422,390933966.0,2.73,0.73,0.08,0.96,1756.5316928000248,1784,18,246309.4933728996,197590.7333728996,4397
2008-08-08,600019,11.08,10.8,11.08,10.71,524040,372885489.0,3.34,-2.53,-0.28,0.93,-1233.1358600000094,1785,10,245076.3575128996,2.757512899581343,22692
2008-08-11,600019,10.8,10.64,10.96,10.51,609252,426132771.0,4.17,-1.48,-0.16,1.09,-3631.6856863999856,1786,14,241444.6718264996,96570.43182649958,13616
2008-08-12,600019,10.68,10.86,11.01,10.61,529428,375125766.0,3.76,2.07,0.22,0.94,2994.5543287999753,1787,10,244439.22615529958,2.346155299586826,22508
2008-08-13,600019,10.85,10.94,11.01,10.55,413308,291032927.0,4.24,0.74,0.08,0.74,1700.640000000014,1788,8,246239.8661552996,2.346155299586826,22508
2008-08-14,600019,10.83,10.86,10.97,10.68,271202,192981175.0,2.65,-0.73,-0.08,0.48,-1801.86218440003,1789,15,244438.00397089956,122219.56397089957,11254
2008-08-15,600019,10.89,10.74,10.94,10.72,472501,333833094.0,2.03,-1.1,-0.12,0.84,-1351.0843397999706,1790,15,243086.9196310996,182652.93963109958,5627
2008-08-18,600019,10.83,10.35,10.85,10.31,358436,246548877.0,5.03,-3.63,-0.39,0.64,-2195.077929000021,1791,3,240891.84170209957,127859.49170209958,10921
2008-08-19,600019,10.24,10.45,10.46,10.24,232861,156493676.0,2.13,0.97,0.1,0.13,1090.9493504999846,1792,9,241982.79105259955,12793.391052599574,21932
2008-08-20,600019,10.35,11.12,11.21,10.24,706777,505577101.0,9.28,6.41,0.67,0.4,14694.37606000001,1793,5,256677.16711259956,6399.327112599574,22507
2008-08-21,600019,10.89,10.67,11.01,10.61,499754,351921070.0,3.6,-4.05,-0.45,0.29,-10130.311315199971,1794,19,246546.8557973996,222528.68579739958,2251
2008-08-22,600019,10.58,10.44,10.69,10.31,331630,224758992.0,3.56,-2.16,-0.23,0.19,-518.6200100000133,1795,4,246028.23578739958,133526.79578739958,10776
2008-08-25,600019,10.44,10.35,10.5,10.24,265363,177991762.0,2.49,-0.86,-0.09,0.15,-970.3976580000017,1796,15,245057.83812939958,189292.0381293996,5388
2008-08-26,600019,10.24,9.88,10.27,9.83,443043,284747740.0,4.25,-4.54,-0.47,0.25,-2532.359999999986,1797,0,242525.4781293996,189292.0381293996,5388
2008-08-27,600019,9.88,9.75,9.92,9.64,458253,284353080.0,2.83,-1.32,-0.13,0.26,-701.1970875000115,1798,4,241824.28104189958,113582.53104189958,13153
2008-08-28,600019,9.79,9.85,9.88,9.69,370377,230362038.0,1.95,1.03,0.1,0.21,1314.6185769999865,1799,6,243138.89961889957,45439.549618899575,20071
2008-08-29,600019,9.89,10.14,10.29,9.85,565249,365140113.0,4.47,2.94,0.29,0.32,5819.1654314000625,1800,17,248958.06505029963,187894.9850502996,6022
2008-09-01,600019,10.02,10.17,10.27,9.99,410076,266940275.0,2.76,0.3,0.03,0.23,180.2925578999857,1801,16,249138.3576081996,224638.82760819962,2409
2008-09-02,600019,10.1,10.16,10.29,9.97,279293,181808999.0,3.15,-0.1,-0.01,0.16,-25.21308639997733,1802,5,249113.14452179964,112329.0645217996,13463
2008-09-03,600019,10.18,10.12,10.2,9.97,259439,168205023.0,2.26,-0.39,-0.04,0.15,-539.4737088000402,1803,17,248573.6708129996,207698.9908129996,4039
2008-09-04,600019,10.1,10.17,10.29,10.1,256470,168730687.0,1.88,0.49,0.05,0.15,200.08085570001276,1804,9,248773.7516686996,20782.691668699612,22418
2008-09-05,600019,10.06,10.03,10.12,9.9,362637,232537001.0,2.16,-1.38,-0.14,0.21,-3138.6446729000018,1805,6,245635.1069957996,8315.276995799612,23661
2008-09-08,600019,10.06,9.99,10.07,9.89,214538,136672199.0,1.79,-0.4,-0.04,0.12,-946.456583399995,1806,2,244688.6504123996,6656.920412399611,23827
2008-09-09,600019,10.02,10.23,10.42,9.95,446286,293585324.0,4.7,2.4,0.24,0.25,5718.440103000001,1807,6,250407.0905153996,2667.180515399611,24217
2008-09-10,600019,10.18,10.24,10.51,10.12,386674,257609202.0,3.81,0.1,0.01,0.22,242.15402560002985,1808,6,250649.24454099964,1069.724540999611,24373
2008-09-11,600019,10.34,10.07,10.34,9.99,328964,214298912.0,3.42,-1.66,-0.17,0.19,-4143.412114700011,1809,2,246505.83242629963,858.252426299611,24394
2008-09-12,600019,10.06,10.16,10.25,10.01,193592,126087578.0,2.38,0.89,0.09,0.11,2193.7251800000085,1810,17,248699.55760629964,174338.51760629963,7319
2008-09-16,600019,10.17,10.13,10.24,10.0,473398,307164051.0,2.36,-0.3,-0.03,0.27,-219.91857330000494,1811,2,248479.63903299964,139480.83903299962,10760
2008-09-17,600019,10.02,9.74,10.29,9.63,531829,337452865.0,6.52,-3.85,-0.39,0.3,-4197.448023999983,1812,20,244282.19100899965,244282.19100899965,0
2008-09-18,600019,9.56,9.52,9.75,9.17,640429,379157270.0,5.95,-2.26,-0.22,0.37,-2.442736800003331,1813,10,244279.74827219965,6.068272199656349,25659
2008-09-19,600019,10.25,10.25,10.25,10.18,546566,361242134.0,0.74,7.67,0.73,0.31,18631.070000000007,1814,9,263010.81827219966,6.068272199656349,25659
2008-09-22,600019,10.73,10.5,11.06,10.12,2666324,1828225805.0,9.17,2.44,0.25,1.52,6314.75,1815,8,269425.56827219966,6.068272199656349,25659
2008-09-23,600019,10.19,10.16,10.55,9.97,1332324,871552054.0,5.52,-3.24,-0.34,0.76,-8824.059999999998,1816,8,260701.50827219966,6.068272199656349,25659
2008-09-24,600019,10.03,10.3,10.39,9.91,644739,425076674.0,4.72,1.38,0.14,0.37,3589.6171230000327,1817,20,264291.1253951997,264291.1253951997,0
2008-09-25,600019,10.3,10.91,11.12,10.23,2164031,1534582014.0,8.64,5.92,0.61,1.24,0.0,1818,0,264291.1253951997,264291.1253951997,0
2008-09-26,600019,10.97,11.06,11.12,10.79,1204904,868600099.0,3.02,1.37,0.15,0.69,0.0,1819,0,264291.1253951997,264291.1253951997,0
2008-10-06,600019,10.85,10.28,10.85,10.27,979072,668518608.0,5.24,-7.05,-0.78,0.56,0.0,1820,0,264291.1253951997,264291.1253951997,0
2008-10-07,600019,9.94,10.01,10.3,9.7,702105,445725268.0,5.84,-2.63,-0.27,0.4,0.0,1821,0,264291.1253951997,264291.1253951997,0
2008-10-08,600019,9.73,9.75,9.91,9.66,477741,296486471.0,2.5,-2.6,-0.26,0.27,-2.6428350000060163,1822,10,264288.4825601997,4.982560199685395,27106
2008-10-09,600019,9.88,9.53,9.94,9.51,492616,302204331.0,4.41,-2.26,-0.22,0.28,-5965.64484350002,1823,19,258322.83771669967,232487.00771669968,2711
2008-10-10,600019,9.27,9.24,9.41,9.16,557970,322880833.0,2.62,-3.04,-0.29,0.32,-786.8874351999839,1824,3,257535.95028149968,162742.79028149968,10259
2008-10-13,600019,9.09,9.41,9.46,8.88,567285,319805226.0,6.28,1.84,0.17,0.32,1743.5473611000052,1825,15,259279.4976425997,211006.19764259967,5130
2008-10-14,600019,9.69,9.14,9.69,9.13,677573,398922593.0,5.95,-2.87,-0.27,0.39,-1385.5219938000082,1826,2,257893.97564879968,168806.39564879966,9747
2008-10-15,600019,9.03,9.07,9.17,8.81,692449,383700428.0,3.94,-0.77,-0.07,0.4,-683.8091343000124,1827,9,257210.16651449967,16891.446514499665,26496
2008-10-16,600019,8.8,8.85,9.02,8.72,602150,329861066.0,3.31,-2.43,-0.22,0.34,-5829.15371850002,1828,2,251381.01279599965,13519.562795999664,26877
2008-10-17,600019,8.85,8.92,8.98,8.83,339854,187226493.0,1.69,0.79,0.07,0.19,1880.670780400047,1829,13,253261.6835763997,85440.80357639967,18814
2008-10-20,600019,8.9,9.11,9.17,8.81,349182,195349871.0,4.04,2.13,0.19,0.2,3574.488640900003,1830,11,256836.1722172997,102576.54221729968,16933
2008-10-21,600019,9.09,8.96,9.17,8.95,430550,243599053.0,2.41,-1.65,-0.15,0.25,-2540.5568607999885,1831,14,254295.6153564997,163262.0153564997,10160
2008-10-22,600019,8.86,8.79,9.03,8.73,535723,291895490.0,3.35,-1.9,-0.17,0.31,-1728.669248500024,1832,9,252566.94610799968,16335.696107999713,26875
2008-10-23,600019,8.7,8.86,8.88,8.67,396706,213779111.0,2.39,0.8,0.07,0.23,1880.059481800039,1833,15,254447.00558979972,135386.32558979973,13438
2008-10-24,600019,8.84,8.53,8.88,8.51,474847,251874180.0,4.18,-3.72,-0.33,0.27,-4435.7583399,1834,9,250011.24724989972,13551.117249899733,27721
2008-10-27,600019,8.29,7.91,8.34,7.9,705618,342059389.0,5.16,-7.27,-0.62,0.4,-17187.897060799995,1835,14,232823.35018909973,101256.32018909974,16633
2008-10-28,600019,7.8,7.97,8.03,7.73,539385,251380902.0,3.79,0.76,0.06,0.31,997.4737456000003,1836,5,233820.82393469973,50630.373934699746,22985
2008-10-29,600019,8.06,7.8,8.17,7.78,525769,249913017.0,4.89,-2.13,-0.17,0.3,-3909.2428299999738,1837,20,229911.58110469976,229911.58110469976,0
2008-10-30,600019,7.83,7.96,8.05,7.56,982498,456592051.0,6.28,2.05,0.16,0.56,-1.3793884000042453,1838,6,229910.20171629975,91971.36171629975,17329
2008-10-31,600019,7.78,7.76,7.89,7.67,510387,233340203.0,2.76,-2.51,-0.2,0.29,-3467.010249600018,1839,19,226443.19146669973,212995.11146669975,1733
2008-11-03,600019,7.7,7.63,7.74,7.57,457200,205041169.0,2.19,-1.68,-0.13,0.26,-225.28999999997905,1840,0,226217.90146669975,212995.11146669975,1733
2008-11-04,600019,7.58,7.46,7.58,7.44,429642,186525239.0,1.83,-2.23,-0.17,0.25,-294.61000000001513,1841,0,225923.29146669974,212995.11146669975,1733
2008-11-05,600019,7.51,7.67,7.78,7.47,893350,401452827.0,4.16,2.82,0.21,0.51,363.82369379999,1842,18,226287.11516049973,223625.62516049974,347
2008-11-06,600019,7.51,7.79,7.85,7.39,1189714,531728219.0,6.0,1.56,0.12,0.68,41.629249799996614,1843,14,226328.74441029973,224700.63441029974,209
2008-11-07,600019,7.59,7.78,7.84,7.57,760371,345258795.0,3.47,-0.13,-0.01,0.43,-3.662804799998412,1844,7,226325.08160549973,67418.58160549973,20425
2008-11-10,600019,7.95,8.34,8.34,7.95,1940589,967460298.0,5.01,7.2,0.56,1.11,11437.325877800002,1845,10,237762.40748329973,5.687483299727319,28508
2008-11-11,600019,8.48,8.51,8.77,8.41,2788416,1454597488.0,4.32,2.04,0.17,1.59,4746.359999999986,1846,8,242608.7674832997,5.687483299727319,28508
2008-11-12,600019,8.35,8.56,8.63,8.28,955176,491088837.0,4.11,0.59,0.05,0.55,1424.1798576000147,1847,15,244032.94734089973,122018.70734089974,14254
2008-11-13,600019,8.47,8.86,9.01,8.37,1776329,951860594.0,7.48,3.5,0.3,1.01,4276.200000000012,1848,0,248309.14734089974,122018.70734089974,14254
2008-11-14,600019,8.92,8.98,9.02,8.72,1746697,958538332.0,3.39,1.35,0.12,1.0,1710.2360134000191,1849,2,250019.38335429976,97619.80335429974,16971
2008-11-17,600019,8.9,8.98,9.01,8.7,1565183,854850796.0,3.45,0.0,0.0,0.89,0.0,1850,0,250019.38335429976,97619.80335429974,16971
2008-11-18,600019,8.9,8.3,8.98,8.3,1667704,876723569.0,7.57,-7.57,-0.68,0.95,-11540.984255000018,1851,15,238478.39909929974,168044.59909929975,8486
2008-11-19,600019,8.3,8.63,8.67,8.24,1213219,622835621.0,5.18,3.98,0.33,0.69,2799.8673780000245,1852,17,241278.26647729977,219306.28647729976,2546
2008-11-20,600019,8.47,8.41,8.66,8.35,1798925,921969903.0,3.59,-2.55,-0.22,1.03,-560.2270593000285,1853,15,240718.03941799974,230012.10941799975,1273
2008-11-21,600019,8.22,8.44,8.57,8.06,1841548,927112006.0,6.06,0.36,0.03,1.05,38.14704040001379,1854,14,240756.18645839975,234308.02645839975,764
2008-11-24,600019,8.42,8.17,8.42,8.13,897059,447115342.0,3.44,-3.2,-0.27,0.51,-206.27999999999884,1855,0,240549.90645839975,234308.02645839975,764
2008-11-25,600019,8.27,8.08,8.31,7.97,640365,311478905.0,4.16,-1.1,-0.09,0.37,-68.80314720000024,1856,17,240481.10331119975,238622.70331119976,230
2008-11-26,600019,8.09,8.31,8.44,7.97,1150961,574264822.0,5.82,2.85,0.23,0.66,50.752529799967306,1857,9,240531.85584099972,23873.535840999713,26072
2008-11-27,600019,8.81,8.45,8.81,8.44,1904630,1005004385.0,4.45,1.68,0.14,1.09,3650.079999999987,1858,0,244181.9358409997,23873.535840999713,26072
2008-11-28,600019,8.35,8.34,8.44,8.27,835279,421501474.0,2.01,-1.3,-0.11,0.48,-2867.967704800016,1859,2,241313.9681361997,19103.008136199714,26644
2008-12-01,600019,8.34,8.31,8.36,8.16,776657,386486310.0,2.4,-0.36,-0.03,0.44,-799.339029899973,1860,1,240514.62910629972,17199.999106299714,26873
2008-12-02,600019,8.18,8.25,8.29,8.12,671877,332131574.0,2.05,-0.72,-0.06,0.38,-1613.2667924999841,1861,14,238901.36231379973,105878.36231379972,16124
2008-12-03,600019,8.31,8.55,8.59,8.28,1300081,667169478.0,3.76,3.64,0.3,0.74,4837.200000000012,1862,0,243738.56231379975,105878.36231379972,16124
2008-12-04,600019,8.64,8.8,9.17,8.58,3002557,1647949681.0,6.9,2.92,0.25,1.71,4031.0,1863,0,247769.56231379975,105878.36231379972,16124
2008-12-05,600019,8.8,8.89,8.9,8.68,1342811,728641347.0,2.5,1.02,0.09,0.77,1450.443288200011,1864,15,249220.00560199976,177548.82560199974,8062
2008-12-08,600019,9.0,9.09,9.12,8.84,2454066,1369568164.0,3.15,2.25,0.2,1.4,1611.3347428999841,1865,6,250831.34034489974,71022.05034489973,19781
2008-12-09,600019,9.17,9.05,9.29,9.02,2013438,1145930718.0,2.97,-0.44,-0.04,1.15,-792.1350450000027,1866,15,250039.20529989974,160525.65529989975,9891
2008-12-10,600019,9.01,9.05,9.14,8.67,1737795,957699594.0,5.19,0.0,0.0,0.99,0.0,1867,0,250039.20529989974,160525.65529989975,9891
2008-12-11,600019,8.94,8.79,9.02,8.78,926135,507832824.0,2.65,-2.87,-0.26,0.53,-2571.9810107999947,1868,2,247467.22428909974,128424.25428909974,13543
2008-12-12,600019,8.7,8.47,8.75,8.36,1248172,647623305.0,4.44,-3.64,-0.32,0.71,-4333.760000000009,1869,0,243133.46428909973,128424.25428909974,13543
2008-12-15,600019,8.59,8.51,8.63,8.42,619408,320629442.0,2.48,0.47,0.04,0.35,541.6047746000113,1870,11,243675.06906369975,139946.67906369973,12189
2008-12-16,600019,8.45,8.58,8.62,8.35,588785,302892019.0,3.17,0.82,0.07,0.34,852.1841837999818,1871,20,244527.25324749973,244527.25324749973,0
2008-12-17,600019,8.61,8.59,8.72,8.56,772402,408451316.0,1.86,0.12,0.01,0.44,-0.9780574000033084,1872,4,244526.27519009972,146720.53519009973,11386
2008-12-18,600019,8.59,8.64,8.68,8.44,605188,316109415.0,2.79,0.58,0.05,0.35,567.9796351999976,1873,9,245094.25482529972,14682.734825299704,26668
2008-12-19,600019,8.62,8.67,8.8,8.58,797283,425954613.0,2.55,0.35,0.03,0.46,799.115171100013,1874,14,245893.36999639974,107164.69999639971,16001
2008-12-22,600019,8.66,8.48,8.66,8.44,894757,463313061.0,2.54,-2.19,-0.19,0.51,-3040.4613600000157,1875,12,242852.90863639972,134300.4286363997,12801
2008-12-23,600019,8.5,8.24,8.51,8.23,1018403,512650126.0,3.3,-2.83,-0.24,0.58,-3072.767360000027,1876,15,239780.1412763997,187035.9012763997,6401
2008-12-24,600019,8.22,8.11,8.22,8.05,625364,303800991.0,2.06,-1.58,-0.13,0.36,-832.6910497999925,1877,3,238947.4502265997,130930.3602265997,13319
2008-12-25,600019,8.13,8.17,8.2,8.05,523721,255465907.0,1.85,0.74,0.06,0.3,798.0926060000202,1878,8,239745.54283259972,26189.9128325997,26139
2008-12-26,600019,8.19,8.19,8.22,8.05,316993,155008938.0,2.08,0.24,0.02,0.18,520.853302500007,1879,19,240266.39613509973,218857.73613509972,2614
2008-12-29,600019,8.2,8.06,8.2,7.9,567949,271077017.0,3.66,-1.59,-0.13,0.32,-339.96741739998106,1880,17,239926.42871769975,233599.32871769974,785
2008-12-30,600019,8.03,7.95,8.09,7.92,427606,202778854.0,2.11,-1.36,-0.11,0.24,-86.3749629999802,1881,14,239840.05375469977,236095.60375469975,471
2008-12-31,600019,7.95,7.85,7.98,7.83,459039,214494632.0,1.89,-1.26,-0.1,0.26,-47.1184475000191,1882,15,239792.93530719975,237940.33530719974,236
2009-01-05,600019,7.98,8.28,8.29,7.98,961706,468996127.0,3.95,5.48,0.43,0.55,101.47809560000314,1883,11,239894.41340279975,238130.77340279974,213
2009-01-06,600019,8.27,8.4,8.5,8.17,1222060,619865730.0,3.99,1.45,0.12,0.7,24.36938399996143,1884,5,239918.7827867997,119067.98278679972,14387
2009-01-07,600019,8.4,8.39,8.48,8.35,1087855,555647051.0,1.55,-0.12,-0.01,0.62,-144.83560509994277,1885,18,239773.94718169977,215627.52718169976,2878
2009-01-08,600019,8.24,8.19,8.3,8.17,586192,290052501.0,1.55,-2.38,-0.2,0.33,-577.7561813000066,1886,10,239196.19100039976,7.2410003997792955,29205
2009-01-09,600019,8.2,8.23,8.27,8.17,543952,268644981.0,1.22,0.49,0.04,0.31,1166.2771428000124,1887,18,240362.46814319977,192291.03814319978,5841
2009-01-12,600019,8.23,8.24,8.33,8.17,509212,252913470.0,1.94,0.12,0.01,0.29,58.1693920000107,1888,15,240420.63753519978,216351.59753519978,2921
2009-01-13,600019,8.19,8.24,8.4,8.17,723037,362006444.0,2.79,0.0,0.0,0.41,-0.6489824000163935,1889,3,240419.98855279977,151452.70855279977,10797
2009-01-14,600019,8.29,8.45,8.46,8.19,1033661,521061474.0,3.28,2.55,0.21,0.59,2266.1584389999916,1890,8,242686.14699179976,30295.396991799775,25135
2009-01-15,600019,8.4,8.4,8.48,8.34,998627,509466067.0,1.66,-0.59,-0.05,0.57,-1256.8105639999558,1891,2,241429.3364277998,24238.936427799774,25856
2009-01-16,600019,8.44,8.52,8.62,8.41,1318691,686826166.0,2.5,1.43,0.12,0.75,3102.501973199949,1892,9,244531.83840099975,2436.0384009997724,28415
2009-01-19,600019,8.57,8.61,8.78,8.53,1143976,606228375.0,2.93,1.06,0.09,0.65,2557.337859899999,1893,5,247089.17626089975,1222.0162608997723,28556
2009-01-20,600019,8.62,8.72,8.81,8.61,1098680,588209328.0,2.32,1.28,0.11,0.63,3138.6699168000487,1894,20,250227.8461776998,250227.8461776998,0
2009-01-21,600019,8.64,8.67,8.77,8.57,743985,395675219.0,2.29,-0.57,-0.05,0.42,-1.7515133999986574,1895,7,250226.0946642998,75074.7546642998,20202
2009-01-22,600019,8.68,8.74,8.78,8.68,799150,428924359.0,1.15,0.81,0.07,0.46,1413.6103560000192,1896,13,251639.70502029982,128038.6250202998,14142
2009-01-23,600019,8.74,8.88,8.96,8.68,1213281,662685072.0,3.2,1.6,0.14,0.69,1979.252095200005,1897,15,253618.95711549983,190828.47711549982,7071
2009-02-02,600019,8.95,8.85,8.97,8.79,693156,379383229.0,2.03,-0.34,-0.03,0.4,-212.13000000000466,1898,0,253406.82711549982,190828.47711549982,7071
2009-02-03,600019,8.85,8.89,8.9,8.67,1152263,624511419.0,2.6,0.45,0.04,0.66,282.7771477000206,1899,11,253689.60426319984,197113.64426319982,6364
2009-02-04,600019,8.9,9.02,9.06,8.86,1390540,772836169.0,2.25,1.46,0.13,0.79,826.1373877999722,1900,6,254515.74165099981,78851.24165099981,19475
2009-02-05,600019,9.0,9.09,9.41,8.92,2140936,1238097712.0,5.43,0.78,0.07,1.22,1362.4615333999973,1901,10,255878.2031843998,3.793184399808524,28149
2009-02-06,600019,9.09,9.3,9.36,9.09,1000774,579323950.0,2.97,2.31,0.21,0.57,5811.290000000008,1902,10,261789.49318439982,3.793184399808524,28149
2009-02-09,600019,9.46,9.46,9.61,9.25,1885198,1116282299.0,3.87,1.72,0.16,1.08,4403.840000000055,1903,10,266293.3331843999,3.793184399808524,28149
2009-02-10,600019,9.42,9.4,9.42,9.17,1961318,1142490320.0,2.64,-0.63,-0.06,1.12,-1788.9400000000605,1904,5,264604.3931843998,3.793184399808524,28149
2009-02-11,600019,9.25,9.29,9.45,9.12,2236833,1298015814.0,3.51,-1.17,-0.11,1.28,-3196.390000000043,1905,10,261508.00318439977,3.793184399808524,28149
2009-02-12,600019,9.31,9.16,9.38,8.96,1758542,1000349656.0,4.52,-1.4,-0.13,1.0,-3759.3699999999662,1906,4,257848.6331843998,3.793184399808524,28149
2009-02-13,600019,9.13,9.31,9.33,8.95,2161119,1238470567.0,4.15,1.64,0.15,1.23,4122.350000000006,1907,8,262070.9831843998,3.793184399808524,28149
2009-02-16,600019,9.4,10.02,10.02,9.4,3827626,2339430036.0,6.66,7.63,0.71,2.19,19885.790000000008,1908,5,282056.7731843998,3.793184399808524,28149
2009-02-17,600019,10.05,9.61,10.05,9.58,3119187,1946328884.0,4.69,-4.09,-0.41,1.78,-11542.171989900002,1909,14,270514.6011944998,108201.70119449981,16890
2009-02-18,600019,9.4,9.19,9.51,9.14,1894966,1107671755.0,3.85,-4.37,-0.42,1.08,-7094.016332600033,1910,2,263420.5848618998,86568.22486189981,19244
2009-02-19,600019,9.34,9.49,9.64,9.33,2265624,1348017237.0,3.37,3.26,0.3,1.29,5771.921697000042,1911,17,269192.5065588998,214397.24655889982,5774
2009-02-20,600019,9.53,9.58,9.63,9.31,1639859,979132171.0,3.37,0.95,0.09,0.94,519.6599999999744,1912,0,269712.1665588998,214397.24655889982,5774
2009-02-23,600019,9.51,9.57,9.61,9.3,1777231,1061604450.0,3.24,-0.1,-0.01,1.01,-57.73999999999069,1913,0,269654.4265588998,214397.24655889982,5774
2009-02-24,600019,9.44,9.16,9.49,9.14,2118672,1233725977.0,3.66,-4.28,-0.41,1.21,-2367.763100399985,1914,18,267286.6634584998,256706.86345849984,1155
2009-02-25,600019,9.2,9.05,9.27,8.88,1606150,900697262.0,4.26,-1.2,-0.11,0.92,-128.59021950000897,1915,6,267158.0732389998,102683.3732389998,18174
2009-02-26,600019,9.03,8.79,9.13,8.74,1245021,691818744.0,4.31,-2.87,-0.26,0.71,-4725.753336000023,1916,5,262432.3199029998,51349.2599029998,24014
2009-02-27,600019,8.78,8.59,8.79,8.51,1265577,664031000.0,3.19,-2.28,-0.2,0.72,-4802.954018699995,1917,3,257629.3658842998,35947.2358842998,25807
2009-03-03,600019,8.66,8.72,8.79,8.55,1418589,753169933.0,2.79,1.51,0.13,0.81,3354.9100000000035,1918,0,260984.2758842998,35947.2358842998,25807
2009-03-04,600019,8.68,9.02,9.08,8.62,1720278,941406869.0,5.28,3.44,0.3,0.98,7742.028110599989,1919,2,268726.3039948998,28758.2239948998,26604
2009-03-05,600019,9.07,9.01,9.16,8.89,1544816,865201319.0,2.99,-0.11,-0.01,0.88,-266.26993519999087,1920,8,268460.0340596998,5764.474059699798,29156
2009-03-06,600019,8.9,8.9,9.02,8.81,906281,499302188.0,2.33,-1.22,-0.11,0.52,-3208.1979179999908,1921,14,265251.8361416998,109555.2361416998,17494
2009-03-09,600019,8.95,8.69,9.02,8.69,826524,452157517.0,3.71,-2.36,-0.21,0.47,-3673.74000000002,1922,0,261578.0961416998,109555.2361416998,17494
2009-03-10,600019,8.63,8.78,8.79,8.57,596885,316502471.0,2.53,1.04,0.09,0.34,1574.4599999999919,1923,0,263152.5561416998,109555.2361416998,17494
2009-03-11,600019,8.9,8.83,9.13,8.78,1213557,672388309.0,3.99,0.57,0.05,0.69,874.1522751000011,1924,5,264026.7084167998,54782.1984167998,23697
2009-03-12,600019,8.81,8.77,8.81,8.58,626866,334417412.0,2.6,-0.68,-0.06,0.36,-1422.0938870999962,1925,5,262604.6145296998,27393.214529699802,26820
2009-03-13,600019,8.79,8.73,8.84,8.7,519362,280072417.0,1.6,-0.46,-0.04,0.3,-1073.970692999952,1926,15,261530.64383669983,144461.34383669982,13410
2009-03-16,600019,8.72,8.84,8.89,8.67,590642,320406054.0,2.52,1.26,0.11,0.34,1474.9555543999886,1927,1,263005.5993910998,130016.63939109982,15044
2009-03-17,600019,8.88,9.0,9.02,8.84,1147764,635535641.0,2.04,1.81,0.16,0.66,2406.910039999988,1928,1,265412.5094310998,117020.50943109981,16488
2009-03-18,600019,9.02,9.06,9.22,9.0,1593246,907138734.0,2.44,0.67,0.06,0.91,987.7861871999921,1929,20,266400.2956182998,266400.2956182998,0
2009-03-19,600019,9.05,9.07,9.11,8.94,1097415,615635723.0,1.88,0.11,0.01,0.63,-500.0,1930,15,266400.2956182998,266400.2956182998,0
2009-03-20,600019,9.08,9.16,9.28,9.05,1389860,793980303.0,2.54,0.99,0.09,0.79,-500.0,1931,15,266400.2956182998,266400.2956182998,0
2009-03-23,600019,9.22,9.24,9.35,9.18,1342881,779136054.0,1.86,0.87,0.08,0.77,-1.3319460000493564,1932,5,266398.96367229975,133204.36367229978,14415
2009-03-24,600019,9.36,9.3,9.38,9.22,1252089,727792168.0,1.73,0.65,0.06,0.71,864.6318810000084,1933,12,267263.59555329976,160015.99555329978,11532
2009-03-25,600019,9.24,9.05,9.25,9.03,1039618,592322887.0,2.37,-2.69,-0.25,0.59,-2883.3200079999515,1934,2,264380.2755452998,128014.87554529979,15068
2009-03-26,600019,9.13,9.2,9.22,8.98,1038810,589186503.0,2.65,1.66,0.15,0.59,2259.9440559999784,1935,2,266640.2196012998,102420.21960129979,17850
2009-03-27,600019,9.28,9.45,9.67,9.2,2936957,1746192745.0,5.11,2.72,0.25,1.68,4461.885560999974,1936,6,271102.10516229976,40975.70516229979,24352
2009-03-30,600019,9.49,9.27,9.49,9.24,1449813,845132219.0,2.65,-1.9,-0.18,0.83,-4383.359999999986,1937,0,266718.7451622998,40975.70516229979,24352
2009-03-31,600019,9.13,9.19,9.22,9.03,1013794,576364987.0,2.05,-0.86,-0.08,0.58,-1948.241882900009,1938,2,264770.50327939977,32787.33327939979,25243
2009-04-01,600019,9.2,9.3,9.39,9.16,1527228,886463067.0,2.5,1.2,0.11,0.87,2775.7909790000413,1939,14,267546.2942583998,126688.49425839979,15146
2009-04-02,600019,9.33,9.41,9.5,9.29,2085803,1230554250.0,2.26,1.18,0.11,1.19,1665.1732015999733,1940,7,269211.4674599998,38007.767459999784,24570
2009-04-03,600019,9.46,9.36,9.5,9.28,1695172,999672571.0,2.34,-0.53,-0.05,0.97,-1228.5,1941,0,267982.9674599998,38007.767459999784,24570
2009-04-07,600019,9.39,9.3,9.44,9.24,993804,581939800.0,2.14,-0.64,-0.06,0.57,-1475.799507000018,1942,17,266507.16795299976,197956.86795299978,7371
2009-04-08,600019,9.25,9.07,9.27,9.06,1066458,607800370.0,2.26,-2.47,-0.23,0.61,-1695.396845899988,1943,11,264811.7711070998,204641.39110709977,6634
2009-04-09,600019,9.05,9.11,9.11,8.98,717192,403837885.0,1.43,0.44,0.04,0.41,263.51832239999203,1944,9,265075.28942949977,20471.789429499768,26850
2009-04-10,600019,9.14,9.19,9.22,9.07,886894,506193053.0,1.65,0.88,0.08,0.51,2147.9591045000125,1945,2,267223.2485339998,16382.198533999768,27295
2009-04-13,600019,9.22,9.47,9.53,9.22,2487643,1471611166.0,3.37,3.05,0.28,1.42,7642.567328499979,1946,2,274865.81586249976,13115.015862499768,27640
2009-04-14,600019,9.46,9.49,9.66,9.4,1835311,1104470743.0,2.75,0.21,0.02,1.05,552.6689430999686,1947,10,275418.4848055997,9.19480559976546,29021
2009-04-15,600019,9.49,9.52,9.63,9.39,1531005,917694260.0,2.53,0.32,0.03,0.87,868.1435664000455,1948,19,276286.6283719998,248650.06837199978,2903
2009-04-16,600019,9.51,9.66,9.84,9.45,2440418,1491263426.0,4.1,1.47,0.14,1.39,406.17144820000976,1949,1,276692.7998201998,223794.63982019978,5476
2009-04-17,600019,9.66,9.42,9.66,9.4,1373160,821002219.0,2.69,-2.48,-0.24,0.78,-1314.6875442000455,1950,2,275378.11227599974,179039.77227599977,10227
2009-04-20,600019,9.41,9.52,9.55,9.39,891790,533948024.0,1.7,1.06,0.1,0.51,1021.2678111999994,1951,8,276399.38008719974,35819.46008719975,25271
2009-04-21,600019,9.45,9.51,9.57,9.39,1108102,660754875.0,1.89,-0.11,-0.01,0.63,-253.91158850002103,1952,15,276145.4684986997,155977.10849869973,12636
2009-04-22,600019,9.55,9.31,9.66,9.27,1562993,936096593.0,4.1,-2.1,-0.2,0.89,-2527.1999999999534,1953,0,273618.26849869976,155977.10849869973,12636
2009-04-23,600019,9.27,9.25,9.34,9.19,988883,571750837.0,1.61,-0.64,-0.06,0.56,-758.5105750000221,1954,13,272859.75792369974,191034.25792369974,8846
2009-04-24,600019,9.28,9.24,9.34,9.22,816502,473454414.0,1.3,-0.11,-0.01,0.47,-89.79712040000595,1955,7,272769.96080329973,57320.88080329972,23317
2009-04-27,600019,9.24,9.09,9.25,9.08,758629,432492822.0,1.84,-1.62,-0.15,0.43,-3497.6646249000332,1956,2,269272.2961783997,45858.27617839972,24578
2009-04-29,600019,9.06,9.24,9.3,9.01,851498,488038801.0,3.19,1.65,0.15,0.49,3686.608339200029,1957,2,272958.90451759973,36692.10451759972,25570
2009-04-30,600019,9.27,9.24,9.35,9.23,865322,503185120.0,1.3,0.0,0.0,0.49,-1.1813339999644086,1958,15,272957.72318359977,154824.32318359974,12785
2009-05-04,600019,9.3,9.56,9.62,9.29,1741673,1048441419.0,3.57,3.46,0.32,0.99,4090.955550799961,1959,12,277048.6787343997,179268.99873439973,10228
2009-05-05,600019,9.62,9.52,9.67,9.51,1164896,704427514.0,1.67,-0.42,-0.04,0.67,-409.89892639999744,1960,18,276638.77980799973,257160.85980799975,2046
2009-05-06,600019,9.52,9.58,9.61,9.45,1202031,725120780.0,1.68,0.63,0.06,0.69,122.6619966000435,1961,15,276761.4418045998,266961.10180459975,1023
2009-05-07,600019,9.67,9.62,9.85,9.58,1961679,1209380089.0,2.82,0.42,0.04,1.12,40.900375200028066,1962,12,276802.3421797998,268923.5621797998,819
2009-05-08,600019,9.58,9.68,9.72,9.49,1338656,813850435.0,2.39,0.62,0.06,0.76,49.13999999995576,1963,0,276851.48217979976,268923.5621797998,819
2009-05-11,600019,9.77,9.7,10.03,9.69,2562300,1620166050.0,3.51,0.21,0.02,1.46,16.364189000043552,1964,12,276867.8463687998,270504.6463687998,656
2009-05-12,600019,9.63,10.18,10.19,9.61,2635847,1675721897.0,5.98,4.95,0.48,1.51,312.9866217999952,1965,7,277180.8329905998,81164.93299059977,19255
2009-05-13,600019,10.12,10.08,10.24,10.06,2126661,1384685965.0,1.77,-0.98,-0.1,1.21,-1926.6645424000453,1966,16,275254.16844819975,197618.00844819978,7702
2009-05-14,600019,10.0,9.96,10.0,9.83,1255081,793780803.0,1.69,-1.19,-0.12,0.72,-924.2399999999907,1967,0,274329.92844819976,197618.00844819978,7702
2009-05-15,600019,9.94,9.86,9.96,9.8,886732,557528444.0,1.61,-1.0,-0.1,0.51,-770.7315525999875,1968,17,273559.1968955998,250772.73689559978,2311
2009-05-18,600019,9.83,9.91,9.96,9.75,909058,571505276.0,2.13,0.51,0.05,0.52,115.50421580002876,1969,12,273674.7011113998,255351.11111139978,1849
2009-05-19,600019,9.94,9.92,10.06,9.89,1272133,812098304.0,1.72,0.1,0.01,0.73,18.324931200011633,1970,19,273693.0260425998,271857.8260425998,185
2009-05-20,600019,9.92,9.77,9.96,9.75,870836,546114317.0,2.12,-1.51,-0.15,0.5,-29.109202399966307,1971,5,273663.91684019985,135936.22684019982,14097
2009-05-21,600019,9.74,9.63,9.78,9.56,1211097,741270804.0,2.25,-1.43,-0.14,0.69,-1973.5800000000163,1972,0,271690.33684019983,135936.22684019982,14097
2009-05-22,600019,9.59,9.64,9.67,9.55,564342,343062313.0,1.25,0.1,0.01,0.32,140.56222799996613,1973,3,271830.8990681998,95158.6190681998,18327
2009-05-25,600019,9.51,9.59,9.59,9.38,1119736,667616968.0,2.18,-0.52,-0.05,0.64,-917.0529470000183,1974,14,270913.8461211998,165452.6161211998,10997
2009-05-26,600019,9.57,9.5,9.62,9.49,624458,376294149.0,1.36,-0.94,-0.09,0.36,-989.8344049999723,1975,11,269924.0117161998,175893.0117161998,9898
2009-05-27,600019,9.52,9.64,9.7,9.49,759212,461080696.0,2.21,1.47,0.14,0.43,1385.544166399981,1976,1,271309.5558825998,158309.4758825998,11722
2009-06-01,600019,9.68,9.88,9.94,9.64,1352495,844254475.0,3.11,2.49,0.24,0.77,2812.585139600036,1977,16,274122.1410221998,227794.82102219982,4689
2009-06-02,600019,9.92,9.84,10.0,9.78,1040540,656007568.0,2.23,-0.4,-0.04,0.59,-188.015493599989,1978,2,273934.12552859983,182245.0055285998,9318
2009-06-03,600019,9.84,10.0,10.03,9.77,1374408,870841901.0,2.64,1.63,0.16,0.78,1490.1345999999903,1979,18,275424.2601285998,256784.26012859982,1864
2009-06-04,600019,9.97,10.36,10.61,9.91,3069724,2044324980.0,7.0,3.6,0.36,1.75,669.7561887999764,1980,5,276094.0163173998,128401.85631739983,14256
2009-06-05,600019,10.38,10.3,10.66,10.29,2070645,1406561856.0,3.57,-0.58,-0.06,1.18,-855.359999999986,1981,0,275238.6563173998,128401.85631739983,14256
2009-06-08,600019,10.27,10.42,10.44,10.02,1302355,859930511.0,4.08,1.17,0.12,0.74,1710.5715149999596,1982,11,276949.2278323998,143250.2078323998,12831
2009-06-09,600019,10.39,10.57,10.6,10.24,1511961,1024615592.0,3.45,1.44,0.15,0.86,1924.5067765000276,1983,1,278873.7346088998,128927.71460889981,14186
2009-06-10,600019,10.6,10.62,10.69,10.45,1596095,1097557608.0,2.27,0.47,0.05,0.91,709.0422526000184,1984,2,279582.7768614998,103152.71686149981,16613
2009-06-11,600019,10.68,10.51,10.81,10.49,1203904,831710908.0,3.01,-1.04,-0.11,0.69,-1827.8425174999866,1985,4,277754.93434399983,61900.55434399981,20538
2009-06-12,600019,10.47,10.24,10.47,10.12,1397453,926176236.0,3.33,-2.57,-0.27,0.8,-5545.3218496000045,1986,1,272209.61249439983,55715.532494399806,21142
2009-06-15,600019,10.25,10.25,10.31,10.08,1147525,729090265.0,2.25,0.1,0.01,0.66,210.86291249998612,1987,10,272420.4754068998,6.225406899800873,26577
2009-06-16,600019,10.19,10.35,10.45,10.16,897455,583561836.0,2.83,0.98,0.1,0.51,2656.3246919999365,1988,15,275076.80009889975,137535.6500988998,13289
2009-06-17,600019,10.35,10.41,10.46,10.19,886378,576220009.0,2.61,0.58,0.06,0.51,796.2398711999995,1989,8,275873.03997009975,27521.66997009977,23857
2009-06-18,600019,10.46,10.5,10.53,10.33,1242400,819119064.0,1.92,0.86,0.09,0.71,2147.1300000000047,1990,0,278020.16997009976,27521.66997009977,23857
2009-06-19,600019,10.51,10.52,10.63,10.35,1092090,723589726.0,2.67,0.19,0.02,0.62,477.0299608000205,1991,4,278497.1999308998,16517.63993089977,24903
2009-06-22,600019,10.58,10.72,10.88,10.53,1727929,1176042637.0,3.33,1.9,0.2,0.99,4980.500947199995,1992,6,283477.7008780998,6612.260878099771,25827
2009-06-23,600019,10.61,10.94,11.05,10.56,2350001,1622087619.0,4.57,2.05,0.22,1.34,5681.893833199982,1993,7,289159.59471129975,1995.5347112997706,26249
2009-06-24,600019,10.91,11.19,11.38,10.84,2346276,1691874582.0,4.94,2.29,0.25,1.34,6559.312736899999,1994,20,295718.90744819975,295718.90744819975,0
2009-06-25,600019,11.19,11.32,11.41,11.02,1692077,1224504634.0,3.49,1.16,0.13,0.97,-500.0,1995,15,295718.90744819975,295718.90744819975,0
2009-06-26,600019,11.29,11.19,11.47,11.16,1275608,930871536.0,2.74,-1.15,-0.13,0.73,-0.5913915000273846,1996,2,295718.3160566997,236579.16605669976,5285
2009-06-29,600019,11.19,11.24,11.32,11.13,766948,552501785.0,1.7,0.45,0.05,0.44,263.7747728000395,1997,18,295982.09082949976,284101.4108294998,1057
2009-06-30,600019,11.25,11.0,11.25,10.96,920741,652011703.0,2.58,-2.14,-0.24,0.53,-253.79626999999164,1998,20,295728.2945594998,295728.2945594998,0
2009-07-01,600019,10.97,11.38,11.44,10.94,1670895,1213202030.0,4.55,3.45,0.38,0.95,0.0,1999,0,295728.2945594998,295728.2945594998,0
2009-07-02,600019,11.47,11.32,11.58,11.27,1276630,941804231.0,2.72,-0.53,-0.06,0.73,-1.4786183999967761,2000,5,295726.8159410998,147864.97594109978,13062
2009-07-03,600019,11.21,11.32,11.5,11.21,1028820,756912834.0,2.56,0.0,0.0,0.59,-0.29567839996889234,2001,2,295726.5202626998,118296.84026269978,15674
2009-07-06,600019,11.35,12.06,12.1,11.19,2265791,1732992234.0,8.04,6.54,0.74,1.29,11597.814857800025,2002,15,307324.33512049983,212810.1151204998,7837
2009-07-07,600019,12.07,12.19,12.6,11.97,2520395,2041172865.0,5.22,1.08,0.13,1.44,1016.8948290999979,2003,9,308341.22994959983,21291.109949599806,23548
2009-07-08,600019,12.11,12.21,12.47,11.93,1381916,1107225108.0,4.43,0.16,0.02,0.79,470.83240549999755,2004,6,308812.0623550998,8531.532355099804,24593
2009-07-09,600019,12.13,12.39,12.6,12.11,1159876,954229602.0,4.01,1.47,0.18,0.66,4426.6973783999565,2005,5,313238.7597334998,4269.329733499803,24937
2009-07-10,600019,12.4,12.27,12.44,12.21,747631,605051141.0,1.86,-0.97,-0.12,0.43,-2993.0519048999995,2006,12,310245.7078285998,65459.20782859981,19950
2009-07-13,600019,12.23,12.12,12.29,12.06,802528,642423767.0,1.87,-1.22,-0.15,0.46,-2992.827239999955,2007,5,307252.88058859983,32734.880588599808,22650
2009-07-14,600019,12.14,12.46,12.47,12.14,1154898,942726472.0,2.72,2.81,0.34,0.66,7700.836400200031,2008,5,314953.71698879986,16374.736988799805,23963
2009-07-15,600019,12.54,12.61,12.97,12.45,1666160,1407702801.0,4.17,1.2,0.15,0.95,3594.3027151999413,2009,9,318548.0197039998,1646.109703999804,25131
2009-07-16,600019,12.63,12.62,12.85,12.45,1085008,910056953.0,3.17,0.08,0.01,0.62,249.72429699997883,2010,15,318797.7440009998,160214.8240009998,12566
2009-07-17,600019,12.62,12.63,12.75,12.54,813178,681831873.0,1.66,0.08,0.01,0.46,125.18397529999493,2011,13,318922.9279762998,207816.8179762998,8797
2009-07-20,600019,12.74,12.63,12.91,12.57,1358748,1144803233.0,2.69,0.0,0.0,0.78,-1.4545971000334248,2012,7,318921.47337919974,62355.653379199764,20314
2009-07-21,600019,12.64,12.3,12.67,12.27,1199726,984404265.0,3.17,-2.61,-0.33,0.69,-6703.682237999979,2013,1,312217.79114119976,56131.79114119976,20820
2009-07-22,600019,12.29,12.41,12.54,12.24,972615,796959768.0,2.44,0.89,0.11,0.56,2289.6386956999777,2014,10,314507.42983689974,0.7998368997577927,25343
2009-07-23,600019,12.41,12.33,12.44,12.16,1225365,986889449.0,2.26,-0.64,-0.08,0.7,-2127.4400000000023,2015,10,312479.98983689974,0.7998368997577927,25343
2009-07-24,600019,12.33,12.41,12.44,12.14,1271695,1028742361.0,2.43,0.65,0.08,0.73,1927.4400000000023,2016,3,314507.42983689974,0.7998368997577927,25343
2009-07-27,600019,12.45,12.95,13.0,12.41,2575257,2178600136.0,4.75,4.35,0.54,1.47,13585.219999999972,2017,10,328192.6498368997,0.7998368997577927,25343
2009-07-28,600019,12.94,13.88,13.9,12.89,3255334,2956994840.0,7.8,7.18,0.93,1.86,23566.17596880009,2018,18,351758.8258056998,281401.1058056998,5069
2009-07-29,600019,13.99,13.44,14.35,13.0,3145763,2932165741.0,9.73,-3.17,-0.44,1.8,-2230.5642880000523,2019,13,349528.26151769975,301829.70151769975,3549
2009-07-30,600019,13.44,13.94,14.12,13.44,2159514,2023321441.0,5.06,3.72,0.5,1.23,1774.5,2020,0,351302.76151769975,301829.70151769975,3549
2009-07-31,600019,14.24,14.16,14.24,13.78,1868217,1782473455.0,3.3,1.58,0.22,1.07,780.4785335999914,2021,16,352083.24005129974,331976.04005129973,1420
2009-08-03,600019,14.23,14.73,14.76,14.23,1995798,1976171410.0,3.74,4.03,0.57,1.14,807.0763424999896,2022,7,352890.31639379973,99607.96639379972,17195
2009-08-04,600019,14.91,14.58,15.01,14.54,2099018,2124685550.0,3.19,-1.02,-0.15,1.2,-2579.7479070000118,2023,5,350310.5684867997,49816.76848679972,20610
2009-08-05,600019,14.49,14.06,14.49,13.72,1861221,1766243564.0,5.28,-3.57,-0.52,1.06,-10717.199999999953,2024,0,339593.36848679977,49816.76848679972,20610
2009-08-06,600019,13.89,13.49,13.89,13.34,1563155,1424507572.0,3.91,-4.05,-0.57,0.89,-11747.700000000012,2025,0,327845.66848679975,49816.76848679972,20610
2009-08-07,600019,13.5,13.1,13.67,13.02,1528946,1366806095.0,4.82,-2.89,-0.39,0.87,-8039.249955000007,2026,15,319806.41853179975,184810.91853179975,10305
2009-08-10,600019,13.21,13.15,13.28,12.83,1359171,1182976526.0,3.44,0.38,0.05,0.78,515.25,2027,0,320321.66853179975,184810.91853179975,10305
2009-08-11,600019,13.16,13.27,13.35,12.9,1294640,1135425803.0,3.42,0.91,0.12,0.74,1235.8608609999646,2028,4,321557.5293927997,110896.27939279974,15875
2009-08-12,600019,13.15,12.56,13.15,12.5,1633468,1384170379.0,4.9,-5.35,-0.71,0.93,-11272.358922399988,2029,10,310285.1704703997,2.930470399733167,24704
2009-08-13,600019,12.56,12.6,12.66,12.29,1838869,1516088723.0,2.95,0.32,0.04,1.05,988.1599999999744,2030,0,311273.3304703997,2.930470399733167,24704
2009-08-14,600019,12.52,12.23,12.66,12.11,1578358,1286911772.0,4.37,-2.94,-0.37,0.9,-9140.479999999981,2031,0,302132.8504703997,2.930470399733167,24704
2009-08-17,600019,12.11,11.49,12.22,11.38,1646641,1270885044.0,6.87,-6.05,-0.74,0.94,-18282.37924479996,2032,15,283850.47122559976,141925.99122559975,12352
2009-08-18,600019,11.39,11.75,11.8,11.35,2284348,1723605400.0,3.92,2.26,0.26,1.3,3210.35898249998,2033,18,287060.83020809974,258026.58020809974,2471
2009-08-19,600019,11.67,11.08,11.67,10.95,1920851,1392714906.0,6.13,-5.7,-0.67,1.1,-1658.1501995999715,2034,10,285402.68000849977,4.040008499723626,25758
2009-08-20,600019,11.06,11.32,11.39,11.02,1432505,1034761502.0,3.34,2.17,0.24,0.82,6181.336906799988,2035,12,291584.01691529976,58312.77691529973,20607
2009-08-21,600019,11.29,11.55,11.75,11.21,1926638,1441893893.0,4.77,2.03,0.23,1.1,4739.318477999943,2036,5,296323.3353932997,29160.285393299724,23131
2009-08-24,600019,11.58,11.5,11.58,11.25,1310066,967438675.0,2.86,-0.43,-0.05,0.75,-1156.6666099999566,2037,4,295166.66878329974,17499.168783299723,24145
2009-08-25,600019,11.41,10.96,11.41,10.66,1720372,1206784263.0,6.52,-4.7,-0.54,0.98,-13038.387460800004,2038,5,282128.28132249974,8753.001322499722,24943
2009-08-26,600019,10.86,11.13,11.25,10.81,1194970,850907579.0,4.01,1.55,0.17,0.68,4240.309999999998,2039,0,286368.59132249973,8753.001322499722,24943
2009-08-27,600019,11.01,11.16,11.27,10.95,838699,599509228.0,2.88,0.27,0.03,0.48,746.8982363999821,2040,15,287115.4895588997,147927.96955889973,12472
2009-08-28,600019,11.1,10.83,11.22,10.64,1206495,834223337.0,5.2,-2.96,-0.33,0.69,-4116.300200400001,2041,14,282999.1893584997,201947.46935849974,7484
2009-08-31,600019,10.74,10.24,10.74,10.1,1300263,841663202.0,5.91,-5.45,-0.59,0.74,-4416.173068799952,2042,18,278583.01628969976,263253.73628969974,1497
2009-09-01,600019,10.23,10.49,10.6,10.19,1104684,728583744.0,4.0,2.44,0.25,0.63,374.25,2043,0,278957.26628969976,263253.73628969974,1497
2009-09-02,600019,10.4,10.52,10.64,10.35,556860,370545103.0,2.76,0.29,0.03,0.32,44.8470903999405,2044,14,279002.1133800997,269544.6333800997,899
2009-09-03,600019,10.53,11.1,11.18,10.53,1126237,785449874.0,6.18,5.51,0.58,0.64,521.4200000000419,2045,0,279523.53338009975,269544.6333800997,899
2009-09-04,600019,11.13,10.99,11.18,10.84,1175195,827406901.0,3.06,-0.99,-0.11,0.67,-100.23770370002603,2046,5,279423.2956763997,134772.91567639972,13162
2009-09-07,600019,11.07,10.96,11.25,10.94,1085889,770646309.0,2.82,-0.27,-0.03,0.62,-394.85999999998603,2047,0,279028.43567639973,134772.91567639972,13162
2009-09-08,600019,10.92,11.18,11.19,10.72,1001741,708038092.0,4.29,2.01,0.22,0.57,2894.966181399999,2048,5,281923.40185779973,67390.38185779972,19189
2009-09-09,600019,11.19,11.45,11.55,11.0,1423006,1026484641.0,4.92,2.42,0.27,0.81,5180.3561674999655,2049,10,287103.7580252997,6.458025299711153,25074
2009-09-10,600019,11.38,11.32,11.45,11.23,963694,705843410.0,1.92,-1.14,-0.13,0.55,-3359.6199999999953,2050,1,283844.1380252997,6.458025299711153,25074
2009-09-11,600019,11.25,11.49,11.58,11.22,916394,680503361.0,3.18,1.5,0.17,0.52,4262.580000000016,2051,0,288106.7180252997,6.458025299711153,25074
2009-09-14,600019,11.5,11.56,11.66,11.44,611998,458001983.0,1.91,0.61,0.07,0.35,1655.179999999993,2052,1,289861.8980252997,6.458025299711153,25074
2009-09-15,600019,11.61,11.61,11.85,11.36,914372,688553321.0,4.24,0.43,0.05,0.52,1253.7000000000116,2053,0,291115.5980252997,6.458025299711153,25074
2009-09-16,600019,11.56,11.33,11.56,11.24,968020,711562980.0,2.76,-2.41,-0.28,0.55,-7021.288086200017,2054,12,284094.3099390997,56814.50993909971,20060
2009-09-17,600019,11.34,11.42,11.49,11.34,628251,464209367.0,1.32,0.79,0.09,0.36,1803.3382332000183,2055,19,285897.6481722997,262989.1281722997,2006
2009-09-18,600019,11.4,11.05,11.41,10.95,1478257,1056992929.0,4.03,-3.24,-0.37,0.84,-744.323809500027,2056,8,285153.3243627997,52606.07436279967,21045
2009-09-21,600019,10.92,10.83,10.92,10.64,1006034,688318953.0,2.53,-1.99,-0.22,0.57,-4631.039532600029,2057,15,280522.2848301997,166558.19483019967,10523
2009-09-22,600019,10.8,10.47,10.84,10.45,1204863,812765987.0,3.6,-3.32,-0.36,0.69,-3789.6123074999778,2058,8,276732.6725226997,33326.11252269967,23248
2009-09-23,600019,10.5,10.4,10.58,10.34,988295,652071832.0,2.29,-0.67,-0.07,0.56,-1627.5266080000438,2059,5,275105.14591469965,16665.145914699668,24850
2009-09-24,600019,10.35,10.52,10.56,10.24,757780,497326661.0,3.08,1.15,0.12,0.43,2981.9833783999784,2060,1,278087.1292930996,15002.969293099668,25008
2009-09-25,600019,10.52,10.49,10.57,10.35,413780,273742788.0,2.09,-0.29,-0.03,0.24,-750.3450048999512,2061,7,277336.7842881997,4502.374288199668,26009
2009-09-28,600019,10.52,10.29,10.6,10.28,464711,306549036.0,3.05,-1.91,-0.2,0.27,-5203.673397400009,2062,17,272133.11089079967,191840.24089079967,7803
2009-09-29,600019,10.29,10.27,10.34,10.03,614531,391166239.0,3.01,-0.19,-0.02,0.35,-157.7864896999672,2063,9,271975.3244010997,19189.544401099673,24614
2009-09-30,600019,10.28,10.29,10.4,10.25,447627,290076176.0,1.46,0.19,0.02,0.26,491.7735261999769,2064,12,272467.0979272997,69836.41792729967,19692
2009-10-09,600019,10.52,10.63,10.68,10.4,794011,531587818.0,2.72,3.3,0.34,0.45,6695.210267200018,2065,1,279162.3081944997,62863.06819449967,20348
2009-10-12,600019,10.58,10.52,10.58,10.4,658801,436266295.0,1.69,-1.03,-0.11,0.38,-2238.5942324000644,2066,5,276923.71396209963,31439.513962099667,23335
2009-10-13,600019,10.51,10.71,10.74,10.46,708354,477898115.0,2.66,1.81,0.19,0.4,4433.461396900064,2067,6,281357.1753589997,12579.015358999666,25096
2009-10-14,600019,10.72,10.74,10.92,10.63,1164838,800640094.0,2.71,0.28,0.03,0.67,752.7542345999973,2068,10,282109.9295935997,2.3495935996652406,26267
2009-10-15,600019,10.94,10.8,11.03,10.78,875175,609031668.0,2.33,0.56,0.06,0.5,1476.0200000000186,2069,7,283685.9495935997,2.3495935996652406,26267
2009-10-16,600019,10.83,10.83,10.89,10.69,615818,421876704.0,1.85,0.28,0.03,0.35,688.0099999999511,2070,5,284473.95959359966,2.3495935996652406,26267
2009-10-19,600019,10.81,11.12,11.19,10.78,878245,621619852.0,3.79,2.68,0.29,0.5,7615.385476799973,2071,17,292089.34507039964,204452.62507039966,7881
2009-10-20,600019,11.16,11.16,11.25,11.11,847222,608084880.0,1.26,0.36,0.04,0.48,313.19559960003244,2072,10,292402.54066999967,10.54066999963834,26200
2009-10-21,600019,11.18,11.17,11.33,10.95,1085921,777486542.0,3.41,0.09,0.01,0.62,162.0,2073,10,292664.54066999967,10.54066999963834,26200
2009-10-22,600019,11.17,11.07,11.18,11.02,653886,465423236.0,1.43,-0.9,-0.1,0.37,-2720.0,2074,1,290044.54066999967,10.54066999963834,26200
2009-10-23,600019,11.06,11.22,11.33,11.0,916901,660689711.0,2.98,1.36,0.15,0.52,3830.0,2075,10,293974.54066999967,10.54066999963834,26200
2009-10-26,600019,11.19,11.25,11.3,11.07,530756,382787658.0,2.05,0.27,0.03,0.3,686.0,2076,6,294760.54066999967,10.54066999963834,26200
2009-10-27,600019,11.18,10.91,11.19,10.9,693629,490157410.0,2.58,-3.02,-0.34,0.4,-9008.0,2077,10,285852.54066999967,10.54066999963834,26200
2009-10-28,600019,10.9,10.78,10.95,10.58,715199,489576705.0,3.39,-1.19,-0.13,0.41,-3407.6946160000516,2078,16,282444.8460539996,169470.44605399962,10480
2009-10-29,600019,10.6,10.64,10.83,10.49,686586,460872460.0,3.15,-1.3,-0.14,0.39,-1467.75753599999,2079,15,280977.0885179996,225223.48851799962,5240
2009-10-30,600019,10.8,10.75,10.86,10.66,672362,459164582.0,1.88,1.03,0.11,0.38,576.4000000000233,2080,0,281553.48851799965,225223.48851799962,5240
2009-11-02,600019,10.58,10.95,10.96,10.53,725680,497312513.0,4.0,1.86,0.2,0.41,1046.873901999963,2081,5,282600.3624199996,112612.56241999962,15524
2009-11-03,600019,10.99,11.03,11.12,10.95,898468,635099135.0,1.55,0.73,0.08,0.51,1241.2351473000017,2082,14,283841.5975672996,181097.1475672996,9315
2009-11-04,600019,11.03,11.08,11.17,10.89,928661,656451267.0,2.54,0.45,0.05,0.53,465.75,2083,0,284307.3475672996,181097.1475672996,9315
2009-11-05,600019,11.08,11.11,11.16,11.01,647653,460355363.0,1.35,0.27,0.03,0.37,279.2689069999615,2084,1,284586.6164742996,162987.6664742996,10945
2009-11-06,600019,11.18,11.27,11.36,11.13,1208362,877114339.0,2.07,1.44,0.16,0.69,1751.2000000000116,2085,0,286337.8164742996,162987.6664742996,10945
2009-11-09,600019,11.27,11.41,11.51,11.22,1203293,886996790.0,2.57,1.24,0.14,0.69,1530.8332445000415,2086,9,287868.6497187996,16310.6497187996,23800
2009-11-10,600019,11.5,11.39,11.6,11.35,1092921,814266829.0,2.19,-0.18,-0.02,0.62,-478.16865599999437,2087,18,287390.48106279963,233174.0810627996,4760
2009-11-11,600019,11.39,11.47,11.6,11.29,814893,605593801.0,2.72,0.7,0.08,0.47,380.58161119994475,2088,14,287771.0626739996,255012.7426739996,2856
2009-11-12,600019,11.55,11.74,11.9,11.53,1595966,1218625860.0,3.23,2.35,0.27,0.91,769.3350503999973,2089,7,288540.3977243996,76515.99772439961,18060
2009-11-13,600019,11.74,11.68,11.79,11.42,872039,657708144.0,3.15,-0.51,-0.06,0.5,-1083.8295119999675,2090,3,287456.5682123996,53564.56821239961,20025
2009-11-16,600019,11.73,12.12,12.13,11.73,1473962,1160653730.0,3.42,3.77,0.44,0.84,8810.67869879998,2091,6,296267.2469111996,21434.126911199608,22676
2009-11-17,600019,12.24,12.14,12.34,12.13,1067825,856915834.0,1.73,0.17,0.02,0.61,452.1435668000486,2092,15,296719.39047799964,159076.07047799963,11338
2009-11-18,600019,12.14,12.05,12.19,11.93,822031,649659746.0,2.14,-0.74,-0.09,0.47,-1020.9664674999658,2093,14,295698.4240104997,213722.27401049965,6803
2009-11-19,600019,12.11,12.12,12.32,11.9,999351,794654759.0,3.49,0.58,0.07,0.57,475.8802147999522,2094,14,296174.3042252996,246700.46422529966,4082
2009-11-20,600019,12.02,12.05,12.16,11.93,829906,655991791.0,1.9,-0.58,-0.07,0.47,-287.9600919999648,2095,9,295886.34413329966,24689.04413329964,22506
2009-11-23,600019,12.06,12.12,12.16,11.95,786257,620275067.0,1.74,0.58,0.07,0.45,1574.601778799959,2096,13,297460.9459120996,106510.34591209964,15755
2009-11-24,600019,12.33,12.45,12.88,12.21,2914646,2422065521.0,5.53,2.72,0.33,1.66,5198.937105000019,2097,2,302659.88301709964,85220.63301709964,17465
2009-11-25,600019,12.29,13.3,13.34,12.29,2991223,2528027131.0,8.43,6.83,0.85,1.71,14845.25,2098,0,317505.13301709964,85220.63301709964,17465
2009-11-26,600019,13.21,12.58,13.29,12.52,2177203,1864997966.0,5.79,-5.41,-0.72,1.24,-12576.337905000022,2099,17,304928.7951120996,239009.59511209963,5240
2009-11-27,600019,12.34,11.93,12.44,11.85,1934498,1544409881.0,4.69,-5.17,-0.65,1.1,-3407.195028099988,2100,5,301521.6000839996,119505.59008399963,15257
2009-11-30,600019,12.1,12.38,12.39,12.05,1186121,955664014.0,2.85,3.77,0.45,0.68,6863.950102200033,2101,19,308385.55018619966,289493.67018619966,1526
2009-12-01,600019,12.41,13.16,13.18,12.23,2490064,2130652281.0,7.67,6.3,0.78,1.42,1189.990611599991,2102,1,309575.54079779965,260554.54079779965,3725
2009-12-02,600019,13.12,13.13,13.28,12.95,1709550,1499495540.0,2.51,-0.23,-0.03,0.98,-113.05275859998073,2103,5,309462.48803919967,130277.37803919964,13647
2009-12-03,600019,13.1,13.52,13.71,12.96,2055322,1857341620.0,5.71,2.97,0.39,1.17,5322.199802399962,2104,1,314784.68784159963,117257.48784159964,14610
2009-12-04,600019,13.47,13.57,13.83,13.12,1701168,1547063738.0,5.25,0.37,0.05,0.97,729.6792864000308,2105,7,315514.36712799966,35185.30712799964,20658
2009-12-07,600019,13.52,13.6,13.78,13.41,1018787,938960772.0,2.73,0.22,0.03,0.58,619.7399999999907,2106,0,316134.10712799965,35185.30712799964,20658
2009-12-08,600019,13.6,13.61,13.78,13.34,1269933,1166996176.0,3.24,0.07,0.01,0.73,205.17422309995163,2107,15,316339.2813510996,175761.59135109963,10329
2009-12-09,600019,13.49,13.68,13.8,13.4,1252841,1158074293.0,2.94,0.51,0.07,0.72,721.6241064000642,2108,8,317060.90545749967,35170.825457499624,20606
2009-12-10,600019,13.77,13.54,13.88,13.27,1294456,1177318178.0,4.46,-1.02,-0.14,0.74,-2885.08602180006,2109,7,314175.8194356996,10568.399435699626,22423
2009-12-11,600019,13.74,13.6,13.84,13.55,898719,829787950.0,2.14,0.44,0.06,0.51,1345.2743280000286,2110,10,315521.09376369964,1.0937636996259243,23200
2009-12-14,600019,13.58,13.6,13.76,13.02,1280587,1150231794.0,5.44,0.0,0.0,0.73,-1.2620800000149757,2111,14,315519.8316836996,126207.83168369962,13920
2009-12-15,600019,13.56,13.45,13.68,13.39,737451,672411743.0,2.13,-1.1,-0.15,0.42,-2088.0,2112,0,313431.8316836996,126207.83168369962,13920
2009-12-16,600019,13.3,13.19,13.45,13.12,782075,694829978.0,2.45,-1.93,-0.26,0.45,-3619.2000000000116,2113,0,309812.6316836996,126207.83168369962,13920
2009-12-17,600019,13.18,12.79,13.35,12.72,1118878,970211026.0,4.78,-3.03,-0.4,0.64,-5568.63093069999,2114,5,304244.0007529996,63114.13075299963,18853
2009-12-18,600019,12.69,12.86,13.02,12.64,1001603,853265059.0,2.97,0.55,0.07,0.57,1318.4978163999622,2115,15,305562.4985693996,184331.2785693996,9427
2009-12-21,600019,12.84,12.78,12.94,12.49,752485,635190894.0,3.5,-0.62,-0.08,0.43,-754.7623213999905,2116,15,304807.7362479996,244562.8162479996,4714
2009-12-22,600019,12.78,12.71,13.0,12.54,867953,738452622.0,3.6,-0.55,-0.07,0.5,-331.93632320000324,2117,8,304475.7999247996,48928.53992479958,20106
2009-12-23,600019,12.64,12.85,12.95,12.5,691211,585946271.0,3.54,1.1,0.14,0.39,2812.7732059999835,2118,18,307288.5731307996,255605.8731307996,4022
2009-12-24,600019,12.83,13.34,13.44,12.73,1205277,1068225956.0,5.53,3.81,0.49,0.69,1970.780000000028,2119,0,309259.3531307996,255605.8731307996,4022
2009-12-25,600019,13.34,13.29,13.51,13.27,496629,446113997.0,1.8,-0.37,-0.05,0.28,-202.37796640000306,2120,5,309056.9751643996,127807.9551643996,13638
2009-12-28,600019,13.33,13.62,13.78,13.33,736954,679521324.0,3.39,2.48,0.33,0.42,4499.239834799955,2121,17,313556.21499919955,257823.17499919957,4092
2009-12-29,600019,13.67,13.76,13.76,13.5,804885,743163029.0,1.91,1.03,0.14,0.46,571.5909632000257,2122,5,314127.8059623996,128918.20596239957,13460
2009-12-30,600019,13.73,14.19,14.24,13.73,1580758,1511178952.0,3.71,3.13,0.43,0.9,5786.639825599967,2123,9,319914.44578799955,12899.605787999564,21636
2009-12-31,600019,14.15,14.19,14.22,13.91,722603,692642543.0,2.18,0.0,0.0,0.41,-2.4560051999869756,2124,18,319911.98978279956,258497.66978279955,4328
2010-01-04,600019,14.24,13.94,14.27,13.93,783277,748314223.0,2.4,-1.76,-0.25,0.45,-1082.0,2125,0,318829.98978279956,258497.66978279955,4328
2010-01-05,600019,13.94,13.82,14.1,13.6,927611,866248975.0,3.59,-0.86,-0.12,0.53,-520.6524464000249,2126,5,318309.33733639953,129251.73733639954,13680
2010-01-06,600019,13.74,13.99,14.24,13.69,973455,930500877.0,3.98,1.23,0.17,0.56,2324.69540659996,2127,7,320634.0327429995,38791.492742999544,20146
2010-01-07,600019,13.93,13.43,14.19,13.38,1143944,1066156497.0,5.79,-4.0,-0.56,0.65,-11281.76000000001,2128,0,309352.2727429995,38791.492742999544,20146
2010-01-08,600019,13.43,13.49,13.56,13.19,829434,749405413.0,2.76,0.45,0.06,0.47,1208.7600000000093,2129,0,310561.0327429995,38791.492742999544,20146
2010-01-11,600019,13.73,13.44,13.96,13.35,685246,625281922.0,4.52,-0.37,-0.05,0.39,-1007.4162559999968,2130,3,309553.6164869995,27165.776486999544,21011
2010-01-12,600019,13.44,13.39,13.63,12.9,1424624,1266452207.0,5.43,-0.37,-0.05,0.81,-1050.712822399917,2131,6,308502.9036645996,10883.373664599541,22227
2010-01-13,600019,13.12,12.97,13.18,12.79,1862601,1614613546.0,2.91,-3.14,-0.42,1.06,-9335.340000000026,2132,0,299167.56366459955,10883.373664599541,22227
2010-01-14,600019,13.08,13.04,13.1,12.78,1349109,1161780333.0,2.47,0.54,0.07,0.77,1553.5713575999835,2133,18,300721.13502219954,242745.29502219954,4446
2010-01-15,600019,13.02,13.0,13.05,12.86,820862,710408543.0,1.46,-0.31,-0.04,0.47,-178.810839999991,2134,4,300542.32418219955,145660.32418219955,11914
2010-01-18,600019,12.95,13.01,13.05,12.73,1162109,993383406.0,2.46,0.08,0.01,0.66,117.9748244000366,2135,8,300660.2990065996,29141.599006599543,20870
2010-01-19,600019,13.02,13.13,13.28,12.96,1314115,1156157226.0,2.46,0.92,0.12,0.75,2504.3126854999573,2136,3,303164.61169209954,20410.06169209954,21535
2010-01-20,600019,13.17,12.58,13.22,12.52,1537507,1304933632.0,5.33,-4.19,-0.55,0.88,-11845.333641200035,2137,14,291319.2780508995,128773.09805089954,12921
2010-01-21,600019,12.55,12.34,12.63,12.13,1205443,980027133.0,3.97,-1.91,-0.24,0.69,-3102.1988493999233,2138,9,288217.0792014996,12886.999201499537,22312
2010-01-22,600019,12.17,12.01,12.17,11.71,1553787,1215071417.0,3.73,-2.67,-0.33,0.89,-7364.299835600075,2139,15,280852.7793658995,146869.21936589954,11156
2010-01-25,600019,11.89,11.79,12.01,11.78,908243,703066031.0,1.92,-1.83,-0.22,0.52,-2455.2406810999382,2140,17,278397.53868479957,238936.40868479956,3347
2010-01-26,600019,11.77,11.51,11.85,11.41,992146,744030540.0,3.73,-2.37,-0.28,0.57,-937.8767277000006,2141,3,277459.66195709957,167262.92195709955,9574
2010-01-27,600019,11.56,11.55,11.58,11.22,896355,662251314.0,3.13,0.35,0.04,0.51,381.9565359999542,2142,6,277841.6184930995,66915.51849309953,18262
2010-01-28,600019,11.45,11.63,11.73,11.35,750206,565652843.0,3.29,0.69,0.08,0.43,1459.473337100062,2143,17,279301.0918301996,215580.32183019957,5479
2010-01-29,600019,11.58,11.66,11.88,11.47,561515,427782681.0,3.53,0.26,0.03,0.32,163.85894219996408,2144,18,279464.95077239955,266685.59077239956,1096
2010-02-01,600019,11.66,11.55,11.68,11.38,566282,422721618.0,2.57,-0.94,-0.11,0.32,-121.09326349996263,2145,2,279343.8575088996,213358.70750889956,5713
2010-02-02,600019,11.57,11.53,11.78,11.52,466453,352981214.0,2.25,-0.17,-0.02,0.27,-115.11333530006232,2146,4,279228.7441735995,128024.32417359955,13114
2010-02-03,600019,11.56,11.73,11.74,11.33,660881,495927502.0,3.56,1.73,0.2,0.38,2621.6478794000577,2147,9,281850.3920529996,12811.112052999553,22936
2010-02-04,600019,11.67,11.68,11.78,11.56,445277,338323142.0,1.88,-0.43,-0.05,0.25,-1146.8000000000466,2148,0,280703.59205299953,12811.112052999553,22936
2010-02-05,600019,11.44,11.36,11.49,11.32,589720,433853270.0,1.46,-2.74,-0.32,0.34,-7339.622353599989,2149,8,273363.96969939955,2575.6496993995534,23837
2010-02-08,600019,11.4,11.3,11.49,11.25,361709,264493967.0,2.11,-0.53,-0.06,0.21,-1430.2276839999831,2150,3,271933.74201539956,1807.242015399553,23905
2010-02-09,600019,11.33,11.34,11.39,11.24,365202,266701769.0,1.33,0.35,0.04,0.21,955.9289739999804,2151,11,272889.67098939954,28909.57098939955,21515
2010-02-10,600019,11.39,11.45,11.46,11.33,320861,236293479.0,1.15,0.97,0.11,0.18,2366.649999999965,2152,0,275256.3209893995,28909.57098939955,21515
2010-02-11,600019,11.47,11.96,12.11,11.44,1436467,1112724177.0,5.85,4.45,0.51,0.82,10971.363462800044,2153,15,286227.68445219955,157562.00445219956,10758
2010-02-12,600019,12.0,12.19,12.21,11.89,820617,649556658.0,2.68,1.92,0.23,0.47,2472.76444249996,2154,10,288700.4488946995,4.678894699551165,23683
2010-02-22,600019,12.19,12.16,12.4,12.02,530482,427189947.0,3.12,-0.25,-0.03,0.3,-810.4899999999325,2155,2,287989.9588946996,4.678894699551165,23683
2010-02-23,600019,12.14,12.16,12.22,11.8,677597,531762923.0,3.45,0.0,0.0,0.39,-100.0,2156,10,287989.9588946996,4.678894699551165,23683
2010-02-24,600019,12.07,12.44,12.47,11.97,822134,666964432.0,4.11,2.3,0.28,0.47,6628.883117599995,2157,18,294618.8420122996,235690.56201229955,4737
2010-02-25,600019,12.44,12.39,12.58,12.36,755051,623823631.0,1.77,-0.4,-0.05,0.43,-238.73538630001713,2158,8,294380.10662599956,47150.04662599953,19954
2010-02-26,600019,12.38,12.22,12.44,12.18,517971,418944371.0,2.1,-1.37,-0.17,0.3,-3392.46277079999,2159,6,290987.64385519957,18872.683855199528,22268
2010-03-01,600019,12.24,12.41,12.43,12.24,728841,592852848.0,1.55,1.55,0.19,0.42,4230.8445471999585,2160,4,295218.4884023995,11327.328402399527,22876
2010-03-02,600019,12.41,12.28,12.45,12.27,315404,256644338.0,1.45,-1.05,-0.13,0.18,-2973.9366108000395,2161,5,292244.5517915995,5666.191791599527,23337
2010-03-03,600019,12.28,12.39,12.44,12.17,476331,387397687.0,2.2,0.9,0.11,0.27,2567.0417508000974,2162,5,294811.5935423996,2841.243542399527,23565
2010-03-04,600019,12.43,12.25,12.54,12.17,568118,465329953.0,2.99,-1.13,-0.14,0.32,-3299.1140875000274,2163,5,291512.47945489956,1432.479454899527,23680
2010-03-05,600019,12.25,12.38,12.47,12.22,449533,367839027.0,2.04,1.06,0.13,0.26,3076.9342079999624,2164,15,294589.4136628995,148010.21366289954,11840
2010-03-08,600019,12.39,12.67,12.72,12.39,888373,744391652.0,2.67,2.34,0.29,0.51,3433.2999744000263,2165,12,298022.71363729954,178012.47363729955,9472
2010-03-09,600019,12.67,12.68,12.79,12.5,527127,443315486.0,2.29,0.08,0.01,0.3,92.93998159997864,2166,10,298115.6536188995,8.853618899534922,23510
2010-03-10,600019,12.64,12.82,13.05,12.6,1101817,946450766.0,3.55,1.1,0.14,0.63,3191.4000000000233,2167,4,301407.05361889955,8.853618899534922,23510
2010-03-11,600019,12.84,12.82,12.94,12.64,444800,378231077.0,2.34,0.0,0.0,0.25,-100.0,2168,5,301407.05361889955,8.853618899534922,23510
2010-03-12,600019,12.8,12.6,12.97,12.56,516672,439083413.0,3.2,-1.72,-0.22,0.3,-5272.200000000012,2169,8,296234.85361889953,8.853618899534922,23510
2010-03-15,600019,12.56,12.33,12.56,12.18,508890,412758308.0,3.02,-2.14,-0.27,0.29,-6447.700000000012,2170,5,289887.1536188995,8.853618899534922,23510
2010-03-16,600019,12.29,12.4,12.44,12.27,260222,212281356.0,1.38,0.57,0.07,0.15,1645.4084760000696,2171,11,291532.5620948996,29160.962094899536,21159
2010-03-17,600019,12.47,12.5,12.54,12.33,555434,456280749.0,1.69,0.81,0.1,0.32,2113.7841249999474,2172,18,293646.34621989954,240746.34621989954,4232
2010-03-18,600019,12.5,12.44,12.58,12.34,453821,374586776.0,1.92,-0.48,-0.06,0.26,-253.9199999999837,2173,0,293392.42621989956,240746.34621989954,4232
2010-03-19,600019,12.41,12.51,12.52,12.32,474654,389735723.0,1.61,0.56,0.07,0.27,296.0283308000071,2174,14,293688.45455069956,261913.05455069954,2540
2010-03-22,600019,12.47,12.4,12.47,12.27,628888,512474203.0,1.6,-0.88,-0.11,0.36,-280.709440000006,2175,5,293407.74511069956,130967.74511069953,13100
2010-03-23,600019,12.36,12.18,12.39,12.17,936170,755324192.0,1.77,-1.77,-0.22,0.53,-2882.0,2176,0,290525.74511069956,130967.74511069953,13100
2010-03-24,600019,12.17,11.96,12.22,11.88,1436628,1127152802.0,2.79,-1.81,-0.22,0.82,-2883.0967320000054,2177,17,287642.64837869955,240639.84837869956,3930
2010-03-25,600019,11.93,11.89,12.01,11.78,669649,518903594.0,1.92,-0.59,-0.07,0.38,-276.7843373999931,2178,7,287365.86404129956,72204.42404129953,18096
2010-03-26,600019,11.84,11.93,11.96,11.8,674787,524124729.0,1.35,0.34,0.04,0.39,722.7605735999532,2179,15,288088.6246148995,180145.98461489953,9048
2010-03-29,600019,11.94,12.14,12.19,11.91,834987,663120597.0,2.35,1.76,0.21,0.48,1899.539648600039,2180,3,289988.16426349955,126110.30426349952,13499
2010-03-30,600019,12.17,12.18,12.25,12.11,545263,436032694.0,1.15,0.33,0.04,0.31,539.8339369999594,2181,1,290527.9982004995,113503.87820049952,14534
2010-03-31,600019,12.17,12.02,12.23,11.93,581205,458295739.0,2.46,-1.31,-0.16,0.33,-2326.3478706000024,2182,8,288201.6503298995,22715.910329899518,22087
2010-04-01,600019,12.0,12.17,12.19,11.94,953420,756693695.0,2.08,1.25,0.15,0.54,3311.7060669000493,2183,15,291513.35639679956,157107.87639679952,11044
2010-04-02,600019,12.23,12.23,12.29,12.16,749071,602471184.0,1.07,0.49,0.06,0.43,662.3258112999611,2184,2,292175.6822080995,125688.69220809951,13613
2010-04-06,600019,12.25,12.28,12.36,12.19,671871,543695361.0,1.39,0.41,0.05,0.38,680.6499999999651,2185,0,292856.3322080995,125688.69220809951,13613
2010-04-07,600019,12.28,12.11,12.3,11.94,774277,617029813.0,2.93,-1.38,-0.17,0.44,-2315.0342065999866,2186,15,290541.2980014995,208108.5280014995,6807
2010-04-08,600019,12.02,11.86,12.03,11.8,907173,705086849.0,1.9,-2.06,-0.25,0.52,-1703.8309556000168,2187,10,288837.4670458995,10.887045899493387,24353
2010-04-09,600019,11.91,11.93,11.96,11.85,460435,358621901.0,0.93,0.59,0.07,0.26,1604.7099999999627,2188,5,290542.17704589944,10.887045899493387,24353
2010-04-12,600019,11.93,11.71,11.97,11.68,681833,522864060.0,2.43,-1.84,-0.22,0.39,-5457.659999999916,2189,10,285184.5170458995,10.887045899493387,24353
2010-04-13,600019,11.71,11.82,11.88,11.71,479575,368718003.0,1.45,0.94,0.11,0.27,2676.2394105999847,2190,19,287860.7564564995,259067.2364564995,2436
2010-04-14,600019,11.86,11.88,11.91,11.8,460746,356829618.0,0.93,0.51,0.06,0.26,143.56944719998864,2191,10,288004.3259036995,9.365903699450428,24242
2010-04-15,600019,11.89,11.88,11.91,11.8,373980,289490194.0,0.93,0.0,0.0,0.21,-100.0,2192,10,288004.3259036995,9.365903699450428,24242
2010-04-16,600019,11.86,11.73,11.9,11.68,507184,389969560.0,1.85,-1.26,-0.15,0.29,-3736.3000000000466,2193,9,284368.02590369945,9.365903699450428,24242
2010-04-19,600019,11.6,11.11,11.66,11.01,1111852,809818570.0,5.54,-5.29,-0.62,0.63,-15130.040000000037,2194,4,269337.9859036994,9.365903699450428,24242
2010-04-20,600019,11.11,10.8,11.16,10.62,1036408,715185939.0,4.86,-2.79,-0.31,0.59,-7517.376235999953,2195,19,261820.60966769946,235630.60966769946,2425
2010-04-21,600019,10.81,10.97,11.03,10.73,707324,489643730.0,2.78,1.57,0.17,0.4,412.2499999999709,2196,0,262232.85966769943,235630.60966769946,2425
2010-04-22,600019,10.99,10.78,10.99,10.66,811276,554491099.0,3.01,-1.73,-0.19,0.46,-460.9329365999729,2197,17,261771.92673109946,253924.08673109947,728
2010-04-23,600019,10.73,10.6,10.89,10.56,686939,465838923.0,3.06,-1.67,-0.18,0.39,-131.04000000000815,2198,0,261640.88673109945,253924.08673109947,728
2010-04-26,600019,10.66,10.42,10.71,10.39,709576,470821967.0,3.02,-1.7,-0.18,0.41,-133.3252101999824,2199,9,261507.56152089947,25400.781520899473,22659
2010-04-27,600019,10.41,10.19,10.44,10.05,856795,544070394.0,3.74,-2.21,-0.23,0.49,-5211.7984598000185,2200,9,256295.76306109945,2554.5730610994724,24901
2010-04-28,600019,10.1,10.34,10.38,10.0,669854,430287015.0,3.73,1.47,0.15,0.38,3735.142348400026,2201,3,260030.90540949948,1789.4054094994724,24975
2010-04-30,600019,10.36,10.81,10.83,10.34,1141490,768426302.0,4.74,4.55,0.47,0.65,11738.235730799963,2202,8,271769.14114029944,362.47114029947215,25107
2010-05-04,600019,10.71,10.63,10.81,10.52,645217,436330049.0,2.68,-1.67,-0.18,0.37,-4519.260318899935,2203,1,267249.8808213995,330.58082139947214,25110
2010-05-05,600019,10.57,10.61,10.62,10.3,629170,416359379.0,3.01,-0.19,-0.02,0.36,-503.26566840003943,2204,14,266746.61515299947,106896.35515299947,15066
2010-05-06,600019,10.55,10.27,10.61,10.24,589960,386817541.0,3.49,-3.2,-0.34,0.34,-5122.546808000014,2205,1,261624.06834499945,96215.44834499947,16106
2010-05-07,600019,10.06,10.25,10.34,9.85,581970,369767396.0,4.77,-0.19,-0.02,0.33,-322.21614499998395,2206,1,261301.85219999947,86600.85219999947,17044
2010-05-10,600019,10.25,10.31,10.34,10.13,402068,258608901.0,2.05,0.59,0.06,0.23,1021.9472710999835,2207,8,262323.79947109945,17327.26947109947,23763
2010-05-11,600019,10.52,10.35,10.67,10.27,723391,478826895.0,3.88,0.39,0.04,0.41,949.2903165000025,2208,15,263273.08978759946,140294.38978759944,11882
2010-05-12,600019,10.28,10.33,10.35,10.07,530649,341274336.0,2.71,-0.19,-0.02,0.3,-237.92056280001998,2209,2,263035.16922479944,112237.82922479944,14598
2010-05-13,600019,10.28,10.51,10.53,10.25,578123,379979555.0,2.71,1.74,0.18,0.33,2627.078871099977,2210,5,265662.2480958994,56124.37809589944,19937
2010-05-14,600019,10.46,10.47,10.51,10.35,338253,221741455.0,1.52,-0.38,-0.04,0.19,-798.941088499967,2211,17,264863.30700739945,202231.76700739947,5982
2010-05-17,600019,10.38,10.01,10.38,9.99,566389,358281002.0,3.72,-4.39,-0.46,0.32,-2752.0193990999833,2212,15,262111.28760829946,232171.37760829946,2991
2010-05-18,600019,10.01,10.29,10.36,10.01,595633,380314214.0,3.5,2.8,0.28,0.34,837.2646302999929,2213,17,262948.55223859946,253708.13223859947,898
2010-05-19,600019,10.23,10.3,10.41,10.19,394627,255397133.0,2.14,0.1,0.01,0.23,7.965244000020903,2214,4,262956.5174825995,152231.51748259948,10750
2010-05-20,600019,10.28,10.39,10.52,10.23,581442,381739206.0,2.82,0.87,0.09,0.33,966.1300785000203,2215,9,263922.6475610995,15237.997561099473,23935
2010-05-21,600019,10.2,10.63,10.64,10.12,685712,452989856.0,5.0,2.31,0.24,0.39,5744.323889199994,2216,5,269666.9714502995,7626.841450299472,24651
2010-05-24,600019,10.74,10.84,10.92,10.62,821795,547800991.0,2.82,1.98,0.21,0.47,5176.649079199939,2217,8,274843.6205294994,1534.7005294994715,25213
2010-05-25,600019,10.77,10.53,10.77,10.45,650649,423299184.0,2.95,-2.86,-0.31,0.37,-7816.295461300004,2218,11,267027.3250681994,28080.56506819947,22692
2010-05-26,600019,10.56,10.53,10.62,10.47,368082,237660571.0,1.42,0.0,0.0,0.21,-0.9557027999544516,2219,14,267026.36936539947,123649.88936539947,13616
2010-05-27,600019,10.5,10.63,10.71,10.39,536752,347260118.0,3.04,0.95,0.1,0.31,1360.7345054000034,2220,7,268387.1038707995,37099.563870799466,21758
2010-05-28,600019,10.73,10.56,10.75,10.52,454067,296010076.0,2.16,-0.66,-0.07,0.26,-1523.1711968000163,2221,3,266863.93267399946,25979.772673999465,22811
2010-05-31,600019,10.5,10.4,10.56,10.31,494461,314604725.0,2.37,-1.52,-0.16,0.28,-3650.019791999948,2222,10,263213.9128819995,0.31288199946357054,25309
2010-06-01,600019,10.33,10.3,10.4,10.23,387640,242741351.0,1.63,-0.96,-0.1,0.22,-2532.7247479999787,2223,17,260681.18813399953,182473.2881339995,7593
2010-06-02,600019,10.29,10.36,10.38,10.24,333878,209449911.0,1.36,0.58,0.06,0.19,454.9507335999806,2224,18,261136.1388675995,245399.29886759951,1519
2010-06-03,600019,10.38,10.31,10.47,10.24,444443,280546360.0,2.22,-0.48,-0.05,0.25,-78.15840200000093,2225,9,261057.9804655995,24556.890465599485,22939
2010-06-04,600019,10.27,10.23,10.28,10.03,667946,411084914.0,2.42,-0.78,-0.08,0.38,-1836.0586025000084,2226,14,259221.9218630995,118416.20186309949,13764
2010-06-07,600019,10.07,10.08,10.12,10.0,576021,349332368.0,1.17,-1.47,-0.15,0.33,-2065.073558400036,2227,4,257156.84830469947,71059.88830469947,18462
2010-06-08,600019,10.08,10.03,10.1,10.0,266672,161641939.0,0.99,-0.5,-0.05,0.15,-923.1000000000058,2228,0,256233.74830469946,71059.88830469947,18462
2010-06-09,600019,10.03,10.19,10.27,9.95,532527,324069056.0,3.19,1.6,0.16,0.3,2953.7779513999994,2229,2,259187.52625609946,56854.886256099475,19856
2010-06-10,600019,10.11,10.05,10.14,10.01,337242,204789827.0,1.28,-1.37,-0.14,0.19,-2779.896782499971,2230,1,256407.6294735995,51176.57947359947,20421
2010-06-11,600019,10.07,10.13,10.22,10.02,449250,274398955.0,1.99,0.8,0.08,0.26,1633.5265305000066,2231,3,258041.1560040995,35829.47600409947,21936
2010-06-17,600019,10.18,10.06,10.18,10.05,230699,140473397.0,1.28,-0.69,-0.07,0.13,-1537.2853288000042,2232,18,256503.8706752995,212360.5906752995,4388
2010-06-18,600019,10.05,10.0,10.11,9.99,318266,192965215.0,1.19,-0.6,-0.06,0.18,-264.12940000000526,2233,4,256239.7412752995,127419.74127529949,12882
2010-06-21,600019,10.01,10.2,10.23,9.92,549496,336212167.0,3.1,2.0,0.2,0.31,2575.8904079999775,2234,4,258815.63168329946,76460.03168329949,17878
2010-06-22,600019,10.16,10.28,10.35,10.12,411820,256361345.0,2.25,0.78,0.08,0.24,1429.3210708000406,2235,15,260244.9527540995,168352.0327540995,8939
2010-06-23,600019,10.16,10.07,10.16,10.01,442879,269234284.0,1.46,-2.04,-0.21,0.25,-1878.7051322000043,2236,9,258366.2476218995,16837.297621899488,23985
2010-06-24,600019,10.03,10.03,10.13,10.01,346968,210237340.0,1.19,-0.4,-0.04,0.2,-960.6027976000041,2237,15,257405.6448242995,137115.8548242995,11993
2010-06-25,600019,10.02,10.02,10.07,9.99,278497,168066415.0,0.8,-0.1,-0.01,0.16,-120.53079920000164,2238,15,257285.1140250995,197195.1740250995,5997
2010-06-28,600019,10.03,10.03,10.06,10.01,158535,95888680.0,0.5,0.1,0.01,0.09,59.9099203000078,2239,11,257345.0239453995,203203.0839453995,5398
2010-06-29,600019,10.03,9.84,10.06,9.83,457963,273325591.0,2.29,-1.89,-0.19,0.26,-1026.0980272000015,2240,19,256318.9259181995,251005.3259181995,540
2010-06-30,600019,9.8,9.84,9.88,9.66,293593,171335807.0,2.24,0.0,0.0,0.17,-1.2549936000432353,2241,5,256317.67092459946,125504.71092459948,13294
2010-07-01,600019,9.8,9.73,9.88,9.67,325653,190915428.0,2.13,-1.12,-0.11,0.19,-1463.4694583999808,2242,9,254854.20146619948,12557.741466199455,24902
2010-07-02,600019,9.72,9.79,9.81,9.63,415457,240207803.0,1.85,0.62,0.06,0.24,1494.1074687999499,2243,1,256348.30893499943,11304.608934999455,25030
2010-07-05,600019,9.7,9.79,9.85,9.66,256694,149199078.0,1.94,0.0,0.0,0.15,-0.09036170001490973,2244,8,256348.2185732994,2268.348573299454,25953
2010-07-06,600019,9.73,9.89,9.91,9.73,242595,143106649.0,1.84,1.02,0.1,0.14,2595.295549500035,2245,2,258943.51412279945,1823.294122799454,25998
2010-07-07,600019,9.89,9.97,9.99,9.83,391794,234009474.0,1.62,0.81,0.08,0.22,2079.8400000000256,2246,0,261023.35412279947,1823.294122799454,25998
2010-07-08,600019,10.05,9.95,10.07,9.91,217912,130754143.0,1.6,-0.2,-0.02,0.12,-519.9708455000364,2247,6,260503.38327729944,738.7332772994541,26107
2010-07-09,600019,9.96,10.16,10.34,9.9,588752,360817592.0,4.42,2.11,0.21,0.34,5482.467155199993,2248,4,265985.8504324994,454.2504324994541,26135
2010-07-12,600019,10.13,10.16,10.2,10.08,318224,195355286.0,1.18,0.0,0.0,0.18,-0.0004064000095240772,2249,1,265985.8500260994,413.6100260994541,26139
2010-07-13,600019,10.1,9.95,10.1,9.94,342860,206216219.0,1.57,-2.07,-0.21,0.2,-5490.49036549998,2250,15,260495.35966059944,130448.85966059945,13070
2010-07-14,600019,9.92,10.0,10.05,9.91,255081,153657955.0,1.41,0.5,0.05,0.15,653.3696000000346,2251,1,261148.72926059947,117408.72926059946,14374
2010-07-15,600019,10.0,9.95,10.05,9.95,259402,155966017.0,1.0,-0.5,-0.05,0.15,-719.5580880000198,2252,16,260429.17117259945,203216.67117259945,5750
2010-07-16,600019,9.91,9.95,10.01,9.83,198650,118146408.0,1.81,0.0,0.0,0.11,-1.6256310000026133,2253,8,260427.54554159945,40651.945541599474,22088
2010-07-19,600019,9.86,10.11,10.14,9.86,295578,179208488.0,2.81,1.61,0.16,0.17,3531.8469032000285,2254,20,263959.3924447995,263959.3924447995,0
2010-07-20,600019,10.12,10.2,10.27,10.12,404287,250279598.0,1.48,0.89,0.09,0.23,-500.0,2255,13,263959.3924447995,263959.3924447995,0
2010-07-21,600019,10.24,10.29,10.36,10.24,531482,334057846.0,1.18,0.88,0.09,0.3,-0.26393850002205,2256,1,263959.12850629946,237565.27850629948,2565
2010-07-22,600019,10.3,10.34,10.4,10.27,346472,218245352.0,1.26,0.49,0.05,0.2,126.11199820000911,2257,9,264085.24050449947,23762.960504499468,23242
2010-07-23,600019,10.35,10.33,10.4,10.29,294837,185713836.0,1.06,-0.1,-0.01,0.17,-232.65759000001708,2258,10,263852.58291449945,3.7229144994671515,25542
2010-07-26,600019,10.33,10.28,10.35,10.14,316588,196853181.0,2.03,-0.48,-0.05,0.18,-1377.0999999999767,2259,10,262575.4829144995,3.7229144994671515,25542
2010-07-27,600019,10.29,10.25,10.31,10.22,217552,135797280.0,0.88,-0.29,-0.03,0.12,-866.2600000000093,2260,1,261809.22291449946,3.7229144994671515,25542
2010-07-28,600019,10.28,10.47,10.49,10.27,499309,316892405.0,2.15,2.15,0.22,0.29,5519.239999999991,2261,9,267428.46291449945,3.7229144994671515,25542
2010-07-29,600019,10.46,10.64,10.83,10.46,930000,610782236.0,3.53,1.62,0.17,0.53,4242.140000000014,2262,2,271770.60291449947,3.7229144994671515,25542
2010-07-30,600019,10.64,10.64,10.67,10.56,328442,214383490.0,1.03,0.0,0.0,0.19,-100.0,2263,5,271770.60291449947,3.7229144994671515,25542
2010-08-02,600019,10.62,10.73,10.74,10.6,345078,227249532.0,1.32,0.85,0.09,0.2,2297.4096717000357,2264,15,274068.0125861995,137035.1825861995,12771
2010-08-03,600019,10.79,10.52,10.79,10.51,595931,387903600.0,2.61,-1.96,-0.21,0.34,-2682.732138000021,2265,6,271385.2804481995,54820.56044819948,20586
2010-08-04,600019,10.47,10.4,10.53,10.22,655817,414169220.0,2.95,-1.14,-0.12,0.37,-2471.8186400000122,2266,17,268913.46180819947,204683.06180819948,6176
2010-08-05,600019,10.36,10.31,10.41,10.27,442814,278172373.0,1.35,-0.87,-0.09,0.25,-556.0946569999796,2267,14,268357.3671511995,230148.50715119948,3706
2010-08-06,600019,10.31,10.42,10.44,10.27,350811,221451473.0,1.65,1.07,0.11,0.2,407.5055755999638,2268,14,268764.87272679945,245590.79272679947,2224
2010-08-09,600019,10.44,10.44,10.45,10.36,387065,246254531.0,0.86,0.19,0.02,0.22,44.294272399973124,2269,18,268809.1669991994,264163.36699919944,445
2010-08-10,600019,10.46,10.5,10.71,10.45,1127176,731828762.0,2.49,0.57,0.06,0.64,26.69537999999011,2270,11,268835.8623791994,264625.3623791994,401
2010-08-11,600019,10.46,10.47,10.52,10.39,339875,216784578.0,1.24,-0.29,-0.03,0.19,-14.676187800068874,2271,10,268821.18619139935,3.9361913993488997,25675
2010-08-12,600019,10.39,10.35,10.46,10.31,279249,176750497.0,1.43,-1.15,-0.12,0.16,-3181.0,2272,7,265740.18619139935,3.9361913993488997,25675
2010-08-13,600019,10.34,10.49,10.52,10.34,258744,165143942.0,1.74,1.35,0.14,0.15,3494.5,2273,2,269334.68619139935,3.9361913993488997,25675
2010-08-16,600019,10.5,10.68,10.69,10.49,535927,350135442.0,1.91,1.81,0.19,0.31,4875.7821723999805,2274,19,274210.46836379933,246784.22836379934,2568
2010-08-17,600019,10.69,10.67,10.72,10.56,521865,341309285.0,1.5,-0.09,-0.01,0.3,-25.926690399996005,2275,1,274184.54167339933,222114.94167339933,4880
2010-08-18,600019,10.67,10.61,10.69,10.55,315979,206059861.0,1.31,-0.56,-0.06,0.18,-293.16243760002544,2276,17,273891.3792357993,258358.33923579933,1464
2010-08-19,600019,10.6,10.66,10.73,10.52,358267,234223439.0,1.98,0.47,0.05,0.2,70.87494740000693,2277,9,273962.2541831993,25850.754183199315,23275
2010-08-20,600019,10.61,10.44,10.63,10.42,295153,190213348.0,1.97,-2.06,-0.22,0.17,-5120.603356000036,2278,4,268841.6508271993,15515.050827199313,24265
2010-08-23,600019,10.44,10.42,10.5,10.4,144091,91994007.0,0.96,-0.19,-0.02,0.08,-485.29999999998836,2279,0,268356.3508271993,15515.050827199313,24265
2010-08-24,600019,10.42,10.56,10.69,10.3,445810,288687621.0,3.74,1.34,0.14,0.25,3396.944873600034,2280,10,271753.2957007993,2.2557007993109437,25734
2010-08-25,600019,10.5,10.36,10.52,10.35,236068,150556538.0,1.61,-1.89,-0.2,0.13,-5147.333125600009,2281,12,266605.9625751993,53314.28257519931,20588
2010-08-26,600019,10.36,10.31,10.41,10.3,194758,122601398.0,1.06,-0.48,-0.05,0.11,-1030.4613113999949,2282,15,265575.5012637993,159444.3612637993,10294
2010-08-27,600019,10.33,10.36,10.41,10.3,161001,101705846.0,1.07,0.48,0.05,0.09,514.2734787999652,2283,14,266089.7747425993,202096.0547425993,6177
2010-08-30,600019,10.5,10.55,10.66,10.5,461620,299406232.0,1.54,1.83,0.19,0.26,1172.6196265000035,2284,5,267262.3943690993,101057.6943690993,15754
2010-08-31,600019,10.51,10.55,10.61,10.49,359991,232609541.0,1.14,0.0,0.0,0.21,-0.20203249994665384,2285,2,267262.19233659934,80854.2423365993,17669
2010-09-01,600019,10.64,10.61,10.8,10.56,709022,467154080.0,2.27,0.57,0.06,0.4,1059.8166071999585,2286,4,268322.0089437993,48514.638943799306,20717
2010-09-02,600019,10.71,10.67,10.79,10.62,435183,287354359.0,1.6,0.57,0.06,0.25,1241.9148014000384,2287,15,269563.92374519934,159033.3937451993,10359
2010-09-03,600019,10.71,10.61,10.73,10.52,292707,190743005.0,1.97,-0.56,-0.06,0.17,-622.3351134000113,2288,5,268941.5886317993,79521.25863179931,17853
2010-09-06,600019,10.71,11.17,11.32,10.69,1442762,986267094.0,5.94,5.28,0.56,0.82,9997.282459700014,2289,5,278938.87109149934,39766.83109149931,21412
2010-09-07,600019,11.19,11.23,11.36,11.06,1000409,702305322.0,2.69,0.54,0.06,0.57,1283.0368476000149,2290,17,280221.90793909936,208080.38793909934,6424
2010-09-08,600019,11.18,11.12,11.18,10.95,511160,351594869.0,2.05,-0.98,-0.11,0.29,-707.1399552000221,2291,17,279514.76798389934,258075.40798389935,1928
2010-09-09,600019,11.1,10.84,11.11,10.8,483597,327029683.0,2.79,-2.52,-0.28,0.28,-539.8608128000051,2292,11,278974.90717109933,260156.66717109934,1736
2010-09-10,600019,10.88,10.81,10.91,10.68,336577,224399723.0,2.12,-0.28,-0.03,0.19,-52.60028529999545,2293,2,278922.30688579933,208127.61688579933,6549
2010-09-13,600019,10.86,10.9,10.99,10.77,307402,207402146.0,2.04,0.83,0.09,0.18,587.5369439999922,2294,9,279509.8438297993,20820.143829799315,23733
2010-09-14,600019,10.89,10.95,10.97,10.81,360539,243766066.0,1.47,0.46,0.05,0.21,1186.462754999986,2295,9,280696.3065847993,2095.4565847993144,25443
2010-09-15,600019,11.01,10.83,11.01,10.77,296044,199910623.0,2.19,-1.1,-0.12,0.17,-3053.1599999999744,2296,0,277643.14658479934,2095.4565847993144,25443
2010-09-16,600019,10.85,10.57,10.88,10.46,333898,218912512.0,3.88,-2.4,-0.26,0.19,-6615.179999999993,2297,0,271027.96658479935,2095.4565847993144,25443
2010-09-17,600019,10.57,10.56,10.61,10.49,210954,136575080.0,1.14,-0.09,-0.01,0.12,-254.43200640002033,2298,1,270773.5345783993,1894.8145783993145,25462
2010-09-20,600019,10.56,10.58,10.64,10.44,295367,190886776.0,1.89,0.19,0.02,0.17,509.2399999999907,2299,0,271282.7745783993,1894.8145783993145,25462
2010-09-21,600019,10.58,10.58,10.63,10.46,354399,228623031.0,1.61,0.0,0.0,0.2,-0.011320599995087832,2300,6,271282.7632577993,762.7432577993145,25569
2010-09-27,600019,10.6,10.66,10.77,10.51,448322,292176176.0,2.46,0.76,0.08,0.26,2045.5155227999785,2301,6,273328.2787805993,315.0187805993144,25611
2010-09-28,600019,10.61,10.53,10.69,10.47,406139,265365439.0,2.06,-1.22,-0.13,0.23,-3329.4308424000046,2302,3,269998.8479381993,230.7779381993144,25619
2010-09-29,600019,10.55,10.63,10.71,10.53,447154,292529126.0,1.71,0.95,0.1,0.26,2559.7213815000723,2303,18,272558.56931969937,218090.44931969934,5124
2010-09-30,600019,10.6,10.74,10.75,10.56,293529,193245108.0,1.79,1.03,0.11,0.17,563.2038485999801,2304,2,273121.77316829935,174474.87316829932,9185
2010-10-08,600019,10.78,10.94,10.99,10.78,560647,379997094.0,1.96,1.86,0.2,0.32,1836.8256163999904,2305,1,274958.59878469934,157036.33878469933,10779
2010-10-11,600019,11.03,11.33,11.34,10.99,1153247,806640474.0,3.2,3.56,0.39,0.66,4202.833014099975,2306,18,279161.4317987993,254733.95179879933,2156
2010-10-12,600019,11.32,11.32,11.47,11.1,914837,644684380.0,3.27,-0.09,-0.01,0.52,-21.608789199963212,2307,12,279139.82300959935,259612.82300959932,1725
2010-10-13,600019,11.52,11.46,11.63,11.35,941929,682934888.0,2.47,1.24,0.14,0.54,241.32214080000995,2308,19,279381.14515039936,277398.56515039934,173
2010-10-14,600019,11.46,11.52,11.66,11.36,971363,704105584.0,2.62,0.52,0.06,0.55,10.370092799945269,2309,15,279391.5152431993,278389.2752431993,87
2010-10-15,600019,11.52,11.84,11.86,11.44,1509740,1116190034.0,3.65,2.78,0.32,0.86,26.726566400029697,2310,4,279418.24180959933,167044.8018095993,9491
2010-10-18,600019,11.96,11.89,12.46,11.84,2417062,1877982875.0,5.24,0.42,0.05,1.38,474.54999999998836,2311,0,279892.7918095993,167044.8018095993,9491
2010-10-19,600019,11.93,11.86,11.94,11.57,942389,701568242.0,3.11,-0.25,-0.03,0.54,-284.89698880002834,2312,1,279607.8948207993,150345.7548207993,10899
2010-10-20,600019,11.61,11.61,11.72,11.47,1170606,857876548.0,2.11,-2.11,-0.25,0.67,-2724.75,2313,0,276883.1448207993,150345.7548207993,10899
2010-10-21,600019,11.61,11.56,11.63,11.32,959460,691763825.0,2.67,-0.43,-0.05,0.55,-545.4539003999671,2314,14,276337.6909203993,200735.2909203993,6540
2010-10-22,600019,11.5,11.47,11.6,11.34,819194,590006987.0,2.25,-0.78,-0.09,0.47,-588.7500276000355,2315,12,275748.9408927993,215737.9008927993,5232
2010-10-25,600019,11.44,11.64,11.71,11.35,898659,655039819.0,3.14,1.48,0.17,0.51,887.7142535999883,2316,8,276636.6551463993,43161.535146399285,20058
2010-10-26,600019,11.69,11.57,11.74,11.51,732313,537745257.0,1.98,-0.6,-0.07,0.42,-1405.2203553,2317,15,275231.4347910993,159195.9047910993,10029
2010-10-27,600019,11.55,11.57,11.8,11.46,863099,635716661.0,2.94,0.0,0.0,0.49,-0.4774938999908045,2318,3,275230.9572971993,111446.0372971993,14156
2010-10-28,600019,11.57,11.55,11.66,11.46,467716,340623137.0,1.73,-0.17,-0.02,0.27,-284.2644894999685,2319,17,274946.6928076993,225893.84280769934,4247
2010-10-29,600019,11.52,11.4,11.56,11.34,555446,399241553.0,1.9,-1.3,-0.15,0.32,-637.5017819999484,2320,2,274309.1910256994,180715.19102569934,8210
2010-11-01,600019,11.49,11.55,11.6,11.42,757276,550657535.0,1.58,1.32,0.15,0.43,1230.4158014999703,2321,6,275539.60682719934,72294.25682719934,17597
2010-11-02,600019,11.57,11.72,11.83,11.55,1074394,797680537.0,2.42,1.47,0.17,0.61,2991.345492399996,2322,2,278530.95231959934,57843.35231959933,18830
2010-11-03,600019,11.77,11.53,11.8,11.52,692884,509490022.0,2.39,-1.62,-0.19,0.4,-3578.785549500026,2323,15,274952.1667700993,166397.21677009933,9415
2010-11-04,600019,11.57,11.58,11.61,11.47,498162,363078950.0,1.21,0.43,0.05,0.28,470.31389719998697,2324,14,275422.4806672993,210007.06066729932,5649
2010-11-05,600019,11.68,11.61,11.73,11.56,535923,393839245.0,1.47,0.26,0.03,0.31,169.07653710001614,2325,16,275591.5572043993,249352.9572043993,2260
2010-11-08,600019,11.67,11.95,11.97,11.63,991238,739126527.0,2.93,2.93,0.34,0.57,768.1299299999955,2326,20,276359.6871343993,276359.6871343993,0
2010-11-09,600019,11.91,11.71,11.91,11.6,895692,666523954.0,2.59,-2.01,-0.24,0.51,-2.7635599999921396,2327,10,276356.9235743993,0.9235743993194774,23600
2010-11-10,600019,11.67,11.52,11.67,11.47,505859,368630385.0,1.71,-1.62,-0.19,0.29,-4486.718720000004,2328,20,271870.2048543993,271870.2048543993,0
2010-11-11,600019,11.47,11.61,11.72,11.46,727423,531537026.0,2.26,0.78,0.09,0.42,-500.0,2329,19,271870.2048543993,271870.2048543993,0
2010-11-12,600019,11.52,11.16,11.56,11.02,922375,653798268.0,4.65,-3.88,-0.45,0.53,-500.0,2330,14,271870.2048543993,271870.2048543993,0
2010-11-15,600019,11.13,11.0,11.21,10.88,678201,463480687.0,2.96,-1.43,-0.16,0.39,-1.6311899999855086,2331,6,271868.57366439933,108749.5736643993,14829
2010-11-16,600019,10.99,10.69,11.08,10.68,656519,442883037.0,3.64,-2.82,-0.31,0.37,-4597.968562600028,2332,9,267270.6051017993,10892.335101799297,23983
2010-11-17,600019,10.67,10.6,10.75,10.55,539167,353280043.0,1.87,-0.84,-0.09,0.31,-2158.491730000009,2333,2,265112.1133717993,8719.313371799297,24188
2010-11-18,600019,10.64,10.64,10.69,10.6,300275,196478163.0,0.85,0.38,0.04,0.17,965.2037784000277,2334,19,266077.3171501993,240339.15715019932,2419
2010-11-19,600019,10.67,10.66,10.71,10.45,524928,340432478.0,2.44,0.19,0.02,0.3,48.251120599976275,2335,15,266125.5682707993,253226.96827079932,1210
2010-11-22,600019,10.58,10.56,10.62,10.51,453341,294243944.0,1.03,-0.94,-0.1,0.26,-121.06388799997512,2336,15,266004.5043827993,259615.70438279933,605
2010-11-23,600019,10.55,10.3,10.55,10.24,591886,372817745.0,2.94,-2.46,-0.26,0.34,-157.33738899999298,2337,16,265847.1669937993,263354.56699379935,242
2010-11-24,600019,10.28,10.41,10.45,10.28,353266,223851720.0,1.65,1.07,0.11,0.2,26.60740390000865,2338,15,265873.77439769934,264614.16439769935,121
2010-11-25,600019,10.44,10.56,10.6,10.39,440400,283000521.0,2.02,1.44,0.15,0.25,18.137222399993334,2339,20,265891.91162009933,265891.91162009933,0
2010-11-26,600019,10.56,10.49,10.57,10.45,273143,175577723.0,1.14,-0.66,-0.07,0.16,0.0,2340,0,265891.91162009933,265891.91162009933,0
2010-11-29,600019,10.52,10.42,10.56,10.39,305984,195707482.0,1.62,-0.67,-0.07,0.17,-2.6588713999954052,2341,10,265889.25274869933,2.112748699320946,25517
2010-11-30,600019,10.44,10.31,10.49,10.2,416030,261703440.0,2.78,-1.06,-0.11,0.24,-2806.8699999999953,2342,0,263082.38274869934,2.112748699320946,25517
2010-12-01,600019,10.3,10.33,10.36,10.28,159736,100447820.0,0.78,0.19,0.02,0.09,508.2313370999764,2343,18,263590.6140857993,210866.29408579934,5104
2010-12-02,600019,10.41,10.4,10.46,10.38,221755,141063499.0,0.77,0.68,0.07,0.13,357.0691920000245,2344,1,263947.68327779934,189785.28327779935,7131
2010-12-03,600019,10.45,10.41,10.46,10.34,209767,133194789.0,1.15,0.1,0.01,0.12,70.6419903000351,2345,19,264018.3252680994,256585.58526809936,714
2010-12-06,600019,10.4,10.42,10.46,10.35,288861,183508884.0,1.06,0.1,0.01,0.16,7.139999999955762,2346,0,264025.46526809933,256585.58526809936,714
2010-12-07,600019,10.39,10.46,10.47,10.27,352933,222679054.0,1.92,0.38,0.04,0.2,27.020601800002623,2347,6,264052.48586989933,102644.22586989932,15431
2010-12-08,600019,10.44,10.4,10.53,10.39,370428,236618097.0,1.34,-0.57,-0.06,0.21,-926.6623600000166,2348,15,263125.8235098993,182879.42350989932,7716
2010-12-09,600019,10.38,10.41,10.6,10.34,463240,297575723.0,2.5,0.1,0.01,0.26,76.35676440002862,2349,20,263202.18027429935,263202.18027429935,0
2010-12-10,600019,10.4,10.45,10.47,10.34,307542,195141640.0,1.25,0.38,0.04,0.18,-500.0,2350,17,263202.18027429935,263202.18027429935,0
2010-12-13,600019,10.5,10.8,10.84,10.5,836907,549917385.0,3.25,3.35,0.35,0.48,-500.0,2351,15,263202.18027429935,263202.18027429935,0
2010-12-14,600019,10.84,10.79,10.99,10.77,702128,471915000.0,2.04,-0.09,-0.01,0.4,-500.0,2352,12,263202.18027429935,263202.18027429935,0
2010-12-15,600019,10.8,10.72,10.85,10.69,380072,252698675.0,1.48,-0.65,-0.07,0.22,-0.2631760000367649,2353,1,263201.9170982993,236884.31709829933,2455
2010-12-16,600019,10.66,10.72,10.78,10.66,238843,157980414.0,1.12,0.0,0.0,0.14,-1.6580624000052921,2354,7,263200.2590358993,71076.41903589931,17922
2010-12-17,600019,10.71,10.75,10.84,10.66,300190,198879664.0,1.68,0.28,0.03,0.17,537.082080000022,2355,13,263737.3411158993,128867.84111589931,12546
2010-12-20,600019,10.83,10.63,10.83,10.49,357501,234595161.0,3.16,-1.12,-0.12,0.2,-1506.5507911000168,2356,8,262230.7903247993,25787.700324799298,22243
2010-12-21,600019,10.63,10.79,10.85,10.62,347012,230508791.0,2.16,1.51,0.16,0.2,3558.7511673999834,2357,5,265789.5414921993,12904.311492199298,23437
2010-12-22,600019,10.84,10.77,11.0,10.71,576858,388925511.0,2.69,-0.19,-0.02,0.33,-468.8045123000047,2358,5,265320.7369798993,6453.016979899298,24036
2010-12-23,600019,10.79,10.73,10.83,10.69,324710,215860915.0,1.3,-0.37,-0.04,0.19,-961.4528759999666,2359,2,264359.2841038993,5165.404103899298,24156
2010-12-24,600019,10.71,10.72,10.75,10.63,240292,158509767.0,1.12,-0.09,-0.01,0.14,-241.56514560000505,2360,1,264117.7189582993,4650.838958299299,24204
2010-12-27,600019,10.71,10.53,10.83,10.52,378317,248854869.0,2.89,-1.77,-0.19,0.22,-4598.79243240002,2361,7,259518.9265258993,1407.5665258992985,24512
2010-12-28,600019,10.51,10.34,10.61,10.33,318808,204934970.0,2.66,-1.8,-0.19,0.18,-4657.28134419999,2362,1,254861.6451816993,1273.1451816992985,24525
2010-12-29,600019,10.35,10.36,10.42,10.33,261021,164913189.0,0.87,0.19,0.02,0.15,490.4924371999805,2363,6,255352.1376188993,516.8576188992985,24598
2010-12-30,600019,10.36,10.42,10.6,10.22,425881,269157255.0,3.67,0.58,0.06,0.24,1474.3422164000222,2364,16,256826.4798352993,154293.6798352993,9840
2010-12-31,600019,10.39,10.45,10.52,10.33,406077,257586878.0,1.82,0.29,0.03,0.23,294.7371694999747,2365,3,257121.21700479928,108010.1670047993,14269
2011-01-04,600019,10.51,10.64,10.66,10.35,572250,369381672.0,2.97,1.82,0.19,0.33,2710.4620240000077,2366,6,259831.6790287993,43211.91902879928,20359
2011-01-05,600019,10.57,10.52,10.58,10.49,334574,215978272.0,0.85,-1.13,-0.12,0.19,-2443.29597560002,2367,5,257388.38305319927,21614.143053199285,22412
2011-01-06,600019,10.53,10.53,10.58,10.45,248062,159829914.0,1.24,0.1,0.01,0.14,223.90392439998686,2368,10,257612.28697759926,6.366977599285747,24464
2011-01-07,600019,10.53,10.66,10.8,10.47,562599,368965887.0,3.13,1.23,0.13,0.32,3080.320000000007,2369,9,260792.60697759927,6.366977599285747,24464
2011-01-10,600019,10.63,10.61,10.75,10.6,422610,277610464.0,1.41,-0.47,-0.05,0.24,-1223.4595206000085,2370,11,259569.14745699926,25958.167456999283,22018
2011-01-11,600019,10.61,10.83,10.85,10.6,608402,403478981.0,2.36,2.07,0.22,0.35,4843.726505200058,2371,9,264412.8739621993,2608.453962199281,24174
2011-01-12,600019,10.85,10.99,11.07,10.79,815285,554413060.0,2.59,1.48,0.16,0.47,3865.1832773999777,2372,20,268278.0572395993,268278.0572395993,0
2011-01-13,600019,11.03,10.91,11.07,10.86,511348,348201644.0,1.91,-0.73,-0.08,0.29,-500.0,2373,12,268278.0572395993,268278.0572395993,0
2011-01-14,600019,10.91,10.84,10.91,10.72,415525,277649450.0,1.74,-0.64,-0.07,0.24,-500.0,2374,15,268278.0572395993,268278.0572395993,0
2011-01-17,600019,10.75,10.62,10.88,10.56,524685,346912702.0,2.95,-2.03,-0.22,0.3,-500.0,2375,15,268278.0572395993,268278.0572395993,0
2011-01-18,600019,10.6,10.62,10.66,10.52,292424,190279760.0,1.32,0.0,0.0,0.17,-500.0,2376,14,268278.0572395993,268278.0572395993,0
2011-01-19,600019,10.64,10.69,10.71,10.56,294649,193134561.0,1.41,0.66,0.07,0.17,-2.4143364999908954,2377,9,268275.6429030993,26841.99290309928,22585
2011-01-20,600019,10.68,10.46,10.68,10.44,377019,243194360.0,2.25,-2.15,-0.23,0.22,-5194.657319599995,2378,4,263080.9855834993,16109.925583499276,23611
2011-01-21,600019,10.45,10.66,10.79,10.41,457734,300304173.0,3.63,1.91,0.2,0.26,4722.183903399971,2379,1,267803.1694868993,14500.249486899276,23762
2011-01-24,600019,10.67,10.74,10.89,10.63,505606,336418205.0,2.44,0.75,0.08,0.29,1900.8875049999915,2380,5,269704.05699189927,7250.676991899276,24437
2011-01-25,600019,10.75,10.9,11.21,10.74,1172725,803128626.0,4.38,1.49,0.16,0.67,3909.9055030000163,2381,2,273613.9624948993,5800.962494899276,24570
2011-01-26,600019,10.9,11.02,11.06,10.77,600190,405351072.0,2.66,1.1,0.12,0.34,2948.3942695999867,2382,1,276562.3567644993,5227.916764499276,24622
2011-01-27,600019,10.91,11.02,11.1,10.81,604744,413285222.0,2.63,0.0,0.0,0.35,-1.899297000025399,2383,17,276560.45746749925,195155.71746749926,7387
2011-01-28,600019,11.01,10.95,11.02,10.9,305765,208141369.0,1.09,-0.64,-0.07,0.17,-517.2851290000253,2384,1,276043.1723384992,175642.62233849926,9169
2011-01-31,600019,10.96,11.08,11.17,10.94,429559,296540252.0,2.1,1.19,0.13,0.25,1191.0917992000468,2385,5,277234.26413769927,87821.66413769925,17095
2011-02-01,600019,11.11,11.02,11.12,10.97,208086,142811111.0,1.35,-0.54,-0.06,0.12,-1027.3954270000104,2386,19,276206.86871069926,257362.66871069925,1710
2011-02-09,600019,10.97,10.97,11.05,10.92,237873,162537151.0,1.18,-0.45,-0.05,0.14,-85.61255220003659,2387,16,276121.2561584992,268617.77615849924,684
2011-02-10,600019,10.95,11.07,11.1,10.89,382713,262146237.0,1.91,0.91,0.1,0.22,68.36977890005801,2388,14,276189.6259373993,271639.85593739926,411
2011-02-11,600019,11.06,11.18,11.3,11.03,732305,513453537.0,2.44,0.99,0.11,0.42,44.3952015999821,2389,3,276234.02113899926,190159.20113899925,7699
2011-02-14,600019,11.18,11.47,11.6,11.18,1115095,804495599.0,3.76,2.59,0.29,0.64,2231.7592517000157,2390,5,278465.7803906993,95083.42039069925,15988
2011-02-15,600019,11.51,11.41,11.6,11.41,615499,446104013.0,1.66,-0.52,-0.06,0.35,-959.6602953000111,2391,4,277506.12009539927,57053.510095399244,19321
2011-02-16,600019,11.41,11.66,11.72,11.41,947601,695330672.0,2.72,2.19,0.25,0.54,4828.447830400022,2392,18,282334.5679257993,237268.66792579927,3865
2011-02-17,600019,11.67,11.63,11.74,11.56,532484,391946451.0,1.54,-0.26,-0.03,0.3,-117.84801600000355,2393,8,282216.7199097993,47465.16990979924,20185
2011-02-18,600019,11.63,11.4,11.63,11.39,493812,357784276.0,2.06,-1.98,-0.23,0.28,-4644.390872000018,2394,18,277572.32903779927,231550.52903779925,4037
2011-02-21,600019,11.35,11.52,11.56,11.33,393844,283531844.0,2.02,1.05,0.12,0.22,482.12459519994445,2395,10,278054.4536329992,7.733632999239489,24136
2011-02-22,600019,11.53,11.18,11.56,11.16,718196,507811703.0,3.47,-2.95,-0.34,0.41,-8306.23999999999,2396,7,269848.2136329992,7.733632999239489,24136
2011-02-23,600019,11.17,11.16,11.24,11.07,368718,257041393.0,1.52,-0.18,-0.02,0.21,-482.71999999997206,2397,0,269365.49363299925,7.733632999239489,24136
2011-02-24,600019,11.16,11.12,11.16,11.01,507112,350052000.0,1.34,-0.36,-0.04,0.29,-966.2450880000251,2398,13,268399.2485449992,80515.72854499923,16896
2011-02-25,600019,11.08,11.01,11.08,10.94,697795,476689714.0,1.26,-0.99,-0.11,0.4,-1859.1234917999827,2399,7,266540.12505319924,24165.985053199227,22014
2011-02-28,600019,11.01,11.13,11.13,10.96,382016,263008900.0,1.54,1.09,0.12,0.22,2640.9449747999897,2400,13,269181.07002799923,97667.77002799923,15410
2011-03-01,600019,11.14,11.13,11.22,11.07,429740,298829850.0,1.35,0.0,0.0,0.25,-1.0290798000060022,2401,16,269180.0409481992,200574.72094819925,6164
2011-03-02,600019,11.07,11.05,11.13,11.01,372792,256539923.0,1.08,-0.72,-0.08,0.21,-493.4605609999271,2402,15,268686.5803871993,234630.48038719926,3082
2011-03-03,600019,11.08,11.11,11.21,11.05,751784,520665138.0,1.45,0.54,0.06,0.43,184.78312479995657,2403,14,268871.36351199925,248317.86351199925,1850
2011-03-04,600019,11.12,11.28,11.38,11.12,832262,585564702.0,2.34,1.53,0.17,0.48,314.39566000003833,2404,15,269185.7591719993,258751.75917199926,925
2011-03-07,600019,11.3,11.47,11.51,11.25,1088067,778757497.0,2.3,1.68,0.19,0.62,175.23258829995757,2405,2,269360.99176029925,207010.07176029927,5436
2011-03-08,600019,11.46,11.56,11.6,11.44,1078615,784477214.0,1.39,0.78,0.09,0.62,489.2400000000489,2406,0,269850.2317602993,207010.07176029927,5436
2011-03-09,600019,11.6,11.44,11.6,11.4,639076,461315194.0,1.73,-1.04,-0.12,0.36,-653.5620408000541,2407,6,269196.66971949924,82804.74971949926,16293
2011-03-10,600019,11.41,11.32,11.45,11.3,477573,340579406.0,1.31,-1.05,-0.12,0.27,-1955.8223331999616,2408,8,267240.8473862993,16570.767386299252,22144
2011-03-11,600019,11.28,11.28,11.34,11.21,350271,247464749.0,1.15,-0.35,-0.04,0.2,-885.7930504000396,2409,2,266355.05433589924,13265.694335899252,22437
2011-03-14,600019,11.56,11.46,11.68,11.41,1019662,740380489.0,2.39,1.6,0.18,0.58,4038.607054800028,2410,4,270393.6613906993,7971.121390699252,22899
2011-03-15,600019,11.46,11.61,11.62,11.22,946211,679797573.0,3.49,1.31,0.15,0.54,3434.770355399931,2411,10,273828.4317460992,6.581746099251177,23585
2011-03-16,600019,11.62,11.74,11.78,11.49,1428682,1055142370.0,2.5,1.12,0.13,0.82,2966.0500000000466,2412,1,276894.48174609925,6.581746099251177,23585
2011-03-17,600019,11.64,11.25,11.64,11.19,2077452,1489118946.0,3.83,-4.17,-0.49,1.19,-11656.650000000023,2413,6,265337.8317460992,6.581746099251177,23585
2011-03-18,600019,11.32,11.19,11.36,11.17,1457523,1025514507.0,1.69,-0.53,-0.06,0.83,-1415.8916924999794,2414,13,263921.94005359925,79175.04005359925,16510
2011-03-21,600019,11.22,11.18,11.27,11.13,668546,467979126.0,1.25,-0.09,-0.01,0.38,-165.17915440001525,2415,1,263756.76089919923,71259.52089919925,17218
2011-03-22,600019,11.19,11.16,11.22,11.07,481787,334812536.0,1.34,-0.18,-0.02,0.28,-344.7875395999872,2416,6,263411.97335959924,28505.133359599255,21049
2011-03-23,600019,11.13,11.23,11.24,11.12,462008,323487710.0,1.08,0.63,0.07,0.26,1473.2020309999934,2417,8,264885.17539059924,5708.00539059925,23079
2011-03-24,600019,11.23,11.17,11.24,11.16,434031,303653574.0,0.71,-0.53,-0.06,0.25,-1385.5132990999846,2418,13,263499.66209149925,83037.14209149926,16156
2011-03-25,600019,11.19,11.21,11.28,11.14,1068507,750935272.0,1.25,0.36,0.04,0.61,645.907959800039,2419,4,264145.5700512993,49832.79005129926,19118
2011-03-28,600019,11.28,11.44,11.51,11.27,1472245,1058324336.0,2.14,2.05,0.23,0.84,4395.827831999981,2420,16,268541.3978832993,181048.27788329925,7648
2011-03-29,600019,11.44,11.39,11.61,11.36,1327317,961259195.0,2.19,-0.44,-0.05,0.76,-383.66725140000926,2421,7,268157.73063189926,54321.87063189923,18774
2011-03-30,600019,11.4,11.41,11.45,11.27,693006,494013393.0,1.58,0.18,0.02,0.4,373.98061189992586,2422,17,268531.7112437992,204259.18124379922,5633
2011-03-31,600019,11.44,11.28,11.45,11.27,547346,390094785.0,1.58,-1.14,-0.13,0.31,-733.923907999997,2423,8,267797.7873357992,40866.74733579921,20118
2011-04-01,600019,11.29,11.38,11.39,11.24,482538,342498849.0,1.33,0.89,0.1,0.28,2011.4731664000428,2424,8,269809.26050219923,8183.060502199209,22990
2011-04-06,600019,11.33,11.47,11.6,11.32,1204408,871187970.0,2.46,0.79,0.09,0.69,2067.254132900038,2425,17,271876.5146350993,192767.92463509925,6897
2011-04-07,600019,11.47,11.5,11.62,11.45,999082,726923353.0,1.48,0.26,0.03,0.57,206.43413000000874,2426,16,272082.9487650993,240354.44876509925,2759
2011-04-08,600019,11.44,11.49,11.53,11.38,809365,584299233.0,1.3,-0.09,-0.01,0.46,-28.79173910000827,2427,5,272054.1570259993,120179.33702599924,13218
2011-04-11,600019,11.52,11.57,11.75,11.44,2129293,1567425900.0,2.7,0.7,0.08,1.22,1056.0636327999528,2428,19,273110.2206587992,257814.68065879925,1322
2011-04-12,600019,11.5,11.83,12.02,11.45,2758699,2069739798.0,4.93,2.25,0.26,1.58,341.1418881000136,2429,10,273451.36254689924,0.9125468992278911,23115
2011-04-13,600019,11.74,11.75,11.77,11.62,950378,703402091.0,1.27,-0.68,-0.08,0.54,-1949.2000000000116,2430,1,271602.1625468992,0.9125468992278911,23115
2011-04-14,600019,11.75,11.71,11.84,11.69,792282,591508213.0,1.28,-0.34,-0.04,0.45,-926.7654131999589,2431,18,270675.39713369927,216540.06713369925,4623
2011-04-15,600019,11.68,11.58,11.68,11.45,896644,655023180.0,1.96,-1.11,-0.13,0.51,-602.0726142000058,2432,5,270073.32451949926,108277.56451949925,13972
2011-04-18,600019,11.56,11.66,11.72,11.5,753526,553873248.0,1.9,0.69,0.08,0.43,1117.1104213999934,2433,6,271190.43494089926,43319.05494089925,19543
2011-04-19,600019,11.6,11.62,11.8,11.5,851548,627332857.0,2.57,-0.34,-0.04,0.49,-781.9364806000376,2434,5,270408.4984602992,21670.778460299254,21406
2011-04-20,600019,11.62,11.52,11.64,11.5,515381,375363937.0,1.2,-0.86,-0.1,0.29,-2142.0795135999797,2435,16,268266.41894669924,169620.65894669923,8563
2011-04-21,600019,11.53,11.61,11.78,11.52,1042179,769259979.0,2.26,0.78,0.09,0.6,769.1435171999619,2436,9,269035.5624638992,16970.85246389921,21711
2011-04-22,600019,11.64,11.58,11.71,11.53,618186,454117611.0,1.55,-0.26,-0.03,0.35,-651.380836199969,2437,3,268384.18162769923,11887.18162769921,22150
2011-04-25,600019,11.53,11.34,11.55,11.29,795482,569258246.0,2.25,-2.07,-0.24,0.45,-5317.255905000027,2438,15,263066.9257226992,137476.4257226992,11075
2011-04-26,600019,11.33,11.3,11.38,11.27,356029,252869969.0,0.97,-0.35,-0.04,0.2,-443.82478700001957,2439,6,262623.1009356992,54996.90093569919,18374
2011-04-27,600019,11.35,11.24,11.4,11.17,687306,486810850.0,2.04,-0.53,-0.06,0.39,-1102.8529576,2440,12,261520.24797809919,96292.24797809919,14700
2011-04-28,600019,11.25,11.07,11.29,11.01,604405,422313206.0,2.49,-1.51,-0.17,0.35,-2499.288816300017,2441,3,259020.95916179917,67410.32916179918,17309
2011-05-03,600019,11.18,11.25,11.28,11.11,484135,338890808.0,1.54,1.63,0.18,0.28,3115.5526125000033,2442,1,262136.51177429917,60671.51177429918,17908
2011-05-04,600019,11.23,11.08,11.23,11.02,567189,393140796.0,1.87,-1.51,-0.17,0.32,-3045.153660399985,2443,14,259091.3581138992,140036.75811389918,10745
2011-05-05,600019,11.03,11.16,11.23,10.99,491749,340128618.0,2.17,0.72,0.08,0.28,858.8805147999956,2444,16,259950.23862869918,211984.5586286992,4298
2011-05-06,600019,11.05,11.06,11.11,11.0,363045,249780871.0,0.99,-0.9,-0.1,0.21,-430.8598798000021,2445,5,259519.37874889918,105995.51874889917,13881
2011-05-09,600019,11.07,11.06,11.13,11.02,249425,172052601.0,0.99,0.0,0.0,0.14,-0.10595480000483803,2446,1,259519.27279409918,95399.93279409916,14839
2011-05-10,600019,11.07,11.08,11.1,10.99,285542,196514825.0,0.99,0.18,0.02,0.16,295.957974799996,2447,15,259815.23076889917,177601.63076889917,7420
2011-05-11,600019,11.07,11.03,11.08,10.99,248203,170420391.0,0.81,-0.45,-0.05,0.14,-371.88791500002844,2448,5,259443.34285389914,88809.24285389917,15470
2011-05-12,600019,11.0,10.88,11.05,10.86,450879,306885189.0,1.72,-1.36,-0.15,0.26,-2320.677561599965,2449,2,257122.66529229918,71052.90529229917,17102
2011-05-13,600019,10.88,10.84,10.91,10.71,658921,439220870.0,1.84,-0.37,-0.04,0.38,-684.4352268000366,2450,5,256438.23006549914,35529.87006549916,20379
2011-05-16,600019,10.8,10.73,10.83,10.71,368266,244758442.0,1.11,-1.01,-0.11,0.21,-2241.761032599956,2451,2,254196.4690328992,28426.539032899163,21041
2011-05-17,600019,10.73,10.8,10.84,10.71,325040,216596144.0,1.21,0.65,0.07,0.19,1472.1883040000102,2452,13,255668.6573368992,96595.45733689917,14729
2011-05-18,600019,10.81,10.85,10.88,10.79,354348,237869270.0,0.83,0.46,0.05,0.2,735.9670664999867,2453,5,256404.62440339918,48301.62440339917,19180
2011-05-19,600019,10.86,10.75,10.88,10.69,620595,412098148.0,1.75,-0.92,-0.1,0.35,-1918.2414450000215,2454,5,254486.38295839916,24156.882958399165,21426
2011-05-20,600019,10.73,10.71,10.74,10.69,391969,259038309.0,0.47,-0.37,-0.04,0.22,-857.08830209999,2455,2,253629.29465629917,19326.624656299166,21877
2011-05-23,600019,10.69,10.47,10.73,10.46,518334,336910450.0,2.52,-2.24,-0.24,0.3,-5251.854292200005,2456,16,248377.44036409917,156754.47036409916,8751
2011-05-24,600019,10.49,10.44,10.51,10.36,463412,295112622.0,1.43,-0.29,-0.03,0.26,-262.62135000000126,2457,11,248114.81901409916,165889.37901409916,7876
2011-05-25,600019,10.44,10.39,10.45,10.38,243793,155017772.0,0.67,-0.48,-0.05,0.14,-394.29757709999103,2458,3,247720.52143699917,116131.17143699917,12665
2011-05-26,600019,10.42,10.38,10.44,10.36,278229,176690723.0,0.77,-0.1,-0.01,0.16,-127.57018700000481,2459,17,247592.95124999917,208148.95124999917,3800
2011-05-27,600019,10.39,10.34,10.42,10.31,385728,244040133.0,1.06,-0.39,-0.04,0.22,-152.19646000000648,2460,15,247440.75478999916,227794.75478999916,1900
2011-05-30,600019,10.35,10.27,10.36,10.23,416395,260894726.0,1.26,-0.68,-0.07,0.24,-134.1389429999981,2461,5,247306.61584699916,113899.31584699916,12990
2011-05-31,600019,10.29,10.42,10.42,10.28,537989,339759589.0,1.36,1.46,0.15,0.31,1947.1464419999975,2462,20,249253.76228899916,249253.76228899916,0
2011-06-01,600019,10.41,10.39,10.42,10.35,435823,276015112.0,0.67,-0.29,-0.03,0.25,-2.243201000004774,2463,9,249251.51908799916,24931.41908799915,21590
2011-06-02,600019,10.34,10.41,10.44,10.31,502691,317613735.0,1.25,0.19,0.02,0.29,429.55248099999153,2464,20,249681.07156899915,249681.07156899915,0
2011-06-03,600019,10.41,10.47,10.5,10.38,341249,218023481.0,1.15,0.58,0.06,0.19,-2.4967809000227135,2465,10,249678.57478809913,0.4847880991001148,23847
2011-06-07,600019,10.49,10.56,10.57,10.47,385601,248642596.0,0.96,0.86,0.09,0.22,2046.2299999999814,2466,4,251824.8047880991,0.4847880991001148,23847
2011-06-08,600019,10.57,10.57,10.6,10.46,492793,318768117.0,1.33,0.09,0.01,0.28,236.2014666000032,2467,19,252061.0062546991,226851.5562546991,2385
2011-06-09,600019,10.57,10.41,10.57,10.4,379789,231924994.0,1.61,-1.51,-0.16,0.22,-382.5073356000066,2468,4,251678.4989190991,136117.0889190991,11101
2011-06-10,600019,10.38,10.41,10.44,10.33,350792,211189565.0,1.06,0.0,0.0,0.2,-0.6805016999715008,2469,5,251677.81841739913,68066.2384173991,17638
2011-06-13,600019,10.39,10.35,10.39,10.27,230300,137765097.0,1.15,-0.58,-0.06,0.13,-1060.1055330000236,2470,20,250617.7128843991,250617.7128843991,0
2011-06-14,600019,10.33,10.41,10.44,10.3,310370,187398147.0,1.35,0.58,0.06,0.18,-1.5036204000061844,2471,6,250616.2092639991,100254.1692639991,14444
2011-06-15,600019,10.41,10.39,10.51,10.36,359871,218652378.0,1.44,-0.19,-0.02,0.21,-289.48147709999466,2472,6,250326.7277868991,40105.85778689908,20233
2011-06-16,600019,10.34,10.27,10.35,10.27,309150,184413850.0,0.77,-1.15,-0.12,0.18,-2428.28083480004,2473,8,247898.44695209907,8022.056952099083,23357
2011-06-17,600019,10.28,10.24,10.34,10.23,278589,165655191.0,1.07,-0.29,-0.03,0.16,-700.7420511999808,2474,4,247197.7049008991,4816.904900899082,23670
2011-06-20,600019,10.24,10.13,10.27,10.11,321591,188497949.0,1.56,-1.07,-0.11,0.18,-2604.1795541999745,2475,12,244593.5253466991,52771.84534669909,18936
2011-06-21,600019,10.14,10.2,10.22,10.12,291353,170784476.0,0.99,0.69,0.07,0.17,1325.2562279999838,2476,5,245918.7815746991,26394.38157469909,21522
2011-06-22,600019,10.23,10.17,10.24,10.12,225318,132305511.0,1.18,-0.29,-0.03,0.13,-645.7919048999902,2477,5,245272.9896697991,13203.75966979909,22819
2011-06-23,600019,10.16,10.25,10.28,10.11,399134,234403970.0,1.67,0.79,0.08,0.23,1825.2861974999832,2478,11,247098.2758672991,36583.77586729909,20538
2011-06-24,600019,10.22,10.42,10.46,10.2,710358,427967749.0,2.54,1.66,0.17,0.41,3490.389970199991,2479,15,250588.66583749908,143585.6858374991,10269
2011-06-27,600019,10.41,10.41,10.45,10.35,474459,286753240.0,0.96,-0.1,-0.01,0.27,-103.98208919999888,2480,9,250484.68374829908,14375.47374829909,22681
2011-06-28,600019,10.39,10.36,10.41,10.31,335782,201543892.0,0.96,-0.48,-0.05,0.19,-1134.1792928000214,2481,9,249350.50445549906,1446.0644554990904,23929
2011-06-29,600019,10.38,10.25,10.38,10.25,427672,255637750.0,1.25,-1.06,-0.11,0.24,-2632.680462499964,2482,12,246717.8239929991,50491.823992999096,19144
2011-06-30,600019,10.27,10.38,10.39,10.27,499531,300218330.0,1.17,1.27,0.13,0.29,2488.518108999997,2483,4,249206.3421019991,30302.522101999093,21089
2011-07-01,600019,10.38,10.35,10.4,10.33,362892,218426541.0,0.67,-0.29,-0.03,0.21,-632.8214205000259,2484,5,248573.52068149907,15160.320681499094,22552
2011-07-04,600019,10.38,10.53,10.55,10.35,803040,490874411.0,1.93,1.74,0.18,0.46,4058.647645500023,2485,13,252632.1683269991,86395.0583269991,15787
2011-07-05,600019,10.56,10.53,10.58,10.51,494494,304797928.0,0.66,0.0,0.0,0.28,-0.17269199999282137,2486,2,252631.9956349991,69125.6856349991,17427
2011-07-06,600019,10.53,10.46,10.53,10.4,515089,313507465.0,1.23,-0.66,-0.07,0.29,-1220.8013797999884,2487,15,251411.1942551991,160262.7542551991,8714
2011-07-07,600019,10.44,10.44,10.5,10.41,380795,231652968.0,0.86,-0.19,-0.02,0.22,-174.92101600003662,2488,4,251236.27323919907,96160.5132391991,14854
2011-07-08,600019,10.46,10.41,10.46,10.36,749945,453741871.0,0.96,-0.29,-0.03,0.43,-445.61999999993714,2489,0,250790.65323919913,96160.5132391991,14854
2011-07-11,600019,10.39,10.41,10.42,10.35,522304,315478513.0,0.67,0.0,0.0,0.3,-0.8653833000280429,2490,9,250789.7878558991,9621.317855899106,23167
2011-07-12,600019,10.38,10.24,10.38,10.24,660690,393593753.0,1.34,-1.63,-0.17,0.38,-3939.1016799999925,2491,13,246850.6861758991,80788.60617589911,16217
2011-07-13,600019,10.25,10.33,10.33,10.25,362030,215628573.0,0.78,0.88,0.09,0.21,1459.027445500018,2492,13,248309.71362139913,131043.55362139911,11352
2011-07-14,600019,10.31,10.3,10.33,10.24,497361,295971137.0,0.87,-0.29,-0.03,0.28,-341.2615330000408,2493,16,247968.4520883991,201196.1520883991,4541
2011-07-15,600019,10.28,10.35,10.38,10.24,614410,367039610.0,1.36,0.49,0.05,0.35,226.62709900000482,2494,19,248195.0791873991,243485.8291873991,455
2011-07-18,600019,10.34,10.33,10.35,10.3,278158,166595077.0,0.48,-0.19,-0.02,0.16,-11.29130290003377,2495,9,248183.78788449906,24353.34788449906,21668
2011-07-19,600019,10.3,10.25,10.31,10.23,388331,230463857.0,0.77,-0.77,-0.08,0.22,-1734.5504850000143,2496,15,246449.23739949905,135400.73739949905,10834
2011-07-20,600019,10.28,10.24,10.3,10.22,355569,210776101.0,0.78,-0.1,-0.01,0.2,-108.8814912000089,2497,4,246340.35590829904,81251.07590829904,16122
2011-07-21,600019,10.25,10.2,10.27,10.19,280434,165674730.0,0.78,-0.39,-0.04,0.16,-644.961192000017,2498,1,245695.39471629902,73131.79471629905,16918
2011-07-22,600019,10.22,10.22,10.24,10.19,204139,120492790.0,0.49,0.2,0.02,0.12,338.36000000004424,2499,0,246033.75471629907,73131.79471629905,16918
2011-07-25,600019,10.19,10.1,10.19,10.06,490931,285728012.0,1.27,-1.17,-0.12,0.28,-2031.185150000034,2500,16,244002.56956629903,175645.76956629904,6768
2011-07-26,600019,10.07,10.12,10.12,10.06,193521,112199784.0,0.59,0.2,0.02,0.11,134.67507840000326,2501,20,244137.24464469904,244137.24464469904,0
2011-07-27,600019,10.1,10.11,10.12,10.06,293622,170060372.0,0.59,-0.1,-0.01,0.17,-2.197105200000806,2502,9,244135.04753949904,24424.527539499046,21732
2011-07-28,600019,10.07,10.07,10.1,10.05,217245,125424461.0,0.49,-0.4,-0.04,0.12,-871.4684123999614,2503,20,243263.57912709907,243263.57912709907,0
2011-07-29,600019,10.07,10.11,10.16,10.01,291655,168792613.0,1.49,0.4,0.04,0.17,-500.0,2504,18,243263.57912709907,243263.57912709907,0
2011-08-01,600019,10.11,10.1,10.12,10.07,173378,100505652.0,0.49,-0.1,-0.01,0.1,-1.4595510000071954,2505,6,243262.11957609907,97307.01957609906,14451
2011-08-02,600019,10.06,9.99,10.07,9.95,285291,162721188.0,1.19,-1.09,-0.11,0.16,-1589.9019078000274,2506,3,241672.21766829904,68115.94766829906,17373
2011-08-03,600019,9.95,9.95,10.11,9.91,331191,189461737.0,2.0,-0.4,-0.04,0.19,-695.4648619999934,2507,8,240976.75280629905,13629.202806299065,22849
2011-08-04,600019,9.96,9.97,10.01,9.92,224534,127715838.0,0.9,0.2,0.02,0.13,456.87102790005156,2508,8,241433.6238341991,2731.883834199063,23942
2011-08-05,600019,9.83,9.75,9.84,9.73,556851,309018992.0,1.1,-2.21,-0.22,0.32,-5267.25092000002,2509,4,236166.37291419908,1639.872914199063,24054
2011-08-08,600019,9.7,9.4,9.73,9.34,595355,317073934.0,4.0,-3.59,-0.35,0.34,-8418.91466400001,2510,9,227747.45825019907,173.45825019906283,24210
2011-08-09,600019,9.23,9.36,9.38,9.16,593027,303543109.0,2.34,-0.43,-0.04,0.34,-968.4016848000174,2511,10,226779.05656539905,4.976565399062821,24228
2011-08-10,600019,9.44,9.45,9.55,9.35,663041,349638627.0,2.14,0.96,0.09,0.38,2080.5199999999895,2512,1,228959.57656539904,4.976565399062821,24228
2011-08-11,600019,9.35,9.47,9.49,9.31,466301,244746662.0,1.9,0.21,0.02,0.27,384.5600000000268,2513,8,229444.13656539907,4.976565399062821,24228
2011-08-12,600019,9.5,9.51,9.56,9.47,394136,209918002.0,0.95,0.42,0.04,0.23,967.046344500006,2514,19,230411.18290989907,207368.45290989906,2423
2011-08-15,600019,9.52,9.58,9.59,9.5,309696,165747736.0,0.95,0.74,0.07,0.18,167.5364089999639,2515,10,230578.71931889903,7.27931889903266,24068
2011-08-16,600019,9.58,9.55,9.63,9.53,278180,149380002.0,1.04,-0.31,-0.03,0.16,-822.039999999979,2516,5,229856.67931889906,7.27931889903266,24068
2011-08-17,600019,9.53,9.52,9.56,9.51,136426,72871395.0,0.52,-0.31,-0.03,0.08,-822.0400000000373,2517,1,229134.63931889902,7.27931889903266,24068
2011-08-18,600019,9.53,9.4,9.56,9.39,252955,133770839.0,1.79,-1.26,-0.12,0.14,-2988.1599999999744,2518,5,226246.47931889904,7.27931889903266,24068
2011-08-19,600019,9.3,9.33,9.35,9.25,321813,165626411.0,1.06,-0.74,-0.07,0.18,-1784.7600000000093,2519,1,224561.71931889903,7.27931889903266,24068
2011-08-22,600019,9.34,9.3,9.36,9.29,168147,86865938.0,0.75,-0.32,-0.03,0.1,-822.039999999979,2520,4,223839.67931889906,7.27931889903266,24068
2011-08-23,600019,9.31,9.41,9.42,9.31,177510,92324457.0,1.18,1.18,0.11,0.1,2547.4799999999814,2521,2,226487.15931889904,7.27931889903266,24068
2011-08-24,600019,9.42,9.42,9.49,9.41,208791,109974026.0,0.85,0.11,0.01,0.12,239.31975199998124,2522,16,226726.47907089902,136030.71907089904,9628
2011-08-25,600019,9.42,9.64,9.66,9.42,562192,302640992.0,2.55,2.34,0.22,0.32,2117.7519388000364,2523,3,228844.23100969905,95224.19100969903,13861
2011-08-26,600019,9.62,9.63,9.64,9.58,249636,134842034.0,0.62,-0.1,-0.01,0.14,-138.99086650001118,2524,4,228705.24014319904,57137.16014319903,17816
2011-08-29,600019,9.58,9.53,9.59,9.5,246573,132000423.0,0.93,-1.04,-0.1,0.14,-1781.9395539000107,2525,12,226923.30058929903,91092.21058929904,14253
2011-08-30,600019,9.58,9.52,9.64,9.5,272713,146618596.0,1.47,-0.1,-0.01,0.16,-142.52999999999884,2526,0,226780.77058929903,91092.21058929904,14253
2011-08-31,600019,9.5,9.47,9.51,9.41,237714,125335839.0,1.05,-0.53,-0.05,0.14,-712.8321081000031,2527,2,226067.93848119903,72881.21848119903,16176
2011-09-01,600019,9.47,9.45,9.52,9.41,202979,107141555.0,1.16,-0.21,-0.02,0.12,-323.67280649999157,2528,11,225744.26567469904,88161.71567469904,14559
2011-09-02,600019,9.45,9.4,9.45,9.38,166022,86895336.0,0.74,-0.53,-0.05,0.09,-728.7433600000222,2529,9,225015.52231469902,8824.922314699026,22999
2011-09-05,600019,9.36,9.29,9.36,9.28,175004,90292260.0,0.85,-1.17,-0.11,0.1,-2530.7445870999945,2530,14,222484.77772759902,94282.77772759902,13800
2011-09-06,600019,9.24,9.27,9.31,9.24,183903,94182166.0,0.75,-0.22,-0.02,0.11,-277.1513339999947,2531,19,222207.62639359903,209415.02639359902,1380
2011-09-07,600019,9.3,9.4,9.4,9.3,224227,116354716.0,1.08,1.4,0.13,0.13,178.56245999998646,2532,4,222386.18885359901,125660.18885359901,10290
2011-09-08,600019,9.42,9.35,9.45,9.34,134654,70146387.0,1.17,-0.53,-0.05,0.08,-514.7886345000006,2533,13,221871.400219099,154523.35021909903,7203
2011-09-09,600019,9.39,9.35,9.45,9.31,164526,85744577.0,1.5,0.0,0.0,0.09,-0.2019600000057835,2534,13,221871.198259099,174719.14825909902,5043
2011-09-13,600019,9.27,9.3,9.31,9.24,135690,69593981.0,0.75,-0.53,-0.05,0.08,-252.84880199999316,2535,4,221618.34945709902,104838.24945709901,12557
2011-09-14,600019,9.33,9.33,9.35,9.24,204152,104939883.0,1.18,0.32,0.03,0.12,376.2907097999996,2536,4,221994.64016689901,62908.81016689901,17051
2011-09-15,600019,9.34,9.31,9.36,9.3,180036,93092761.0,0.64,-0.21,-0.02,0.1,-341.334491799993,2537,5,221653.30567509902,31459.31567509901,20429
2011-09-16,600019,9.34,9.29,9.36,9.28,139064,71821282.0,0.86,-0.21,-0.02,0.08,-408.61140020002495,2538,1,221244.694274899,28319.26427489901,20767
2011-09-19,600019,9.25,9.2,9.27,9.19,156943,79763767.0,0.86,-0.97,-0.09,0.09,-1869.143252000009,2539,4,219375.551022899,16993.95102289901,21998
2011-09-20,600019,9.2,9.2,9.24,9.16,151360,76574065.0,0.87,0.0,0.0,0.09,0.0,2540,0,219375.551022899,16993.95102289901,21998
2011-09-21,600019,9.2,9.33,9.34,9.18,385504,198215276.0,1.74,1.41,0.13,0.22,2858.098106600024,2541,18,222233.649129499,181181.649129499,4400
2011-09-22,600019,9.28,9.18,9.29,9.18,221610,112829468.0,1.18,-1.61,-0.15,0.13,-660.0,2542,0,221573.649129499,181181.649129499,4400
2011-09-23,600019,9.11,9.11,9.17,9.07,328171,163550950.0,1.09,-0.76,-0.07,0.19,-308.28058799999417,2543,17,221265.36854149902,209240.168541499,1320
2011-09-26,600019,9.11,9.07,9.13,9.05,270490,134666137.0,0.88,-0.44,-0.04,0.15,-52.83591720002005,2544,13,221212.532624299,212831.852624299,924
2011-09-27,600019,9.12,9.27,9.31,9.12,598140,304389856.0,2.09,2.21,0.2,0.34,184.37441429999308,2545,2,221396.907038599,170272.857038599,5515
2011-09-28,600019,9.3,9.23,9.31,9.17,287722,146668766.0,1.51,-0.43,-0.04,0.16,-220.94049470001482,2546,2,221175.96654389898,136223.046543899,9204
2011-09-29,600019,9.19,9.22,9.27,9.17,215496,109547636.0,1.08,-0.11,-0.01,0.12,-92.99344019996352,2547,7,221082.973103699,40878.07310369899,19545
2011-09-30,600019,9.24,9.24,9.25,9.19,217660,110783119.0,0.65,0.22,0.02,0.12,390.17761679997784,2548,14,221473.150720499,113115.670720499,11727
2011-10-10,600019,9.24,9.24,9.3,9.22,173821,88990606.0,0.87,0.0,0.0,0.1,-1.1310683999909088,2549,10,221472.019652099,7.699652098992374,23968
2011-10-11,600019,9.35,9.29,9.39,9.23,338027,174095782.0,1.73,0.54,0.05,0.19,1196.3960540999833,2550,19,222668.41570619898,200400.28570619898,2397
2011-10-12,600019,9.25,9.44,9.45,9.23,523960,273208160.0,2.37,1.61,0.15,0.3,357.5460768000048,2551,10,223025.961782999,5.9617829989874735,23625
2011-10-13,600019,9.4,9.51,9.61,9.36,562049,297590480.0,2.65,0.74,0.07,0.32,1651.5032625000167,2552,20,224677.465045499,224677.465045499,0
2011-10-14,600019,9.45,9.45,9.5,9.39,236659,124391874.0,1.16,-0.63,-0.06,0.14,-1.3480425000016112,2553,6,224676.117002999,89871.867002999,14265
2011-10-17,600019,9.46,9.42,9.53,9.4,192508,101525168.0,1.38,-0.32,-0.03,0.11,-428.489200800017,2554,6,224247.627802199,35951.247802198995,19989
2011-10-18,600019,9.39,9.24,9.4,9.18,362108,186164130.0,2.34,-1.91,-0.18,0.21,-3598.3794359999883,2555,10,220649.248366199,7.288366198998119,23879
2011-10-19,600019,9.25,9.28,9.31,9.25,149916,76895528.0,0.65,0.43,0.04,0.09,953.1656352000136,2556,19,221602.414001399,199441.774001399,2388
2011-10-20,600019,9.24,9.19,9.28,9.14,229604,116406929.0,1.51,-0.97,-0.09,0.13,-216.91432190005435,2557,10,221385.49967949896,7.58967949898215,24089
2011-10-21,600019,9.2,9.2,9.24,9.19,157111,79770906.0,0.54,0.11,0.01,0.09,140.89000000001397,2558,10,221626.38967949897,7.58967949898215,24089
2011-10-24,600019,9.22,9.36,9.38,9.19,296693,152828320.0,2.07,1.74,0.16,0.17,3754.2399999999907,2559,4,225480.62967949896,7.58967949898215,24089
2011-10-25,600019,9.36,9.41,9.44,9.29,307048,160105651.0,1.6,0.53,0.05,0.18,1203.7700334000401,2560,13,226684.399712899,68003.56971289899,16863
2011-10-26,600019,9.38,9.47,9.56,9.36,542880,287148496.0,2.13,0.64,0.06,0.31,1011.5080215999915,2561,4,227695.907734499,40805.45773449898,19735
2011-10-27,600019,9.47,9.47,9.57,9.46,301595,160574313.0,1.16,0.0,0.0,0.17,-0.040720999997574836,2562,1,227695.867013499,36733.31701349898,20165
2011-10-28,600019,9.55,9.56,9.58,9.49,465087,248564327.0,0.95,0.95,0.09,0.27,1814.6663523999741,2563,5,229510.53336589897,18368.373365898973,22086
2011-10-31,600019,9.5,9.45,9.51,9.44,428751,226427215.0,0.73,-1.15,-0.11,0.24,-2430.712219499983,2564,16,227079.821146399,143589.071146399,8835
2011-11-01,600019,9.41,9.42,9.5,9.39,333902,175815202.0,1.16,-0.32,-0.03,0.19,-266.34214140000404,2565,9,226813.47900499898,14373.639004998971,22552
2011-11-02,600019,9.36,9.47,9.49,9.33,429766,224527431.0,1.7,0.53,0.05,0.25,1127.4995233000081,2566,7,227940.978528299,4325.86852829897,23613
2011-11-03,600019,9.49,9.56,9.58,9.45,822600,439261424.0,1.37,0.95,0.09,0.47,2125.144092399976,2567,6,230066.12262069897,1735.0826206989695,23884
2011-11-04,600019,9.57,9.58,9.63,9.51,402650,216187358.0,1.26,0.21,0.02,0.23,476.99359299999196,2568,13,230543.11621369896,70375.09621369897,16719
2011-11-07,600019,9.58,9.56,9.66,9.55,400552,216390623.0,1.15,-0.21,-0.02,0.23,-334.8725311999733,2569,7,230208.24368249899,21121.48368249896,21871
2011-11-08,600019,9.59,9.5,9.62,9.45,458182,244135799.0,1.78,-0.63,-0.06,0.26,-1312.3021800000279,2570,2,228895.94150249896,16903.44150249896,22315
2011-11-09,600019,9.49,9.51,9.53,9.45,287898,152610354.0,0.84,0.11,0.01,0.16,223.14999999999418,2571,0,229119.09150249895,16903.44150249896,22315
2011-11-10,600019,9.46,9.42,9.57,9.39,532001,281164240.0,1.89,-0.95,-0.09,0.3,-2008.3837235999817,2572,2,227110.70777889897,13531.047778898961,22673
2011-11-11,600019,9.44,9.4,9.45,9.38,194473,101861602.0,0.74,-0.21,-0.02,0.11,-454.0992939999851,2573,13,226656.60848489898,77459.80848489897,15872
2011-11-14,600019,9.44,9.46,9.5,9.41,359421,189577368.0,0.96,0.64,0.06,0.21,952.2426172000123,2574,1,227608.851102099,69721.45110209897,16690
2011-11-15,600019,9.46,9.42,9.46,9.4,350935,184004846.0,0.63,-0.42,-0.04,0.2,-668.2288792000036,2575,14,226940.622222899,132608.742222899,10014
2011-11-16,600019,9.41,9.28,9.42,9.25,354653,183457320.0,1.8,-1.49,-0.14,0.2,-1402.0925183999934,2576,1,225538.529704499,119356.76970449899,11442
2011-11-17,600019,9.3,9.27,9.3,9.23,206976,105957076.0,0.75,-0.11,-0.01,0.12,-115.37481000000844,2577,8,225423.154894499,23874.81489449898,21742
2011-11-18,600019,9.23,9.19,9.25,9.17,334602,169460820.0,0.86,-0.86,-0.08,0.19,-1739.40769610001,2578,2,223683.74719839898,19105.15719839898,22261
2011-11-21,600019,9.19,9.24,9.24,9.17,146900,74398547.0,0.76,0.54,0.05,0.08,1112.8443176000146,2579,11,224796.591515999,39673.19151599899,20035
2011-11-22,600019,9.2,9.2,9.25,9.16,201890,102230446.0,0.97,-0.43,-0.04,0.12,-803.2432200000039,2580,20,223993.348295999,223993.348295999,0
2011-11-23,600019,9.19,9.16,9.22,9.14,169845,85587868.0,0.87,-0.43,-0.04,0.1,0.0,2581,0,223993.348295999,223993.348295999,0
2011-11-24,600019,9.12,9.14,9.17,9.11,154891,77654119.0,0.66,-0.22,-0.02,0.09,-500.0,2582,17,223993.348295999,223993.348295999,0
2011-11-25,600019,9.14,9.13,9.19,9.12,153318,76974038.0,0.77,-0.11,-0.01,0.09,-2.2398629000235815,2583,10,223991.10843309897,4.818433098960668,24533
2011-11-28,600019,9.17,9.09,9.17,9.05,300193,149598412.0,1.31,-0.44,-0.04,0.17,-1081.320000000007,2584,7,223009.78843309896,4.818433098960668,24533
2011-11-29,600019,9.12,9.13,9.14,9.08,217917,108814233.0,0.66,0.44,0.04,0.12,881.320000000007,2585,9,223991.10843309897,4.818433098960668,24533
2011-11-30,600019,9.12,8.92,9.12,8.89,389908,190554187.0,2.52,-2.3,-0.21,0.22,-5251.930000000022,2586,9,218839.17843309895,4.818433098960668,24533
2011-12-01,600019,9.02,9.01,9.09,8.97,429050,211513790.0,1.35,1.01,0.09,0.25,2107.970000000001,2587,5,221047.14843309895,4.818433098960668,24533
2011-12-02,600019,8.98,8.94,9.0,8.94,165894,80887533.0,0.67,-0.78,-0.07,0.09,-1718.8452661999909,2588,17,219328.30316689896,153529.90316689896,7360
2011-12-05,600019,8.95,8.97,8.97,8.89,189866,91801908.0,0.89,0.34,0.03,0.11,220.46990400002687,2589,15,219548.77307089898,186539.17307089898,3680
2011-12-12,600019,8.97,8.94,9.03,8.91,204834,100034661.0,1.34,-0.33,-0.03,0.12,-110.46579840002232,2590,12,219438.30727249896,193118.94727249898,2944
2011-12-13,600019,8.91,8.84,8.95,8.81,240257,115550411.0,1.57,-1.12,-0.1,0.14,-296.13794400001643,2591,9,219142.16932849895,19322.80932849896,22604
2011-12-14,600019,8.84,8.81,8.89,8.79,135046,64418040.0,1.13,-0.34,-0.03,0.08,-678.1199999999662,2592,0,218464.04932849898,19322.80932849896,22604
2011-12-15,600019,8.79,8.7,8.84,8.69,199253,93516483.0,1.7,-1.25,-0.11,0.11,-2486.6138260000153,2593,9,215977.43550249896,1940.0355024989585,24602
2011-12-16,600019,8.7,8.78,8.8,8.68,207486,97188134.0,1.38,0.92,0.08,0.12,1968.1426155999652,2594,9,217945.57811809893,201.5781180989586,24800
2011-12-19,600019,8.75,8.77,8.78,8.58,255238,118634777.0,2.28,-0.11,-0.01,0.15,-248.43499199996586,2595,12,217697.14312609896,43700.34312609896,19840
2011-12-20,600019,8.75,8.83,8.86,8.72,474518,225138063.0,1.6,0.68,0.06,0.27,1190.0496256000188,2596,12,218887.19275169898,78737.43275169897,15872
2011-12-21,600019,8.85,8.89,8.92,8.83,574960,276053680.0,1.02,0.68,0.06,0.33,951.9263508000004,2597,5,219839.11910249898,39372.11910249897,20300
2011-12-22,600019,8.85,8.88,8.92,8.79,444753,212747317.0,1.46,-0.11,-0.01,0.25,-203.15744239999913,2598,4,219635.96166009898,23627.721660098963,22073
2011-12-23,600019,8.86,8.95,8.97,8.83,335594,162487671.0,1.58,0.79,0.07,0.19,1545.039205499983,2599,3,221181.00086559897,16548.200865598963,22864
2011-12-26,600019,8.92,9.08,9.09,8.9,475575,233722752.0,2.12,1.45,0.13,0.27,2971.074405600026,2600,16,224152.075271199,141106.39527119897,9146
2011-12-27,600019,9.02,8.97,9.09,8.97,229155,112770378.0,1.32,-1.21,-0.11,0.13,-1007.1887848000333,2601,8,223144.88648639896,28226.786486398953,21730
2011-12-28,600019,8.97,9.01,9.03,8.95,192956,94438543.0,0.89,0.45,0.04,0.11,869.0871947999985,2602,4,224013.97368119896,16946.15368119895,22982
2011-12-29,600019,9.0,8.94,9.03,8.92,131436,64154192.0,1.22,-0.78,-0.07,0.08,-1608.841647800029,2603,6,222405.13203339893,6781.272033398951,24119
2011-12-30,600019,8.96,8.94,8.97,8.91,169291,82059858.0,0.67,0.0,0.0,0.1,-1.5093401999911293,2604,17,222403.62269319894,157713.78269319894,7236
2012-01-04,600019,8.95,8.95,8.97,8.9,297549,144351323.0,0.78,0.11,0.01,0.17,72.03618900000583,2605,15,222475.65888219894,190094.55888219894,3618
2012-01-05,600019,8.92,8.92,8.98,8.9,181986,88479946.0,0.89,-0.34,-0.03,0.1,-109.87059639999643,2606,7,222365.78828579895,57033.588285798935,18535
2012-01-06,600019,8.92,9.0,9.02,8.9,228301,111453719.0,1.35,0.9,0.08,0.13,1482.7430299999833,2607,1,223848.53131579893,51336.53131579894,19168
2012-01-09,600019,9.0,9.07,9.08,8.94,359941,177429108.0,1.56,0.78,0.07,0.21,1340.716950000031,2608,16,225189.24826579896,155640.48826579895,7668
2012-01-10,600019,9.08,9.23,9.24,9.07,519725,262220808.0,1.87,1.76,0.16,0.3,1226.568764399999,2609,2,226415.81703019896,124516.61703019895,11040
2012-01-11,600019,9.24,9.19,9.35,9.19,500319,255622239.0,1.73,-0.43,-0.04,0.29,-442.0058304000122,2610,14,225973.81119979895,165099.25119979895,6624
2012-01-12,600019,9.19,9.2,9.25,9.18,158064,80162329.0,0.76,0.11,0.01,0.09,65.41457599998103,2611,5,226039.22577579893,82556.02577579895,15596
2012-01-13,600019,9.22,9.12,9.24,9.11,238659,120494034.0,1.41,-0.87,-0.08,0.14,-1247.9644527999917,2612,12,224791.26132299894,111001.02132299895,12477
2012-01-16,600019,9.09,9.2,9.25,9.07,377867,191558584.0,1.97,0.88,0.08,0.22,997.7160079999885,2613,4,225788.97733099893,66601.37733099895,17303
2012-01-17,600019,9.2,9.35,9.36,9.13,430664,220889127.0,2.5,1.63,0.15,0.25,2594.8028865000233,2614,14,228383.78021749895,131312.08021749894,10382
2012-01-18,600019,9.36,9.24,9.38,9.22,312635,161021985.0,1.71,-1.18,-0.11,0.18,-1142.939102800039,2615,7,227240.8411146989,39400.88111469893,20329
2012-01-19,600019,9.27,9.34,9.39,9.23,400654,207726008.0,1.73,1.08,0.1,0.23,2032.860678600031,2616,1,229273.70179329894,35468.70179329893,20750
2012-01-20,600019,9.34,9.36,9.39,9.29,197693,102518004.0,1.07,0.21,0.02,0.11,414.8581959999865,2617,4,229688.55998929893,21288.159989298932,22265
2012-01-30,600019,9.36,9.28,9.38,9.27,266052,137582500.0,1.18,-0.85,-0.08,0.15,-1781.613238400023,2618,12,227906.9467508989,62611.58675089893,17812
2012-01-31,600019,9.27,9.23,9.3,9.18,217752,110729539.0,1.29,-0.54,-0.05,0.12,-890.9129892999772,2619,5,227016.03376159893,31312.34376159893,21203
2012-02-01,600019,9.23,9.14,9.27,9.12,222005,112188483.0,1.63,-0.98,-0.09,0.13,-1908.3012587999692,2620,1,225107.73250279896,28186.432502798933,21545
2012-02-02,600019,9.17,9.22,9.22,9.12,200984,101172525.0,1.09,0.88,0.08,0.11,1723.5718789999664,2621,1,226831.30438179892,25374.30438179893,21850
2012-02-03,600019,9.18,9.22,9.22,9.14,255961,129292401.0,0.87,0.0,0.0,0.15,-0.4029139999765903,2622,12,226830.90146779895,65665.30146779894,17480
2012-02-06,600019,9.22,9.22,9.24,9.17,287144,145603704.0,0.76,0.0,0.0,0.16,-0.26258559999405406,2623,4,226830.63888219895,39406.478882198935,20328
2012-02-07,600019,9.19,9.11,9.22,9.09,252774,126739485.0,1.41,-1.19,-0.11,0.14,-2236.4345612000325,2624,9,224594.20432099892,3950.004320998938,24220
2012-02-08,600019,9.11,9.22,9.24,9.09,220897,111666509.0,1.65,1.21,0.11,0.13,2664.18819840005,2625,3,227258.39251939897,2769.8325193989376,24348
2012-02-09,600019,9.23,9.23,9.25,9.19,203278,103320492.0,0.65,0.11,0.01,0.12,243.46061699997517,2626,7,227501.85313639895,831.5131363989374,24558
2012-02-10,600019,9.2,9.25,9.33,9.2,300998,154307462.0,1.41,0.22,0.02,0.17,491.155929999979,2627,5,227993.00906639892,424.50906639893736,24602
2012-02-13,600019,9.22,9.25,9.31,9.2,232930,119054249.0,1.19,0.0,0.0,0.13,-0.0020349999831523746,2628,5,227993.00703139894,221.00703139893736,24624
2012-02-14,600019,9.25,9.22,9.29,9.2,109591,55799069.0,0.97,-0.32,-0.03,0.06,-738.7210141999822,2629,5,227254.28601719896,119.58601719893736,24635
2012-02-15,600019,9.22,9.28,9.3,9.2,193201,98936317.0,1.08,0.65,0.06,0.11,1478.0991647999617,2630,8,228732.38518199892,36.06518199893735,24644
2012-02-16,600019,9.27,9.22,9.28,9.19,216252,110141615.0,0.97,-0.65,-0.06,0.12,-1478.6402765999665,2631,10,227253.74490539895,8.404905398937341,24647
2012-02-17,600019,9.24,9.23,9.27,9.22,120018,61242178.0,0.54,0.11,0.01,0.07,146.46999999997206,2632,7,227500.21490539893,8.404905398937341,24647
2012-02-20,600019,9.28,9.23,9.3,9.22,157878,80656826.0,0.87,0.0,0.0,0.09,-2.04739859997062,2633,19,227498.16750679896,204746.21750679894,2465
2012-02-21,600019,9.24,9.23,9.27,9.2,181968,92561506.0,0.76,0.0,0.0,0.1,-0.22751950001111254,2634,20,227497.93998729895,227497.93998729895,0
2012-02-22,600019,9.23,9.27,9.27,9.18,407453,207208565.0,0.98,0.43,0.04,0.23,-2.2749507000262383,2635,10,227495.66503659892,0.5950365989410784,24541
2012-02-23,600019,9.25,9.29,9.36,9.23,484182,248927451.0,1.4,0.22,0.02,0.28,490.820000000007,2636,0,227986.48503659893,0.5950365989410784,24541
2012-02-24,600019,9.29,9.33,9.33,9.23,599531,307600512.0,1.08,0.43,0.04,0.34,980.0372926000273,2637,17,228966.52232919895,160269.73232919895,7363
2012-02-27,600019,9.33,9.35,9.39,9.33,860836,447171936.0,0.64,0.21,0.02,0.49,147.2600000000093,2638,0,229113.78232919896,160269.73232919895,7363
2012-02-28,600019,9.34,9.49,9.52,9.29,915998,479841824.0,2.46,1.5,0.14,0.52,1030.5405194999767,2639,14,230144.32284869894,188217.50284869893,4418
2012-02-29,600019,9.46,9.45,9.56,9.44,540416,286528672.0,1.26,-0.42,-0.04,0.31,-177.09573200001614,2640,19,229967.22711669892,225790.32711669893,442
2012-03-01,600019,9.46,9.4,9.47,9.38,261003,137072080.0,0.95,-0.53,-0.05,0.15,-23.228940000000875,2641,5,229943.99817669892,112895.19817669892,12452
2012-03-02,600019,9.4,9.42,9.44,9.34,797168,416013760.0,1.06,0.21,0.02,0.46,248.92714839999098,2642,1,230192.9253250989,101609.92532509891,13650
2012-03-05,600019,9.41,9.34,9.42,9.34,365587,190396112.0,0.85,-0.85,-0.08,0.21,-1092.8924370000022,2643,17,229100.0328880989,190852.73288809892,4095
2012-03-06,600019,9.33,9.28,9.34,9.27,309112,159261735.0,0.75,-0.64,-0.06,0.18,-246.6541695999913,2644,5,228853.37871849892,95434.81871849892,14377
2012-03-07,600019,9.25,9.24,9.3,9.22,300516,153500858.0,0.86,-0.43,-0.04,0.17,-575.3456500000029,2645,12,228278.03306849892,121999.55306849892,11502
2012-03-08,600019,9.24,9.28,9.29,9.23,226501,115938142.0,0.65,0.43,0.04,0.13,459.95806080001057,2646,1,228737.99112929893,109805.51112929892,12816
2012-03-09,600019,9.28,9.29,9.31,9.24,227701,116815865.0,0.75,0.11,0.01,0.13,127.80289239995182,2647,13,228865.79402169888,145515.9140216989,8972
2012-03-12,600019,9.28,9.25,9.3,9.24,183620,94039323.0,0.65,-0.43,-0.04,0.1,-359.04594499996165,2648,12,228506.74807669892,162110.24807669892,7178
2012-03-13,600019,9.25,9.29,9.29,9.23,249785,127822894.0,0.65,0.43,0.04,0.14,286.63376140000764,2649,3,228793.38183809893,113485.90183809891,12412
2012-03-14,600019,9.3,9.22,9.39,9.19,786407,405038448.0,2.15,-0.75,-0.07,0.45,-869.0688403999957,2650,12,227924.31299769893,136369.71299769892,9930
2012-03-16,600019,9.2,9.18,9.2,9.07,609685,305971328.0,1.41,-0.43,-0.04,0.35,-398.2908594000328,2651,8,227526.0221382989,27282.682138298915,21813
2012-03-19,600019,9.16,9.12,9.17,9.08,269848,135137621.0,0.98,-0.65,-0.06,0.15,-1308.978907199984,2652,11,226217.0432310989,47173.203231098916,19632
2012-03-20,600019,9.12,9.09,9.14,9.08,216594,108092061.0,0.66,-0.33,-0.03,0.12,-589.0070861999993,2653,1,225628.0361448989,42464.53614489891,20150
2012-03-21,600019,9.12,9.12,9.14,9.09,239120,119542907.0,0.55,0.33,0.03,0.14,604.4999999999709,2654,0,226232.53614489888,42464.53614489891,20150
2012-03-22,600019,9.12,9.09,9.14,9.07,108084,53874598.0,0.77,-0.33,-0.03,0.06,-604.4999999999709,2655,0,225628.0361448989,42464.53614489891,20150
2012-03-23,600019,9.09,9.01,9.09,9.0,228863,112854179.0,0.99,-0.88,-0.08,0.13,-1613.8155149999948,2656,20,224014.22062989892,224014.22062989892,0
2012-03-26,600019,9.0,9.02,9.05,8.97,188243,92535890.0,0.89,0.11,0.01,0.11,-1.120013400010066,2657,5,224013.1006164989,112011.76061649891,12417
2012-03-27,600019,9.03,9.07,9.13,9.01,203210,100701984.0,1.33,0.55,0.05,0.12,620.6247919000161,2658,12,224633.72540839892,134532.34540839892,9934
2012-03-28,600019,9.06,8.94,9.08,8.92,293467,143858160.0,1.76,-1.43,-0.13,0.17,-1291.5975484000228,2659,12,223342.1278599989,152287.0078599989,7948
2012-03-29,600019,8.94,8.81,8.94,8.8,315644,151514839.0,1.57,-1.45,-0.13,0.18,-1033.8491233999957,2660,4,222308.2787365989,91374.0587365989,14862
2012-03-30,600019,8.84,8.84,8.86,8.81,174995,83481408.0,0.57,0.34,0.03,0.1,445.4659127999912,2661,13,222753.7446493989,130782.38464939891,10404
2012-04-05,600019,8.84,8.9,8.92,8.81,247124,118466984.0,1.24,0.68,0.06,0.14,624.1092589999898,2662,1,223377.8539083989,117708.1539083989,11873
2012-04-06,600019,8.91,8.9,8.92,8.86,156377,75115163.0,0.67,0.0,0.0,0.09,0.0,2663,0,223377.8539083989,117708.1539083989,11873
2012-04-09,600019,8.89,8.85,8.9,8.84,162959,78056521.0,0.67,-0.56,-0.05,0.09,-594.3562300000049,2664,6,222783.49767839888,47084.447678398894,19853
2012-04-10,600019,8.84,8.86,8.86,8.74,286082,135745409.0,1.36,0.11,0.01,0.16,198.52999999999884,2665,0,222982.02767839888,47084.447678398894,19853
2012-04-11,600019,8.81,8.84,8.86,8.78,143492,68273520.0,0.9,-0.23,-0.02,0.08,-397.0599999999977,2666,0,222584.96767839888,47084.447678398894,19853
2012-04-12,600019,8.84,8.9,8.91,8.83,311093,149103520.0,0.9,0.68,0.06,0.18,1190.7562710000202,2667,9,223775.7239493989,4711.1239493988905,24614
2012-04-13,600019,8.89,8.91,8.94,8.89,254498,122784873.0,0.56,0.11,0.01,0.15,246.12119989999337,2668,4,224021.8451492989,2831.0951492988906,24825
2012-04-16,600019,8.88,8.89,8.91,8.86,220215,105862296.0,0.56,-0.22,-0.02,0.13,-497.60342679999303,2669,15,223524.2417224989,113172.67172249891,12413
2012-04-17,600019,8.9,8.88,8.94,8.86,253457,122057689.0,0.9,-0.11,-0.01,0.14,-124.35040159994969,2670,12,223399.89132089895,135212.61132089893,9931
2012-04-18,600019,8.9,8.97,9.0,8.88,330819,160295056.0,1.35,1.01,0.09,0.19,892.5732194999873,2671,9,224292.46454039894,13533.344540398917,23496
2012-04-19,600019,8.96,9.01,9.03,8.92,304898,148968893.0,1.23,0.45,0.04,0.17,939.8264849999687,2672,1,225232.2910253989,12181.831025398917,23646
2012-04-20,600019,8.98,9.11,9.13,8.97,305188,151043999.0,1.78,1.11,0.1,0.17,2364.502614099998,2673,8,227596.7936394989,2443.143639498916,24715
2012-04-23,600019,9.09,9.07,9.11,9.05,209020,103778397.0,0.66,-0.44,-0.04,0.12,-988.6048070999968,2674,2,226608.1888323989,1962.4288323989158,24768
2012-04-24,600019,9.03,9.06,9.12,8.96,348052,171709295.0,1.76,-0.11,-0.01,0.2,-247.6897847999644,2675,5,226360.49904759895,983.9390475989157,24876
2012-04-25,600019,9.03,9.11,9.13,9.01,280314,139358383.0,1.32,0.55,0.05,0.16,1243.7911632999603,2676,9,227604.2902108989,100.26021089891572,24973
2012-04-26,600019,9.12,9.12,9.14,9.07,219341,109400667.0,0.77,0.11,0.01,0.13,249.72999999998137,2677,0,227854.0202108989,100.26021089891572,24973
2012-05-02,600019,9.18,9.22,9.24,9.14,367416,186125768.0,1.1,1.1,0.1,0.21,2497.299907800043,2678,1,230351.32011869893,91.04011869891572,24974
2012-05-03,600019,9.22,9.19,9.22,9.17,170390,86281293.0,0.54,-0.33,-0.03,0.1,-849.2200000000303,2679,1,229602.1001186989,91.04011869891572,24974
2012-05-04,600019,9.19,9.22,9.23,9.17,226602,114961461.0,0.65,0.33,0.03,0.13,749.2193546000344,2680,8,230351.31947329894,26.499473298915703,24981
2012-05-07,600019,9.18,9.23,9.24,9.18,279817,141965766.0,0.65,0.11,0.01,0.16,249.34886920001009,2681,12,230600.66834249895,46139.11834249892,19985
2012-05-08,600019,9.22,9.16,9.22,9.13,390401,196851086.0,0.98,-0.76,-0.07,0.22,-1400.23139239999,2682,17,229200.43695009896,174277.07695009894,5996
2012-05-09,600019,9.13,9.06,9.14,9.03,310876,154354783.0,1.2,-1.09,-0.1,0.18,-600.1432376000157,2683,20,228600.29371249894,228600.29371249894,0
2012-05-10,600019,9.08,9.07,9.11,9.05,202263,100373564.0,0.66,0.11,0.01,0.12,-500.0,2684,11,228600.29371249894,228600.29371249894,0
2012-05-11,600019,9.06,9.02,9.07,9.01,148766,73435634.0,0.66,-0.55,-0.05,0.08,-0.2285668000113219,2685,1,228600.06514569893,205743.38514569894,2534
2012-05-14,600019,9.06,8.97,9.06,8.97,194438,95635986.0,1.0,-0.55,-0.05,0.11,-126.7453881999827,2686,12,228473.31975749895,210282.15975749894,2028
2012-05-15,600019,8.95,8.91,8.97,8.89,235525,113780853.0,0.89,-0.67,-0.06,0.13,-122.731380000012,2687,5,228350.58837749893,105143.10837749894,13828
2012-05-16,600019,8.91,8.86,8.91,8.83,220735,105795108.0,0.9,-0.56,-0.05,0.13,-691.8204956000263,2688,4,227658.7678818989,63093.12788189894,18574
2012-05-17,600019,8.86,8.9,8.92,8.83,227995,109202042.0,1.02,0.45,0.04,0.13,742.3290790000465,2689,10,228401.09696089895,0.39696089892822783,25663
2012-05-18,600019,8.88,8.86,8.92,8.84,207056,99289721.0,0.9,-0.45,-0.04,0.12,-1028.7937418000074,2690,20,227372.30321909895,227372.30321909895,0
2012-05-21,600019,8.85,8.88,8.9,8.85,123400,59248351.0,0.56,0.23,0.02,0.07,-2.0462184000061825,2691,9,227370.25700069894,22748.417000698915,23043
2012-05-22,600019,8.9,8.94,8.95,8.88,167107,80750896.0,0.79,0.68,0.06,0.1,1382.4890801999718,2692,4,228752.7460808989,13656.346080898915,24060
2012-05-23,600019,8.94,8.92,8.97,8.9,151794,73519533.0,0.78,-0.22,-0.02,0.09,-481.19999999998254,2693,0,228271.54608089893,13656.346080898915,24060
2012-05-24,600019,8.92,8.9,8.96,8.89,123625,59836249.0,0.78,-0.22,-0.02,0.07,-481.3092030000116,2694,8,227790.23687789892,2735.9368778989137,25287
2012-05-25,600019,8.9,8.88,8.96,8.86,216988,104692498.0,1.12,-0.22,-0.02,0.12,-505.75909199999296,2695,7,227284.47778589893,826.7177858989132,25502
2012-05-28,600019,8.89,8.97,8.98,8.88,372448,181074566.0,1.13,1.01,0.09,0.21,2294.9512649999815,2696,11,229579.4290508989,23699.989050898912,22952
2012-05-29,600019,9.0,9.0,9.06,8.96,389463,190882576.0,1.11,0.33,0.03,0.22,688.4415600000066,2697,5,230267.8706108989,11855.870610898912,24268
2012-05-30,600019,9.0,8.94,9.02,8.92,245002,119218235.0,1.11,-0.67,-0.06,0.14,-1456.0918008000008,2698,1,228811.7788100989,10675.778810098911,24400
2012-05-31,600019,8.94,8.92,8.95,8.89,278011,134514698.0,0.67,-0.22,-0.02,0.16,-488.0,2699,0,228323.7788100989,10675.778810098911,24400
2012-06-01,600019,8.92,8.92,8.95,8.9,129719,62858500.0,0.56,0.0,0.0,0.07,-0.031933600024785846,2700,3,228323.7468764989,7482.386876498911,24758
2012-06-04,600019,8.86,8.8,8.89,8.8,206630,98731333.0,1.01,-1.35,-0.12,0.12,-2971.0123599999642,2701,7,225352.73451649892,2246.3345164989105,25353
2012-06-05,600019,8.81,8.88,8.9,8.81,180896,86514787.0,1.02,0.91,0.08,0.1,2027.1143712000048,2702,15,227379.84888769893,114808.08888769892,12677
2012-06-06,600019,8.89,8.88,8.91,8.84,124448,59741640.0,0.79,0.0,0.0,0.07,0.0,2703,0,227379.84888769893,114808.08888769892,12677
2012-06-07,600019,8.91,8.88,8.92,8.85,147001,70709483.0,0.79,0.0,0.0,0.08,-1.0131192000117153,2704,19,227378.83576849892,216118.99576849892,1268
2012-06-08,600019,8.9,8.88,8.91,8.85,222525,106953054.0,0.68,0.0,0.0,0.13,-0.8643792000075337,2705,4,227377.9713892989,129680.2113892989,11002
2012-06-11,600019,8.86,8.85,8.88,8.78,154721,70546730.0,1.13,-0.34,-0.03,0.09,-330.6441885000095,2706,16,227047.3272007989,188098.4772007989,4401
2012-06-12,600019,8.81,8.67,8.83,8.67,382787,170878264.0,1.81,-2.03,-0.18,0.22,-793.8728174999997,2707,9,226253.4543832989,18815.034383298887,23926
2012-06-13,600019,8.68,8.68,8.73,8.64,312405,138588231.0,1.04,0.12,0.01,0.18,239.1848311999929,2708,4,226492.6392144989,11298.079214498886,24792
2012-06-14,600019,8.67,8.61,8.68,8.59,272439,120002219.0,1.04,-0.81,-0.07,0.16,-1735.653441900009,2709,11,224756.98577259888,32642.055772598884,22313
2012-06-15,600019,8.63,8.67,8.68,8.62,184069,81174303.0,0.7,0.7,0.06,0.11,1338.7148015999992,2710,2,226095.70057419888,26122.150574198884,23065
2012-06-18,600019,8.68,8.69,8.72,8.67,148583,66167716.0,0.58,0.23,0.02,0.08,461.16947619998246,2711,5,226556.87005039887,13069.640050398884,24567
2012-06-19,600019,8.69,8.66,8.69,8.64,93380,41356162.0,0.58,-0.35,-0.03,0.05,-737.0229899999686,2712,1,225819.8470603989,11770.627060398885,24717
2012-06-20,600019,8.67,8.69,8.7,8.66,136178,60529804.0,0.46,0.35,0.03,0.08,741.5099999999802,2713,0,226561.35706039888,11770.627060398885,24717
2012-06-21,600019,8.69,8.64,8.7,8.63,135618,59976804.0,0.81,-0.58,-0.05,0.08,-1235.9323391999642,2714,7,225325.4247211989,3536.624721198885,25670
2012-06-25,600019,8.64,8.62,8.68,8.62,145313,64229072.0,0.69,-0.23,-0.02,0.08,-513.4353420000407,2715,10,224811.98937919887,2.3893791988848534,26080
2012-06-26,600019,8.61,8.62,8.63,8.59,99762,43760616.0,0.46,0.0,0.0,0.06,-100.0,2716,1,224811.98937919887,2.3893791988848534,26080
2012-06-27,600019,8.62,8.58,8.64,8.52,156109,68203468.0,1.39,-0.46,-0.04,0.09,-1143.1999999999825,2717,1,223768.7893791989,2.3893791988848534,26080
2012-06-28,600019,8.61,8.52,8.61,8.51,159752,69181975.0,1.17,-0.7,-0.06,0.09,-1664.8000000000175,2718,10,222203.98937919887,2.3893791988848534,26080
2012-06-29,600019,8.53,8.53,8.55,8.48,143774,61841328.0,0.82,0.12,0.01,0.08,260.57753759998013,2719,11,222464.56691679885,22248.406916798886,23472
2012-07-02,600019,8.56,8.48,8.56,8.47,202066,86713383.0,1.06,-0.59,-0.05,0.12,-1174.3961023999436,2720,14,221290.1708143989,101857.8508143989,14084
2012-07-03,600019,8.5,8.48,8.51,8.46,180177,77091012.0,0.59,0.0,0.0,0.1,-0.4073791999835521,2721,4,221289.76343519893,61119.52343519889,18888
2012-07-04,600019,8.48,8.51,8.52,8.47,125393,53781188.0,0.59,0.35,0.03,0.07,566.3955927999632,2722,4,221856.1590279989,36678.55902799889,21760
2012-07-05,600019,8.51,8.44,8.52,8.42,185004,78751725.0,1.18,-0.82,-0.07,0.11,-1524.4855807999847,2723,17,220331.6734471989,165235.3534471989,6528
2012-07-06,600019,8.45,8.48,8.48,8.4,210796,89310909.0,0.95,0.47,0.04,0.12,260.95396159999655,2724,13,220592.6274087989,181839.0274087989,4570
2012-07-09,600019,8.45,8.35,8.45,8.33,195223,82208172.0,1.42,-1.53,-0.13,0.11,-595.1909275000216,2725,6,219997.43648129888,72745.1864812989,17635
2012-07-10,600019,8.35,8.33,8.37,8.29,186742,77495009.0,0.96,-0.24,-0.02,0.11,-353.20912959997077,2726,7,219644.2273516989,21831.71735169889,23747
2012-07-11,600019,8.33,8.34,8.36,8.3,171789,71382359.0,0.72,0.12,0.01,0.1,237.25174219999462,2727,10,219881.4790938989,5.719093898889696,26364
2012-07-12,600019,8.34,8.34,8.37,8.3,213828,88827871.0,0.84,0.0,0.0,0.12,0.0,2728,0,219881.4790938989,5.719093898889696,26364
2012-07-13,600019,8.33,8.36,8.36,8.31,134888,56161854.0,0.6,0.24,0.02,0.08,427.27999999996973,2729,5,220408.75909389887,5.719093898889696,26364
2012-07-16,600019,8.35,8.3,8.35,8.29,160886,66638054.0,0.72,-0.72,-0.06,0.09,-1581.8399999999674,2730,0,218826.9190938989,5.719093898889696,26364
2012-07-17,600019,8.28,8.31,8.33,8.28,101307,41949827.0,0.6,0.12,0.01,0.06,163.64000000001397,2731,7,219090.55909389892,5.719093898889696,26364
2012-07-18,600019,8.31,8.36,8.37,8.3,180640,75179344.0,0.84,0.6,0.05,0.1,1316.8776151999482,2732,16,220407.43670909887,132242.87670909887,10546
2012-07-19,600019,8.36,8.36,8.39,8.33,163752,68417748.0,0.72,0.0,0.0,0.09,-1.1901295999996364,2733,9,220406.24657949887,13228.726579498863,24782
2012-07-20,600019,8.35,8.35,8.39,8.34,133964,55961592.0,0.6,-0.12,-0.01,0.08,-247.93898750003427,2734,9,220158.30759199883,1329.8575919988634,26207
2012-07-23,600019,8.33,8.28,8.33,8.27,130248,53595403.0,0.72,-0.84,-0.07,0.07,-1834.4966239999922,2735,5,218323.81096799884,667.4509679988635,26287
2012-07-24,600019,8.24,8.28,8.31,8.24,159496,65599294.0,0.85,0.0,0.0,0.09,-0.005961599992588162,2736,9,218323.80500639885,71.2850063988634,26359
2012-07-25,600019,8.27,8.28,8.31,8.27,117431,48417981.0,0.48,0.0,0.0,0.07,-0.0005795999895781279,2737,9,218323.80442679886,13.324426798863406,26366
2012-07-26,600019,8.27,8.34,8.36,8.27,197437,81935135.0,1.09,0.72,0.06,0.11,1481.960000000021,2738,6,219905.76442679888,13.324426798863406,26366
2012-07-27,600019,8.34,8.35,8.36,8.31,121476,50586359.0,0.6,0.12,0.01,0.07,163.6599999999744,2739,1,220169.42442679885,13.324426798863406,26366
2012-07-30,600019,8.36,8.41,8.44,8.35,244494,103079785.0,1.08,0.72,0.06,0.14,1481.960000000021,2740,4,221751.38442679888,13.324426798863406,26366
2012-07-31,600019,8.41,8.39,8.44,8.36,136670,57622738.0,0.95,-0.24,-0.02,0.08,-528.8684583999857,2741,17,221222.5159683989,154857.6159683989,7910
2012-08-01,600019,8.39,8.37,8.42,8.36,128195,53924446.0,0.72,-0.24,-0.02,0.07,-158.26620670000557,2742,11,221064.24976169888,161478.21976169889,7119
2012-08-02,600019,8.4,8.44,8.52,8.39,236320,100776633.0,1.55,0.84,0.07,0.13,496.8768008000043,2743,9,221561.1265624989,16156.84656249889,24337
2012-08-03,600019,8.42,8.45,8.47,8.4,135863,57574410.0,0.83,0.12,0.01,0.08,241.93054249999113,2744,17,221803.05710499888,160101.15710499889,7302
2012-08-06,600019,8.44,8.45,8.47,8.4,206481,87578189.0,0.83,0.0,0.0,0.12,-0.1600429999816697,2745,1,221802.8970619989,144096.6970619989,9196
2012-08-07,600019,8.45,8.47,8.52,8.42,201886,86064018.0,1.18,0.24,0.02,0.12,183.9199999999837,2746,0,221986.81706199888,144096.6970619989,9196
2012-08-08,600019,8.47,8.44,8.48,8.44,148503,63192207.0,0.47,-0.35,-0.03,0.08,-276.024070799991,2747,1,221710.7929911989,129689.47299119888,10903
2012-08-09,600019,8.44,8.44,8.46,8.42,116009,49221648.0,0.47,0.0,0.0,0.07,-0.5520604000193998,2748,16,221710.24093079887,184894.96093079887,4362
2012-08-10,600019,8.44,8.44,8.45,8.41,139176,58980518.0,0.47,0.0,0.0,0.08,-0.9244332000089344,2749,5,221709.31649759886,92450.71649759887,15315
2012-08-13,600019,8.42,8.4,8.44,8.39,165985,70101104.0,0.59,-0.47,-0.04,0.09,-612.9858959999692,2750,13,221096.3306015989,131039.93060159887,10721
2012-08-14,600019,8.41,8.36,8.42,8.35,154818,64888631.0,0.83,-0.48,-0.04,0.09,-429.4951732000336,2751,5,220666.83542839886,65521.95542839888,18558
2012-08-15,600019,8.35,8.31,8.37,8.3,83045,34531788.0,0.84,-0.6,-0.05,0.05,-928.5168512999662,2752,14,219738.3185770989,127206.46857709889,11135
2012-08-16,600019,8.31,8.33,8.35,8.3,71620,29735194.0,0.6,0.24,0.02,0.04,222.70000000001164,2753,0,219961.0185770989,127206.46857709889,11135
2012-08-17,600019,8.33,8.33,8.35,8.3,97115,40256204.0,0.6,0.0,0.0,0.06,-0.9275455000170041,2754,20,219960.0910315989,219960.0910315989,0
2012-08-20,600019,8.3,8.28,8.33,8.24,113569,46720944.0,1.08,-0.6,-0.05,0.06,-500.0,2755,12,219960.0910315989,219960.0910315989,0
2012-08-21,600019,8.28,8.29,8.31,8.27,116585,48057312.0,0.48,0.12,0.01,0.07,-500.0,2756,14,219960.0910315989,219960.0910315989,0
2012-08-22,600019,8.28,8.28,8.3,8.27,125087,51462348.0,0.36,-0.12,-0.01,0.07,-1.9794996000127867,2757,9,219958.11153199887,22008.151531998883,23907
2012-08-23,600019,8.28,8.28,8.3,8.25,167016,68742005.0,0.6,0.0,0.0,0.1,-0.1978919999965001,2758,11,219957.91363999888,41797.15363999888,21517
2012-08-24,600019,8.28,8.27,8.3,8.27,145521,59880752.0,0.36,-0.12,-0.01,0.08,-215.88171619997593,2759,14,219742.0319237989,112968.06192379889,12911
2012-08-27,600019,8.27,8.23,8.28,8.23,180928,73888105.0,0.6,-0.48,-0.04,0.1,-516.4400000000023,2760,0,219225.5919237989,112968.06192379889,12911
2012-08-28,600019,8.69,8.73,8.73,8.58,1549309,693013968.0,1.82,6.08,0.5,0.88,6455.161887099966,2761,13,225680.75381089887,146779.01381089888,9038
2012-08-29,600019,8.72,8.58,8.74,8.56,1263972,558105600.0,2.06,-1.72,-0.15,0.72,-1355.8467179999861,2762,1,224324.90709289888,132107.06709289888,10748
2012-08-30,600019,8.56,8.62,8.64,8.52,715661,312653376.0,1.4,0.47,0.04,0.41,429.39159399998607,2763,4,224754.29868689887,79265.93868689888,16878
2012-08-31,600019,8.59,8.58,8.66,8.57,458017,200785649.0,1.04,-0.46,-0.04,0.26,-675.4370310000086,2764,4,224078.86165589886,47562.521655898876,20573
2012-09-03,600019,8.57,8.57,8.63,8.56,414862,181368959.0,0.82,-0.12,-0.01,0.24,-206.25885469996138,2765,13,223872.6028011989,100447.46280119888,14402
2012-09-04,600019,8.58,8.55,8.59,8.52,399116,173370540.0,0.82,-0.23,-0.02,0.23,-288.9439915000112,2766,9,223583.65880969889,10047.40880969887,24975
2012-09-05,600019,8.53,8.61,8.66,8.53,442226,193151200.0,1.52,0.7,0.06,0.25,1497.854938799952,2767,13,225081.51374849884,74552.88374849886,17483
2012-09-06,600019,8.62,8.69,8.7,8.61,457362,202675590.0,1.05,0.93,0.08,0.26,1398.1181655000255,2768,7,226479.63191399886,22368.91191399886,23488
2012-09-07,600019,8.72,8.75,8.89,8.72,1317868,597993232.0,1.96,0.69,0.06,0.75,1409.056349999999,2769,10,227888.68826399886,3.6882639988616575,26044
2012-09-10,600019,8.77,8.85,8.89,8.73,707250,321643328.0,1.83,1.14,0.1,0.4,2602.325648500002,2770,19,230491.01391249886,207436.76391249886,2605
2012-09-11,600019,8.83,8.85,8.88,8.8,293419,133927447.0,0.9,0.0,0.0,0.17,-0.1383254999818746,2771,16,230490.87558699888,221269.17558699887,1042
2012-09-12,600019,8.85,8.81,8.91,8.78,494107,225365381.0,1.47,-0.45,-0.04,0.28,-43.45010520002688,2772,8,230447.42548179885,44256.88548179885,21134
2012-09-13,600019,8.84,8.86,8.91,8.81,410378,188433518.0,1.14,0.57,0.05,0.23,1056.5229771999875,2773,4,231503.94845899884,26554.428458998846,23132
2012-09-14,600019,8.89,8.91,8.94,8.85,405032,186899175.0,1.02,0.56,0.05,0.23,1156.4406892000115,2774,6,232660.38914819885,10623.189148198844,24920
2012-09-17,600019,8.91,8.91,8.97,8.84,470710,217644096.0,1.46,0.0,0.0,0.27,-0.042411600006744266,2775,4,232660.34673659885,6381.986736598844,25396
2012-09-18,600019,8.92,8.92,8.94,8.89,375351,173730020.0,0.56,0.11,0.01,0.21,252.3742915999901,2776,17,232912.72102819884,164951.24102819883,7619
2012-09-19,600019,8.91,8.88,8.92,8.86,390323,180004211.0,0.67,-0.45,-0.04,0.22,-305.4197839999979,2777,4,232607.30124419884,98972.18124419881,15049
2012-09-20,600019,8.91,8.89,8.98,8.86,645768,299552480.0,1.35,0.11,0.01,0.37,150.39105429998017,2778,1,232757.69229849882,89077.51229849881,16162
2012-09-21,600019,8.91,8.95,8.95,8.9,398577,184829631.0,0.56,0.67,0.06,0.23,969.5753679999616,2779,11,233727.26766649878,103540.56766649881,14546
2012-09-24,600019,8.94,8.8,8.95,8.79,506835,231683345.0,1.79,-1.68,-0.15,0.29,-2182.5211919999565,2780,6,231544.74647449882,41420.7464744988,21605
2012-09-25,600019,8.8,8.83,8.88,8.75,590137,268432812.0,1.48,0.34,0.03,0.34,647.9429364999814,2781,5,232192.6894109988,20714.189410998802,23950
2012-09-26,600019,8.81,8.8,8.86,8.79,260697,119198997.0,0.79,-0.34,-0.03,0.15,-718.6241679999803,2782,6,231474.06524299883,8297.265242998801,25361
2012-09-27,600019,8.8,8.84,8.88,8.77,426111,194438798.0,1.25,0.45,0.04,0.24,1014.4068499999703,2783,4,232488.4720929988,4982.232092998801,25736
2012-09-28,600019,8.81,8.85,8.88,8.8,413820,189412867.0,0.9,0.11,0.01,0.24,257.32026350000524,2784,8,232745.7923564988,1008.5423564988009,26185
2012-10-08,600019,8.85,8.84,8.86,8.81,278172,127281176.0,0.56,-0.11,-0.01,0.16,-261.8509724000178,2785,1,232483.94138409878,911.3013840988009,26196
2012-10-09,600019,8.85,8.91,8.91,8.84,477620,220111298.0,0.79,0.79,0.07,0.27,1833.716436000017,2786,4,234317.6578200988,554.8978200988008,26236
2012-10-10,600019,8.91,8.92,8.95,8.89,340596,157921172.0,0.67,0.11,0.01,0.19,262.35509399999864,2787,9,234580.0129140988,64.2929140988008,26291
2012-10-11,600019,8.92,8.91,8.94,8.89,315929,146266299.0,0.56,-0.11,-0.01,0.18,-262.9100000000035,2788,0,234317.1029140988,64.2929140988008,26291
2012-10-12,600019,8.92,8.89,8.92,8.89,264350,122323582.0,0.34,-0.22,-0.02,0.15,-528.1572698999662,2789,20,233788.94564419883,233788.94564419883,0
2012-10-15,600019,8.89,8.88,8.92,8.86,379200,174980534.0,0.67,-0.11,-0.01,0.22,0.0,2790,0,233788.94564419883,233788.94564419883,0
2012-10-16,600019,8.84,8.75,8.84,8.7,257596,115873043.0,1.58,-1.46,-0.13,0.15,-500.0,2791,11,233788.94564419883,233788.94564419883,0
2012-10-17,600019,8.75,8.74,8.75,8.72,183057,82122659.0,0.34,-0.11,-0.01,0.1,-2.1040676000120584,2792,9,233786.84157659882,23380.081576598808,24074
2012-10-18,600019,8.75,8.8,8.83,8.74,193207,87478784.0,1.03,0.69,0.06,0.11,1444.346544,2793,4,235231.18812059882,14034.388120598807,25136
2012-10-19,600019,8.8,8.81,8.85,8.79,139819,63789319.0,0.68,0.11,0.01,0.08,250.47424260000116,2794,14,235481.66236319882,102609.2423631988,15082
2012-10-22,600019,8.81,8.84,8.86,8.8,158116,72158448.0,0.68,0.34,0.03,0.09,451.84438239998417,2795,6,235933.5067455988,41046.8667455988,22046
2012-10-23,600019,8.84,8.83,8.85,8.81,123856,56524557.0,0.45,-0.11,-0.01,0.07,-220.87041840000893,2796,10,235712.6363271988,4.61632719879708,26694
2012-10-24,600019,8.83,8.84,8.85,8.81,111155,50796977.0,0.45,0.11,0.01,0.06,266.9400000000023,2797,0,235979.5763271988,4.61632719879708,26694
2012-10-25,600019,8.84,8.86,8.97,8.83,336149,155248881.0,1.58,0.23,0.02,0.19,433.88000000000466,2798,2,236513.4563271988,4.61632719879708,26694
2012-10-26,600019,8.85,8.85,8.86,8.78,313844,142905172.0,0.9,-0.11,-0.01,0.18,-366.9400000000023,2799,7,236246.5163271988,4.61632719879708,26694
2012-10-29,600019,8.84,8.85,8.88,8.81,146571,66973896.0,0.79,0.0,0.0,0.08,-100.0,2800,5,236246.5163271988,4.61632719879708,26694
2012-10-30,600019,8.85,8.89,8.89,8.84,276018,126946310.0,0.56,0.45,0.04,0.16,967.7600000000093,2801,4,237314.2763271988,4.61632719879708,26694
2012-10-31,600019,8.88,8.91,8.94,8.86,173282,80220928.0,0.9,0.22,0.02,0.1,433.88000000000466,2802,9,237848.1563271988,4.61632719879708,26694
2012-11-01,600019,8.92,8.96,8.97,8.91,244360,113967033.0,0.67,0.56,0.05,0.14,1234.7000000000116,2803,5,239182.85632719882,4.61632719879708,26694
2012-11-02,600019,8.96,8.97,9.0,8.94,154886,72491636.0,0.67,0.11,0.01,0.09,166.94000000000233,2804,8,239449.79632719883,4.61632719879708,26694
2012-11-05,600019,8.97,8.98,8.98,8.92,164352,76605259.0,0.67,0.11,0.01,0.09,166.94000000000233,2805,10,239716.73632719883,4.61632719879708,26694
2012-11-06,600019,8.97,8.96,8.97,8.88,265630,123363183.0,1.0,-0.22,-0.02,0.15,-534.5975167999859,2806,13,239182.13881039884,71755.57881039882,18686
2012-11-07,600019,8.94,8.96,8.98,8.92,130789,61110180.0,0.67,0.0,0.0,0.07,-0.33483520001755096,2807,12,239181.80397519883,105238.76397519882,14949
2012-11-08,600019,8.94,8.92,8.96,8.92,179214,83411590.0,0.45,-0.45,-0.04,0.1,-598.6965244000312,2808,7,238583.1074507988,31585.587450798805,23206
2012-11-09,600019,8.92,8.94,8.95,8.91,117178,54452797.0,0.45,0.22,0.02,0.07,464.08844180000597,2809,1,239047.1958925988,28429.735892598805,23559
2012-11-12,600019,8.94,8.95,8.95,8.92,133738,62196760.0,0.34,0.11,0.01,0.08,235.33420899999328,2810,9,239282.5301015988,2850.380101598803,26417
2012-11-13,600019,8.94,8.92,8.95,8.91,223576,103921106.0,0.45,-0.34,-0.03,0.13,-792.5241827999998,2811,5,238490.0059187988,1432.0859187988028,26576
2012-11-14,600019,8.91,8.94,8.95,8.9,240824,111698135.0,0.56,0.22,0.02,0.14,531.5071263999853,2812,9,239021.51304519878,144.71304519880277,26720
2012-11-15,600019,8.92,8.91,8.94,8.9,194782,90243685.0,0.45,-0.34,-0.03,0.11,-803.2665263999661,2813,17,238218.2465187988,166795.68651879882,8016
2012-11-16,600019,8.9,8.9,8.91,8.86,202579,93426185.0,0.56,-0.11,-0.01,0.12,-80.32678599999053,2814,1,238137.91973279882,150116.91973279882,9890
2012-11-19,600019,8.88,8.88,8.89,8.81,164033,75112866.0,0.9,-0.22,-0.02,0.09,-198.06346959999064,2815,13,237939.85626319883,176463.61626319884,6923
2012-11-20,600019,8.88,8.86,8.88,8.85,153559,70430435.0,0.34,-0.23,-0.02,0.09,-138.45999999999185,2816,0,237801.39626319884,176463.61626319884,6923
2012-11-21,600019,8.86,8.89,8.9,8.85,110192,50764415.0,0.56,0.34,0.03,0.06,206.80775639999774,2817,5,238008.20401959884,88238.37401959884,16847
2012-11-22,600019,8.88,8.89,8.91,8.86,126331,58202210.0,0.56,0.0,0.0,0.07,-1.0483087999746203,2818,17,238007.15571079886,193068.20571079885,5055
2012-11-23,600019,8.9,8.91,8.95,8.89,135574,62917845.0,0.67,0.22,0.02,0.08,100.32777029997669,2819,4,238107.48348109884,115844.46348109885,13722
2012-11-26,600019,8.9,8.91,8.92,8.89,86310,39936632.0,0.34,0.0,0.0,0.05,0.0,2820,0,238107.48348109884,115844.46348109885,13722
2012-11-27,600019,8.91,8.94,8.95,8.9,188296,87548637.0,0.56,0.34,0.03,0.11,411.5373432000051,2821,11,238519.02082429884,128110.02082429884,12350
2012-11-28,600019,8.92,8.94,8.95,8.91,212125,98491069.0,0.45,0.0,0.0,0.12,-0.5123514000151772,2822,4,238518.50847289883,76874.36847289884,18081
2012-11-29,600019,8.92,8.95,8.96,8.91,148777,69294827.0,0.56,0.11,0.01,0.08,180.1181649999926,2823,9,238698.62663789882,7690.1766378988395,25811
2012-11-30,600019,8.94,8.96,8.97,8.94,188387,87981540.0,0.34,0.11,0.01,0.11,258.1023840000562,2824,1,238956.72902189888,6928.569021898839,25896
2012-12-03,600019,8.96,8.91,8.96,8.9,169671,78614082.0,0.67,-0.56,-0.05,0.1,-1296.8765646000393,2825,19,237659.85245729884,214582.95245729884,2590
2012-12-04,600019,8.91,8.91,8.95,8.9,98611,45785652.0,0.56,0.0,0.0,0.06,-0.8583002999948803,2826,4,237658.99415699884,128752.06415699884,12223
2012-12-05,600019,8.92,8.98,8.98,8.89,329461,153663817.0,1.01,0.79,0.07,0.19,854.4513106000086,2827,9,238513.44546759885,12881.965467598828,25126
2012-12-06,600019,8.98,8.96,9.0,8.95,173842,81387993.0,0.56,-0.22,-0.02,0.1,-502.6358528000128,2828,9,238010.80961479884,1296.5696147988256,26419
2012-12-07,600019,8.96,9.01,9.01,8.95,332535,155863828.0,0.67,0.56,0.05,0.19,1320.9384671999724,2829,9,239331.7480819988,143.27808199882543,26547
2012-12-10,600019,9.02,9.05,9.06,9.0,317025,150037309.0,0.67,0.44,0.04,0.18,1061.878642500029,2830,10,240393.62672449884,7.526724498825416,26562
2012-12-11,600019,9.05,9.03,9.06,9.02,188131,89137256.0,0.44,-0.22,-0.02,0.11,-531.7196736000187,2831,12,239861.90705089882,47974.40705089882,21250
2012-12-12,600019,9.05,9.06,9.08,9.02,170965,81052854.0,0.66,0.33,0.03,0.1,637.5,2832,0,240499.40705089882,47974.40705089882,21250
2012-12-13,600019,9.06,9.01,9.08,9.0,166368,78616830.0,0.88,-0.55,-0.05,0.1,-1064.414625000005,2833,20,239434.99242589882,239434.99242589882,0
2012-12-14,600019,9.03,9.19,9.2,9.01,494112,236690798.0,2.11,2.0,0.18,0.28,-2.1547793000063393,2834,9,239432.8376465988,23954.90764659882,23447
2012-12-17,600019,9.2,9.18,9.28,9.16,557280,272199680.0,1.31,-0.11,-0.01,0.32,-235.33090040000388,2835,14,239197.5067461988,110044.08674619881,14069
2012-12-18,600019,9.16,9.17,9.24,9.11,437526,211407000.0,1.42,-0.11,-0.01,0.25,-141.46403969998937,2836,16,239056.04270649882,187447.2827064988,5628
2012-12-19,600019,9.19,9.17,9.22,9.13,343784,166544327.0,0.98,0.0,0.0,0.2,-0.3612063000036869,2837,17,239055.6815001988,223567.5515001988,1689
2012-12-20,600019,9.18,9.19,9.2,9.14,265215,128568886.0,0.65,0.22,0.02,0.15,33.717967500007944,2838,14,239089.39946769882,229770.73946769882,1014
2012-12-21,600019,9.2,9.14,9.23,9.11,333940,161569500.0,1.31,-0.54,-0.05,0.2,-52.76783360002446,2839,9,239036.6316340988,22985.31163409879,23638
2012-12-24,600019,9.14,9.13,9.18,9.12,161054,77593477.0,0.66,-0.11,-0.01,0.09,-236.37999999997555,2840,0,238800.25163409882,22985.31163409879,23638
2012-12-25,600019,9.13,9.2,9.22,9.11,427623,207016857.0,1.2,0.77,0.07,0.25,1654.5680919999722,2841,4,240454.8197260988,13794.419726098791,24637
2012-12-26,600019,9.19,9.19,9.2,9.17,237109,115027917.0,0.33,-0.11,-0.01,0.14,-247.50202419998823,2842,15,240207.3177018988,126995.70770189879,12319
2012-12-27,600019,9.19,9.19,9.24,9.16,367600,178536088.0,0.87,0.0,0.0,0.21,-1.0188953000179026,2843,19,240206.2988065988,228884.2188065988,1232
2012-12-28,600019,9.18,9.19,9.2,9.16,303720,147251194.0,0.44,0.0,0.0,0.18,-0.011303699982818216,2844,11,240206.2875028988,230014.5775028988,1109
2012-12-31,600019,9.18,9.23,9.25,9.17,358888,175043524.0,0.87,0.44,0.04,0.21,44.29862049999065,2845,16,240250.5861233988,236152.4661233988,444
2013-01-04,600019,9.31,9.3,9.36,9.24,664638,329590960.0,1.3,0.76,0.07,0.39,28.95476399999461,2846,9,240279.5408873988,23626.740887398773,23296
2013-01-07,600019,9.29,9.3,9.31,9.25,298339,147168363.0,0.65,0.0,0.0,0.17,-1.7331479999993462,2847,18,240277.8077393988,196939.8077393988,4660
2013-01-08,600019,9.3,9.33,9.35,9.27,327618,162621893.0,0.86,0.32,0.03,0.19,139.20922439999413,2848,3,240417.0169637988,137861.6569637988,10992
2013-01-09,600019,9.33,9.33,9.35,9.29,281633,140097711.0,0.64,0.0,0.0,0.16,-0.6893003999721259,2849,5,240416.3276633988,68930.9276633988,18380
2013-01-10,600019,9.35,9.4,9.45,9.33,405591,203876203.0,1.29,0.75,0.07,0.24,1286.5999999999767,2850,0,241702.9276633988,68930.9276633988,18380
2013-01-11,600019,9.41,9.36,9.44,9.31,347354,174211539.0,1.38,-0.43,-0.04,0.2,-735.5446351999999,2851,5,240967.3830281988,34467.063028198805,22062
2013-01-14,600019,9.36,9.47,9.52,9.31,398052,201395453.0,2.24,1.18,0.11,0.23,2425.7753643000324,2852,15,243393.15839249882,138929.58839249882,11031
2013-01-15,600019,9.49,9.49,9.51,9.45,262656,133687912.0,0.63,0.21,0.02,0.15,220.61999999999534,2853,0,243613.77839249882,138929.58839249882,11031
2013-01-16,600019,9.47,9.4,9.47,9.35,302217,152094873.0,1.26,-0.95,-0.09,0.18,-993.0677699999942,2854,2,242620.71062249882,111152.31062249882,13986
2013-01-17,600019,9.4,9.31,9.4,9.3,271096,135045478.0,1.06,-0.96,-0.09,0.16,-1259.406782200007,2855,6,241361.30384029882,44473.42384029881,21148
2013-01-18,600019,9.34,9.38,9.4,9.33,213200,106635012.0,0.75,0.75,0.07,0.12,1479.3681588000327,2856,15,242840.67199909885,143656.55199909883,10574
2013-01-21,600019,9.38,9.35,9.4,9.31,220981,110224238.0,0.96,-0.32,-0.03,0.13,-317.5165820000111,2857,13,242523.15541709884,173314.45541709883,7402
2013-01-22,600019,9.35,9.33,9.35,9.3,230635,114510008.0,0.53,-0.21,-0.02,0.13,-149.2530866000161,2858,7,242373.90233049882,52004.582330498815,20404
2013-01-23,600019,9.35,9.41,9.46,9.34,383068,193304122.0,1.29,0.86,0.08,0.22,1632.320000000007,2859,0,244006.22233049883,52004.582330498815,20404
2013-01-24,600019,9.42,9.35,9.45,9.33,410432,205714162.0,1.28,-0.64,-0.06,0.24,-1224.49993000002,2860,5,242781.7224004988,26011.322400498815,23184
2013-01-25,600019,9.36,9.34,9.36,9.3,191707,95487377.0,0.64,-0.11,-0.01,0.11,-233.35569519997807,2861,17,242548.36670529883,177579.32670529882,6956
2013-01-28,600019,9.35,9.39,9.4,9.34,277679,138862218.0,0.64,0.54,0.05,0.16,347.08974039999885,2862,4,242895.45644569883,106552.65644569881,14520
2013-01-29,600019,9.39,9.38,9.4,9.35,238244,119140694.0,0.53,-0.11,-0.01,0.14,-145.20000000001164,2863,0,242750.25644569882,106552.65644569881,14520
2013-01-30,600019,9.38,9.4,9.41,9.34,292453,146441007.0,0.75,0.21,0.02,0.17,290.3999999999942,2864,0,243040.6564456988,106552.65644569881,14520
2013-01-31,600019,9.4,9.38,9.44,9.36,392497,197429019.0,0.85,-0.21,-0.02,0.23,-291.0392470000079,2865,6,242749.6171986988,42627.3171986988,21335
2013-02-01,600019,9.38,9.4,9.41,9.35,308054,154467617.0,0.64,0.21,0.02,0.18,426.5721599999815,2866,3,243176.1893586988,29843.1893586988,22695
2013-02-04,600019,9.4,9.52,9.55,9.39,585900,297173664.0,1.7,1.28,0.12,0.34,2723.1912263999984,2867,7,245899.38058509878,8965.620585098797,24888
2013-02-05,600019,9.49,9.56,9.57,9.46,506879,260885527.0,1.16,0.42,0.04,0.3,995.2821472000214,2868,11,246894.6627322988,32750.662732298802,22400
2013-02-06,600019,9.56,9.51,9.58,9.49,350476,179649561.0,0.94,-0.52,-0.05,0.2,-1120.426048000023,2869,12,245774.23668429878,75355.0366842988,17920
2013-02-07,600019,9.51,9.55,9.56,9.49,328200,168616742.0,0.74,0.42,0.04,0.19,716.4232525000407,2870,5,246490.65993679882,37679.909936798795,21865
2013-02-08,600019,9.55,9.58,9.62,9.55,305168,158407188.0,0.73,0.31,0.03,0.18,655.5732185999805,2871,10,247146.2331553988,1.3931553987931693,25798
2013-02-18,600019,9.59,9.52,9.61,9.51,265736,136863642.0,1.04,-0.63,-0.06,0.16,-1647.8800000000047,2872,4,245598.3531553988,1.3931553987931693,25798
2013-02-19,600019,9.51,9.42,9.55,9.41,312466,158818811.0,1.47,-1.05,-0.1,0.18,-2580.2859777999984,2873,12,243018.0671775988,48598.6871775988,20639
2013-02-20,600019,9.46,9.42,9.49,9.39,326780,164988093.0,1.06,0.0,0.0,0.19,-0.048513000016100705,2874,1,243018.01866459879,43747.33866459879,21154
2013-02-21,600019,9.4,9.3,9.4,9.25,488067,241792265.0,1.59,-1.27,-0.12,0.29,-2539.6603559999785,2875,16,240478.3583085988,161781.7583085988,8462
2013-02-22,600019,9.29,9.3,9.33,9.25,248765,122961565.0,0.86,0.0,0.0,0.15,0.0,2876,0,240478.3583085988,161781.7583085988,8462
2013-02-25,600019,9.31,9.29,9.34,9.27,231652,114516304.0,0.75,-0.11,-0.01,0.14,-85.4288803000236,2877,5,240392.92942829878,80892.9194282988,17169
2013-02-26,600019,9.27,9.2,9.31,9.19,292114,143912819.0,1.29,-0.97,-0.09,0.17,-1545.9997279999952,2878,15,238846.9297002988,159864.9297002988,8585
2013-02-27,600019,9.19,9.35,9.38,9.19,377197,186797345.0,2.07,1.63,0.15,0.22,1286.3113155000028,2879,9,240133.2410157988,15995.041015798808,23972
2013-02-28,600019,9.35,9.38,9.41,9.31,387267,193796584.0,1.07,0.32,0.03,0.23,719.0640426000173,2880,6,240852.3050583988,6399.205058398806,24995
2013-03-01,600019,9.39,9.36,9.39,9.29,257652,128295238.0,1.07,-0.21,-0.02,0.15,-499.95747040002607,2881,9,240352.34758799878,652.1075879988057,25609
2013-03-04,600019,9.34,9.29,9.39,9.28,418838,208192957.0,1.18,-0.75,-0.07,0.24,-1793.3436577999964,2882,13,238559.00393019879,72017.17393019881,17927
2013-03-05,600019,9.31,9.3,9.36,9.25,330809,163864067.0,1.18,0.11,0.01,0.19,177.60278900002595,2883,20,238736.6067191988,238736.6067191988,0
2013-03-06,600019,9.33,9.34,9.35,9.28,322435,159938676.0,0.75,0.43,0.04,0.19,-500.0,2884,12,238736.6067191988,238736.6067191988,0
2013-03-07,600019,9.34,9.3,9.35,9.29,264382,131305355.0,0.64,-0.43,-0.04,0.15,-1.1936550000100397,2885,5,238735.4130641988,119369.91306419879,12835
2013-03-08,600019,9.31,9.33,9.38,9.3,266489,132716862.0,0.86,0.32,0.03,0.16,383.97574379999423,2886,9,239119.3888079988,11943.218807998783,24349
2013-03-11,600019,9.34,9.31,9.35,9.29,242020,120061617.0,0.64,-0.21,-0.02,0.14,-486.991916799976,2887,1,238632.39689119882,10751.526891198782,24477
2013-03-12,600019,9.3,9.27,9.34,9.25,332891,164662228.0,0.97,-0.43,-0.04,0.19,-979.760696100042,2888,13,237652.63619509878,78820.45619509878,17134
2013-03-13,600019,9.27,9.23,9.29,9.22,319411,156727928.0,0.76,-0.43,-0.04,0.19,-686.1507340999669,2889,15,236966.4854609988,157893.0754609988,8567
2013-03-14,600019,9.2,9.22,9.25,9.2,277667,135846220.0,0.54,-0.11,-0.01,0.16,-86.77510920001077,2890,7,236879.7103517988,47381.05035179878,20553
2013-03-15,600019,9.23,9.2,9.29,9.17,540595,264333353.0,1.3,-0.22,-0.02,0.32,-412.76172399998177,2891,19,236466.94862779882,217551.7486277988,2056
2013-03-18,600019,9.2,9.13,9.23,9.12,253857,122690498.0,1.2,-0.76,-0.07,0.15,-144.10771280000336,2892,20,236322.84091499881,236322.84091499881,0
2013-03-19,600019,9.13,9.11,9.16,9.08,172799,82926381.0,0.88,-0.22,-0.02,0.1,-2.1268206000095233,2893,9,236320.7140943988,23638.654094398808,23346
2013-03-20,600019,9.12,9.17,9.18,9.09,248912,120118233.0,0.99,0.66,0.06,0.15,1399.6895859000215,2894,15,237720.40368029883,130678.99368029881,11673
2013-03-21,600019,9.17,9.18,9.2,9.16,145206,70411444.0,0.44,0.11,0.01,0.08,115.76564099997631,2895,19,237836.1693212988,227113.9293212988,1168
2013-03-22,600019,9.17,9.17,9.19,9.14,124156,60086507.0,0.54,-0.11,-0.01,0.07,-13.95104220000212,2896,10,237822.2182790988,7.438279098802013,25934
2013-03-25,600019,9.18,9.2,9.22,9.16,215737,104736234.0,0.65,0.33,0.03,0.13,776.8270359999733,2897,15,238599.04531509877,119302.6453150988,12967
2013-03-26,600019,9.18,9.08,9.18,9.05,265975,127236661.0,1.41,-1.3,-0.12,0.16,-1557.113619199983,2898,9,237041.9316958988,11939.651695898792,24791
2013-03-27,600019,9.08,9.08,9.12,9.05,151068,72058508.0,0.77,0.0,0.0,0.09,-1.8007455999904778,2899,18,237040.1309502988,192012.4109502988,4959
2013-03-28,600019,9.06,9.03,9.08,8.98,274559,129504824.0,1.1,-0.55,-0.05,0.16,-248.35300890001236,2900,19,236791.7779413988,232312.89794139878,496
2013-03-29,600019,9.03,9.03,9.06,9.01,128940,61021125.0,0.55,0.0,0.0,0.08,-0.013364400016143918,2901,13,236791.76457699877,233649.32457699877,348
2013-04-01,600019,9.02,9.12,9.16,9.01,388657,185552688.0,1.66,1.0,0.09,0.23,29.217201599967666,2902,9,236820.98177859874,23367.381778598763,23405
2013-04-02,600019,9.13,9.16,9.19,9.09,326314,157445036.0,1.1,0.44,0.04,0.19,936.0131360000232,2903,8,237756.99491459876,4680.794914598759,25445
2013-04-03,600019,9.17,9.18,9.22,9.14,333382,161576271.0,0.87,0.22,0.02,0.19,508.8579555999604,2904,9,238265.85287019872,476.3128701987589,25903
2013-04-08,600019,9.16,9.17,9.24,9.09,399305,193570183.0,1.63,-0.11,-0.01,0.23,-259.03229249996366,2905,5,238006.82057769876,247.0605776987589,25928
2013-04-09,600019,9.18,9.2,9.25,9.17,361912,176579040.0,0.87,0.33,0.03,0.21,777.8398159999633,2906,1,238784.66039369872,228.6603936987589,25930
2013-04-10,600019,9.2,9.22,9.25,9.17,328164,160129853.0,0.87,0.22,0.02,0.19,517.8827762000437,2907,13,239302.54316989877,71950.32316989877,18151
2013-04-11,600019,9.24,9.23,9.29,9.2,335240,164616199.0,0.98,0.11,0.01,0.2,180.86251550001907,2908,9,239483.4056853988,7201.2256853987565,25166
2013-04-12,600019,9.2,9.18,9.25,9.16,106880,51949190.0,0.98,-0.54,-0.05,0.06,-1258.3000000000175,2909,0,238225.10568539877,7201.2256853987565,25166
2013-04-15,600019,9.18,9.13,9.23,9.13,135960,65844413.0,1.09,-0.54,-0.05,0.08,-1258.3071213999938,2910,1,236966.79856399877,6489.078563998756,25244
2013-04-16,600019,9.14,9.14,9.17,9.13,167700,80922112.0,0.44,0.11,0.01,0.1,252.40115499997046,2911,6,237219.19971899875,2604.5397189987557,25669
2013-04-17,600019,9.17,9.09,9.17,9.07,140309,67252959.0,1.09,-0.55,-0.05,0.08,-1284.3832702999935,2912,14,235934.81644869875,95930.63644869876,15402
2013-04-18,600019,9.09,9.07,9.13,9.07,121407,58001073.0,0.66,-0.22,-0.02,0.07,-308.5196215999895,2913,5,235626.29682709876,47967.99682709875,20690
2013-04-19,600019,9.07,9.13,9.14,9.07,247581,118703981.0,0.77,0.66,0.06,0.14,1240.9684248999984,2914,9,236867.26525199876,4810.055251998747,25417
2013-04-22,600019,9.13,9.14,9.16,9.12,147333,71008495.0,0.44,0.11,0.01,0.09,253.47307499998715,2915,13,237120.73832699875,74501.85832699874,17792
2013-04-23,600019,9.13,9.06,9.14,9.03,194889,92804699.0,1.2,-0.88,-0.08,0.11,-1423.4344732000027,2916,1,235697.30385379874,67054.46385379875,18614
2013-04-24,600019,9.06,9.11,9.13,9.05,194545,92973766.0,0.88,0.55,0.05,0.11,930.2977023999847,2917,6,236627.60155619873,26824.30155619875,23030
2013-04-25,600019,9.11,9.11,9.12,9.06,159348,76122912.0,0.66,0.0,0.0,0.09,-0.10722469998290762,2918,4,236627.49433149875,16101.724331498748,24207
2013-04-26,600019,9.12,9.12,9.17,9.07,379071,182296966.0,1.1,0.11,0.01,0.22,241.95736799997394,2919,7,236869.45169949872,4838.411699498749,25442
2013-05-02,600019,9.11,9.14,9.19,9.08,339813,163923150.0,1.21,0.22,0.02,0.2,508.7964936000353,2920,9,237378.24819309876,487.7281930987483,25918
2013-05-03,600019,9.17,9.22,9.24,9.14,342323,166652437.0,1.09,0.88,0.08,0.2,2073.4371418000082,2921,6,239451.68533489876,201.90533489874832,25949
2013-05-06,600019,9.22,9.25,9.29,9.2,316373,155397225.0,0.98,0.33,0.03,0.18,778.2300549999927,2922,11,240229.91538989876,24196.16538989875,23355
2013-05-07,600019,9.25,9.29,9.31,9.24,284179,140274525.0,0.76,0.43,0.04,0.17,933.549142599979,2923,13,241163.46453249874,89281.25453249874,16349
2013-05-08,600019,9.3,9.31,9.34,9.28,373921,185552274.0,0.65,0.22,0.02,0.22,326.5336786000116,2924,5,241489.99821109875,44648.66821109874,21143
2013-05-09,600019,9.33,9.3,9.34,9.29,301350,149367578.0,0.54,-0.11,-0.01,0.18,-212.0198059999675,2925,13,241277.97840509878,103628.67840509875,14801
2013-05-10,600019,9.29,9.31,9.33,9.29,239878,118940769.0,0.43,0.11,0.01,0.14,147.59663599997293,2926,13,241425.57504109875,144964.66504109875,10361
2013-05-13,600019,9.31,9.31,9.33,9.28,213608,105834208.0,0.54,0.0,0.0,0.12,-1.3046103000233416,2927,9,241424.27043079873,14502.330430798727,24374
2013-05-14,600019,9.3,9.29,9.31,9.29,236354,117006577.0,0.21,-0.21,-0.02,0.14,-487.6250169000414,2928,10,240936.6454138987,0.49541389872683794,25935
2013-05-15,600019,9.29,9.28,9.31,9.28,254385,125839185.0,0.32,-0.11,-0.01,0.15,-261.03469119998044,2929,17,240675.6107226987,168467.93072269871,7781
2013-05-16,600019,9.28,9.31,9.35,9.27,254258,126034977.0,0.86,0.32,0.03,0.15,233.26158210003632,2930,1,240908.87230479874,151625.97230479872,9590
2013-05-17,600019,9.31,9.31,9.34,9.3,335212,166508906.0,0.43,0.0,0.0,0.2,-0.6064534000179265,2931,4,240908.26585139873,90980.0258513987,16104
2013-05-20,600019,9.36,9.33,9.36,9.31,243716,121214023.0,0.54,0.21,0.02,0.14,321.17023169997265,2932,10,241229.4360830987,2.286083098704694,25855
2013-05-21,600019,9.33,9.34,9.36,9.3,254117,126561320.0,0.64,0.11,0.01,0.15,257.58405720000155,2933,14,241487.0201402987,96595.6001402987,15513
2013-05-22,600019,9.33,9.29,9.33,9.27,114385,56508685.0,0.64,-0.54,-0.05,0.07,-776.9469769000134,2934,19,240710.0731633987,226291.9931633987,1552
2013-05-23,600019,9.27,9.2,9.28,9.18,157410,76966631.0,1.08,-0.97,-0.09,0.1,-139.77991199996904,2935,17,240570.29325139872,236283.0932513987,466
2013-05-24,600019,9.24,9.2,9.27,9.18,114629,55868308.0,0.98,0.0,0.0,0.07,-0.025668000016594306,2936,16,240570.2675833987,238849.8675833987,187
2013-05-27,600019,9.18,9.16,9.2,9.14,124758,60416553.0,0.65,-0.43,-0.04,0.08,-7.491907999996329,2937,17,240562.7756753987,240040.6556753987,57
2013-05-28,600019,9.16,9.2,9.22,9.13,177595,85943496.0,0.98,0.44,0.04,0.11,0.11974799999734387,2938,9,240562.8954233987,24013.295423398726,23538
2013-05-29,600019,9.2,9.17,9.22,9.17,143818,69913615.0,0.54,-0.33,-0.03,0.09,-706.2839689999819,2939,6,239856.61145439872,9616.251454398725,25108
2013-05-30,600019,9.17,9.16,9.19,9.14,124690,60355518.0,0.55,-0.11,-0.01,0.08,-251.13761639999575,2940,6,239605.47383799872,3854.5538379987247,25737
2013-05-31,600019,9.16,9.11,9.18,9.11,167115,80440737.0,0.76,-0.55,-0.05,0.1,-1287.5533831000212,2941,13,238317.9204548987,74192.16045489872,18016
2013-06-03,600019,9.12,9.13,9.16,9.11,115101,55395375.0,0.55,0.22,0.02,0.07,359.6523231000465,2942,9,238677.57277799875,7423.802777998717,25329
2013-06-04,600019,9.13,9.08,9.13,9.07,135576,64677145.0,0.66,-0.55,-0.05,0.08,-1267.1398984000261,2943,13,237410.43287959872,76412.95287959871,17731
2013-06-05,600019,9.07,9.07,9.08,9.03,81838,38822518.0,0.55,-0.11,-0.01,0.05,-177.30999999999767,2944,0,237233.12287959873,76412.95287959871,17731
2013-06-06,600019,9.07,9.01,9.07,9.0,91233,43101133.0,0.77,-0.66,-0.06,0.06,-1063.9364048000134,2945,1,236169.1864747987,68772.39647479872,18579
2013-06-07,600019,9.01,8.95,9.02,8.92,148694,69705791.0,1.11,-0.67,-0.06,0.09,-1114.7399999999907,2946,0,235054.44647479872,68772.39647479872,18579
2013-06-13,600019,8.89,8.79,8.9,8.68,267191,119959763.0,2.46,-1.79,-0.16,0.16,-2973.258816000016,2947,9,232081.1876587987,6890.177658798726,25619
2013-06-14,600019,8.77,8.81,8.83,8.7,179674,81123062.0,1.48,0.23,0.02,0.11,512.3249375000305,2948,8,232593.51259629874,1383.8725962987255,26244
2013-06-17,600019,8.81,8.77,8.81,8.74,96314,43431727.0,0.79,-0.45,-0.04,0.06,-1050.910799400037,2949,15,231542.6017968987,116462.66179689871,13122
2013-06-18,600019,8.81,8.71,8.81,8.68,102068,44138034.0,1.48,-0.68,-0.06,0.06,-787.6628255999531,2950,13,230754.93897129875,150744.87897129872,9186
2013-06-19,600019,8.71,8.65,8.71,8.56,209503,89337444.0,1.72,-0.69,-0.06,0.13,-551.4614525000216,2951,2,230203.47751879873,120599.32751879872,12671
2013-06-20,600019,8.62,8.52,8.64,8.51,113890,47891529.0,1.5,-1.5,-0.13,0.07,-1648.3152776000206,2952,9,228555.1622411987,12070.482241198712,25409
2013-06-21,600019,8.51,8.49,8.6,8.47,164489,68604220.0,1.53,-0.35,-0.03,0.1,-762.3785021999793,2953,9,227792.78373899873,1220.1537389987097,26687
2013-06-24,600019,8.49,8.37,8.52,8.35,254398,104304342.0,2.0,-1.41,-0.12,0.15,-3202.444854600064,2954,4,224590.33888439866,734.6888843987097,26745
2013-06-25,600019,8.35,8.35,8.38,8.13,386528,153909038.0,2.99,-0.24,-0.02,0.23,-537.1332074999518,2955,20,224053.2056768987,224053.2056768987,0
2013-06-26,600019,8.36,8.21,8.37,8.18,333606,130893986.0,2.28,-1.68,-0.14,0.2,-500.0,2956,11,224053.2056768987,224053.2056768987,0
2013-06-27,600019,8.21,8.21,8.25,8.18,453032,177214481.0,0.85,0.0,0.0,0.28,-500.0,2957,18,224053.2056768987,224053.2056768987,0
2013-06-28,600019,8.19,8.23,8.25,8.15,357767,139739185.0,1.22,0.24,0.02,0.22,-0.8961647000105586,2958,4,224052.3095121987,134435.8395121987,10889
2013-07-01,600019,8.21,8.2,8.21,8.13,205207,79860374.0,0.97,-0.36,-0.03,0.12,-326.9378120000183,2959,13,223725.37170019868,161216.7717001987,7623
2013-07-02,600019,8.19,8.21,8.23,8.14,238116,92726543.0,1.1,0.12,0.01,0.14,76.06883770000422,2960,1,223801.44053789868,145100.3805378987,9586
2013-07-03,600019,8.19,8.24,8.35,8.15,331486,130435214.0,2.44,0.37,0.03,0.2,286.79011360000004,2961,20,224088.23065149868,224088.23065149868,0
2013-07-04,600019,8.25,8.24,8.28,8.2,280159,110459455.0,0.97,0.0,0.0,0.17,-0.2240456000145059,2962,1,224088.00660589867,201683.44660589867,2719
2013-07-05,600019,8.23,8.25,8.31,8.21,249655,98762510.0,1.21,0.12,0.01,0.15,27.010562500014203,2963,18,224115.01716839868,219627.01716839868,544
2013-07-08,600019,8.23,8.15,8.23,8.13,224573,86985495.0,1.21,-1.21,-0.1,0.14,-54.39999999999418,2964,0,224060.6171683987,219627.01716839868,544
2013-07-09,600019,8.15,8.24,8.25,8.13,210792,82308236.0,1.47,1.1,0.09,0.13,48.95999999999185,2965,0,224109.57716839868,219627.01716839868,544
2013-07-10,600019,8.23,8.29,8.3,8.19,199058,78661311.0,1.33,0.61,0.05,0.12,27.186487300001318,2966,13,224136.76365569868,220978.2736556987,381
2013-07-11,600019,8.3,8.43,8.46,8.29,386409,156954510.0,2.05,1.69,0.14,0.23,53.32077960000606,2967,16,224190.0844352987,222900.29443529868,153
2013-07-12,600019,8.42,8.35,8.43,8.34,214487,87257623.0,1.07,-0.95,-0.08,0.13,-13.577336000016658,2968,6,224176.50709929867,89165.35709929868,16169
2013-07-15,600019,8.37,8.4,8.45,8.35,180051,73173288.0,1.2,0.6,0.05,0.11,808.0042119999998,2969,5,224984.51131129867,44586.11131129867,21476
2013-07-16,600019,8.37,8.42,8.46,8.32,184710,75148397.0,1.67,0.24,0.02,0.11,429.0741609999968,2970,10,225413.58547229867,1.7654722986699198,26771
2013-07-17,600019,8.41,8.42,8.46,8.38,175629,71915963.0,0.95,0.0,0.0,0.11,-1.5778238000057172,2971,17,225412.00764849866,157782.56764849866,8032
2013-07-18,600019,8.4,8.38,8.43,8.35,140961,57244989.0,0.95,-0.48,-0.04,0.09,-321.9110977999808,2972,4,225090.09655069868,94672.15655069865,15563
2013-07-19,600019,8.38,8.31,8.4,8.31,143481,58000007.0,1.07,-0.84,-0.07,0.09,-1089.6686072000302,2973,12,224000.42794349865,120532.61794349866,12451
2013-07-22,600019,8.26,8.36,8.42,8.26,131131,52637453.0,1.93,0.6,0.05,0.08,621.4652899999928,2974,9,224621.89323349865,12060.53323349866,25426
2013-07-23,600019,8.4,8.43,8.46,8.34,172408,70575907.0,1.44,0.84,0.07,0.1,1779.7838353000116,2975,3,226401.67706879866,8444.02706879866,25855
2013-07-24,600019,8.42,8.38,8.42,8.32,141662,57503372.0,1.19,-0.59,-0.05,0.09,-1293.8332825999532,2976,15,225107.8437861987,116771.20378619868,12928
2013-07-25,600019,8.41,8.38,8.45,8.34,181542,73906200.0,1.31,0.0,0.0,0.11,-0.5838346000236925,2977,5,225107.25995159868,58387.15995159867,19895
2013-07-26,600019,8.38,8.36,8.4,8.34,77341,31281464.0,0.72,-0.24,-0.02,0.05,-398.1919312000391,2978,5,224709.06802039864,29193.748020398667,23387
2013-07-29,600019,8.34,8.29,8.35,8.26,105771,42142013.0,1.08,-0.84,-0.07,0.06,-1637.2942656000087,2979,7,223071.77375479863,8766.983754798668,25851
2013-07-30,600019,8.28,8.34,8.4,8.28,109591,44111020.0,1.45,0.6,0.05,0.07,1291.6876440000196,2980,14,224363.46139879865,95001.72139879866,15511
2013-07-31,600019,8.37,8.31,8.38,8.29,84400,33912702.0,1.08,-0.36,-0.03,0.05,-465.3299999999872,2981,0,223898.13139879867,95001.72139879866,15511
2013-08-01,600019,8.34,8.37,8.41,8.31,159440,64449021.0,1.2,0.72,0.06,0.1,930.1850024999876,2982,5,224828.31640129865,47501.49640129867,21186
2013-08-02,600019,8.4,8.36,8.42,8.35,122688,49787528.0,0.84,-0.12,-0.01,0.07,-213.63114959996892,2983,20,224614.68525169868,224614.68525169868,0
2013-08-05,600019,8.36,8.37,8.38,8.34,105556,42614882.0,0.48,0.12,0.01,0.06,-500.0,2984,15,224614.68525169868,224614.68525169868,0
2013-08-06,600019,8.36,8.38,8.41,8.34,127728,51660983.0,0.84,0.12,0.01,0.08,-0.8984198000107426,2985,4,224613.78683189867,134771.80683189866,10721
2013-08-07,600019,8.37,8.36,8.4,8.35,121950,49379022.0,0.6,-0.24,-0.02,0.07,-215.04733440000564,2986,17,224398.73949749867,197504.61949749867,3217
2013-08-08,600019,8.37,8.34,8.38,8.32,95468,38514164.0,0.72,-0.24,-0.02,0.06,-64.44725239998661,2987,14,224334.29224509868,208229.75224509867,1931
2013-08-09,600019,8.37,8.37,8.38,8.31,138458,55831845.0,0.84,0.36,0.03,0.08,57.80076719998033,2988,18,224392.09301229866,221152.90301229866,387
2013-08-12,600019,8.38,8.49,8.49,8.37,352055,143987927.0,1.43,1.43,0.12,0.21,44.44968930000323,2989,9,224436.54270159866,22119.842701598653,23830
2013-08-13,600019,8.48,8.53,8.57,8.46,229072,95730959.0,1.3,0.47,0.04,0.14,952.5901902999613,2990,13,225389.13289189863,83100.20289189865,16681
2013-08-14,600019,8.56,8.49,8.56,8.47,202824,84437443.0,1.06,-0.47,-0.04,0.12,-667.9877991999674,2991,9,224721.14509269866,8319.535092698643,25489
2013-08-15,600019,8.51,8.49,8.57,8.47,201343,84044605.0,1.18,0.0,0.0,0.12,-0.033195900003192946,2992,4,224721.11189679865,4999.911896798643,25880
2013-08-16,600019,8.49,8.47,9.01,8.42,436816,184293049.0,6.95,-0.24,-0.02,0.27,-518.4768143999972,2993,14,224202.63508239866,92680.47508239865,15528
2013-08-19,600019,8.45,8.47,8.51,8.42,172022,70789772.0,1.06,0.0,0.0,0.1,-0.6576108000008389,2994,15,224201.97747159866,158440.89747159864,7764
2013-08-20,600019,8.47,8.42,8.48,8.41,127146,52284231.0,0.83,-0.59,-0.05,0.08,-388.4614410000213,2995,14,223813.51603059864,184584.73603059864,4659
2013-08-21,600019,8.47,8.41,8.47,8.37,128779,52549381.0,1.19,-0.12,-0.01,0.08,-47.512913399987156,2996,5,223766.00311719865,92292.47311719864,15633
2013-08-22,600019,8.41,8.4,8.43,8.37,143817,58544298.0,0.71,-0.12,-0.01,0.09,-156.98654399998486,2997,15,223609.01657319866,157946.21657319865,7817
2013-08-23,600019,8.4,8.35,8.42,8.29,148905,60119995.0,1.55,-0.6,-0.05,0.09,-391.6396595000406,2998,5,223217.37691369862,78979.47691369864,17274
2013-08-26,600019,8.35,8.41,8.42,8.32,183104,74415201.0,1.2,0.72,0.06,0.11,1035.4231469000224,2999,17,224252.80006059865,180663.77006059865,5183
2013-08-27,600019,8.41,8.42,8.47,8.4,211036,86445372.0,0.83,0.12,0.01,0.13,50.92670240000007,3000,5,224303.72676299865,90333.10676299865,15911
2013-08-28,600019,8.4,8.53,8.6,8.37,444538,184117945.0,2.73,1.31,0.11,0.27,1749.3970909999916,3001,9,226053.12385399864,9041.393853998656,25441
2013-08-29,600019,8.52,8.47,8.54,8.43,219456,90716577.0,1.29,-0.7,-0.06,0.13,-1527.1064303999592,3002,13,224526.01742359868,73683.78742359867,17809
2013-08-30,600019,8.48,8.68,8.68,8.48,585781,248277312.0,2.36,2.48,0.21,0.36,3739.7427003999765,3003,2,228265.76012399865,58953.68012399867,19506
2013-09-02,600019,8.73,8.57,8.75,8.54,446195,189450975.0,2.42,-1.27,-0.11,0.27,-2145.6599999999744,3004,0,226120.10012399868,58953.68012399867,19506
2013-09-03,600019,8.53,8.62,8.65,8.53,250006,106062027.0,1.4,0.58,0.05,0.15,975.0642429999716,3005,4,227095.16436699865,35377.74436699867,22241
2013-09-04,600019,8.65,8.92,9.13,8.6,1152643,514033744.0,6.15,3.48,0.3,0.7,6672.3000000000175,3006,0,233767.46436699867,35377.74436699867,22241
2013-09-05,600019,8.84,8.89,8.9,8.71,535914,235630543.0,2.13,-0.34,-0.03,0.33,-668.8117087999999,3007,18,233098.65265819867,193547.04265819868,4449
2013-09-06,600019,8.84,8.91,9.01,8.78,641333,288261632.0,2.59,0.22,0.02,0.39,88.94043960003182,3008,11,233187.5930977987,197503.04309779868,4005
2013-09-09,600019,8.92,9.07,9.08,8.89,796728,364777008.0,2.13,1.8,0.16,0.48,639.8125490999664,3009,5,233827.40564689867,98756.96564689868,14892
2013-09-10,600019,9.07,9.09,9.14,8.98,661814,305797904.0,1.76,0.22,0.02,0.4,296.9512707000249,3010,9,234124.3569175987,9883.146917598686,24669
2013-09-11,600019,9.1,9.02,9.3,8.99,1126073,527538192.0,3.41,-0.77,-0.07,0.68,-1726.9188470000227,3011,9,232397.43807059867,998.358070598686,25654
2013-09-12,600019,8.99,8.96,9.01,8.89,561253,253094423.0,1.33,-0.67,-0.06,0.34,-1540.8489471999637,3012,17,230856.5891233987,161891.46912339868,7697
2013-09-13,600019,8.92,8.9,8.98,8.89,306022,137767501.0,1.0,-0.67,-0.06,0.19,-463.2769300000218,3013,9,230393.31219339868,16197.012193398667,24067
2013-09-16,600019,8.91,8.81,8.96,8.78,356002,158485175.0,2.02,-1.01,-0.09,0.22,-2166.878050600004,3014,14,228226.43414279868,101001.22414279867,14441
2013-09-17,600019,8.8,8.71,8.8,8.69,298888,130058815.0,1.25,-1.14,-0.1,0.18,-1444.728861999989,3015,15,226781.7052807987,163886.7952807987,7221
2013-09-18,600019,8.71,8.73,8.75,8.69,178290,77370033.0,0.69,0.23,0.02,0.11,143.4367401000054,3016,6,226925.1420208987,65559.82202089867,18484
2013-09-23,600019,8.74,8.75,8.79,8.73,226824,98923742.0,0.69,0.23,0.02,0.14,369.4178499999689,3017,4,227294.55987089867,39344.55987089867,21480
2013-09-24,600019,8.74,8.64,8.75,8.6,384938,165184720.0,1.71,-1.26,-0.11,0.23,-2363.1933791999763,3018,10,224931.3664916987,6.246491698664613,26033
2013-09-25,600019,8.63,8.62,8.67,8.59,181455,77348832.0,0.93,-0.23,-0.02,0.11,-620.6600000000326,3019,4,224410.70649169866,6.246491698664613,26033
2013-09-26,600019,8.6,8.54,8.6,8.52,250141,104980663.0,0.93,-0.93,-0.08,0.15,-2083.751566400024,3020,15,222326.95492529863,111161.77492529865,13017
2013-09-27,600019,8.53,8.56,8.58,8.52,124074,52042363.0,0.7,0.23,0.02,0.08,259.3371960000368,3021,19,222586.29212129867,211441.17212129867,1302
2013-09-30,600019,8.56,8.56,8.57,8.52,169588,71040752.0,0.58,0.0,0.0,0.1,-1.4800239999894984,3022,7,222584.81209729868,63437.29209729866,18592
2013-10-08,600019,8.54,8.6,8.6,8.51,209272,87958645.0,1.05,0.47,0.04,0.13,743.5201259999885,3023,11,223328.33222329867,79424.53222329867,16733
2013-10-09,600019,8.59,8.59,8.6,8.54,240423,101146251.0,0.7,-0.12,-0.01,0.15,-167.3300000000163,3024,0,223161.00222329865,79424.53222329867,16733
2013-10-10,600019,8.58,8.56,8.59,8.53,271379,113870119.0,0.7,-0.35,-0.03,0.16,-502.70475999999326,3025,9,222658.29746329866,7947.817463298663,25083
2013-10-11,600019,8.56,8.62,8.63,8.54,323972,137207900.0,1.05,0.7,0.06,0.2,1504.3314312000002,3026,13,224162.62889449866,72804.04889449867,17559
2013-10-14,600019,8.62,8.63,8.64,8.58,243205,103230299.0,0.7,0.12,0.01,0.15,175.2259866000095,3027,5,224337.85488109867,36402.34488109867,21777
2013-10-15,600019,8.64,8.58,8.65,8.56,250826,106004584.0,1.04,-0.58,-0.05,0.15,-1089.4105314000044,3028,13,223248.44434969866,92454.92434969867,15244
2013-10-16,600019,8.62,8.57,8.63,8.53,307220,129625025.0,1.17,-0.12,-0.01,0.19,-152.99465040001087,3029,6,223095.44969929865,36989.32969929867,21716
2013-10-17,600019,8.56,8.58,8.63,8.54,242720,102534859.0,1.05,0.12,0.01,0.15,215.85575420001987,3030,17,223311.30545349867,167412.60545349866,6515
2013-10-18,600019,8.59,8.59,8.65,8.54,281015,119077327.0,1.28,0.12,0.01,0.17,65.094079100003,3031,11,223376.39953259868,173004.63953259867,5864
2013-10-21,600019,8.58,8.59,8.62,8.54,251940,106260691.0,0.93,0.0,0.0,0.15,-0.8650130000314675,3032,5,223375.53451959864,86502.47451959866,15934
2013-10-22,600019,8.59,8.56,8.59,8.54,207540,87486754.0,0.58,-0.35,-0.03,0.13,-478.45245119999163,3033,5,222897.08206839865,43256.92206839866,20986
2013-10-23,600019,8.57,8.51,8.6,8.51,253590,106396425.0,1.05,-0.58,-0.05,0.15,-1049.689247399976,3034,9,221847.39282099868,4331.792820998657,25560
2013-10-24,600019,8.52,8.45,8.52,8.42,262509,108096296.0,1.18,-0.71,-0.06,0.16,-1533.6172380000353,3035,4,220313.77558299864,2607.9755829986566,25764
2013-10-25,600019,8.45,8.36,8.46,8.32,334343,135720229.0,1.66,-1.07,-0.09,0.2,-2320.0522888000123,3036,16,217993.72329419863,131835.56329419866,10306
2013-10-28,600019,8.36,8.38,8.38,8.34,153158,61819186.0,0.48,0.24,0.02,0.09,205.60186460003024,3037,16,218199.32515879866,183648.58515879867,4123
2013-10-29,600019,8.37,8.35,8.41,8.31,300447,121393338.0,1.19,-0.36,-0.03,0.18,-123.87361650000094,3038,1,218075.45154229866,165286.75154229868,6322
2013-10-30,600019,8.34,8.4,8.42,8.32,207398,83951149.0,1.2,0.6,0.05,0.13,315.43892000001506,3039,4,218390.89046229867,99178.09046229867,14192
2013-10-31,600019,8.41,8.38,8.41,8.35,135441,54866475.0,0.71,-0.24,-0.02,0.08,-284.3358445999911,3040,5,218106.55461769868,49593.13461769866,20109
2013-11-01,600019,8.38,8.41,8.42,8.37,112956,45989135.0,0.6,0.36,0.03,0.07,602.8237653999822,3041,9,218709.37838309866,4969.2283830986635,25415
2013-11-04,600019,8.42,8.41,8.45,8.4,105177,43025494.0,0.59,0.0,0.0,0.06,-0.02480949999880977,3042,5,218709.35357359867,2488.2535735986635,25710
2013-11-05,600019,8.38,8.42,8.43,8.36,135353,55039842.0,0.83,0.12,0.01,0.08,256.23408719999134,3043,14,218965.58766079866,89078.66766079866,15426
2013-11-06,600019,8.41,8.43,8.46,8.4,152540,62413742.0,0.71,0.12,0.01,0.09,153.54749639998772,3044,8,219119.13515719865,17827.59515719865,23878
2013-11-07,600019,8.43,8.41,8.45,8.38,109810,44767254.0,0.83,-0.24,-0.02,0.07,-477.7607466999907,3045,11,218641.37441049865,37902.06441049866,21491
2013-11-08,600019,8.4,8.38,8.45,8.37,141520,57661439.0,0.95,-0.36,-0.03,0.09,-645.6304309999687,3046,15,217995.7439794987,127944.26397949866,10746
2013-11-11,600019,8.4,8.37,8.42,8.35,113209,45924695.0,0.84,-0.12,-0.01,0.07,-108.61137720002444,3047,9,217887.13260229866,12805.39260229867,24502
2013-11-12,600019,8.38,8.4,8.42,8.37,118963,48368171.0,0.6,0.36,0.03,0.07,734.2368000000133,3048,14,218621.36940229867,95124.56940229867,14702
2013-11-13,600019,8.38,8.35,8.4,8.34,127687,51479016.0,0.71,-0.6,-0.05,0.08,-735.5909800000081,3049,14,217885.77842229867,144222.07842229868,8822
2013-11-14,600019,8.36,8.32,8.37,8.31,120916,48671054.0,0.72,-0.36,-0.03,0.07,-264.8041855999618,3050,1,217620.9742366987,129803.37423669868,10555
2013-11-15,600019,8.35,8.4,8.42,8.34,224051,91040908.0,0.96,0.96,0.08,0.14,843.8680279999971,3051,16,218464.8422646987,183000.04226469868,4222
2013-11-18,600019,8.41,8.52,8.57,8.4,535832,222385430.0,2.02,1.43,0.12,0.33,506.38823399998364,3052,17,218971.2304986987,208176.3904986987,1267
2013-11-19,600019,8.53,8.48,8.53,8.45,211543,87526558.0,0.94,-0.47,-0.04,0.13,-51.304467199981445,3053,3,218919.9260314987,145729.0460314987,8631
2013-11-20,600019,8.49,8.52,8.53,8.47,186057,77405439.0,0.71,0.47,0.04,0.11,344.6571467999893,3054,4,219264.5831782987,87443.14317829869,15472
2013-11-21,600019,8.51,8.47,8.51,8.45,187379,77345143.0,0.7,-0.59,-0.05,0.11,-774.0371367000043,3055,5,218490.5460415987,43729.03604159868,20633
2013-11-22,600019,8.49,8.45,8.51,8.43,202353,83523779.0,0.94,-0.24,-0.02,0.12,-412.83483050001087,3056,4,218077.71121109868,26245.81121109868,22702
2013-11-25,600019,8.45,8.49,8.52,8.43,319951,132915800.0,1.07,0.47,0.04,0.19,906.9235771000094,3057,16,218984.6347881987,141886.94478819869,9081
2013-11-26,600019,8.48,8.54,8.6,8.48,422012,177550622.0,1.41,0.59,0.05,0.26,453.50719760000356,3058,17,219438.1419857987,196166.6419857987,2725
2013-11-27,600019,8.57,8.6,8.62,8.54,264860,111885052.0,0.94,0.7,0.06,0.16,161.73459199999343,3059,9,219599.87657779868,19624.076577798696,23253
2013-11-28,600019,8.59,8.7,8.75,8.58,489130,210604464.0,1.98,1.16,0.1,0.3,2324.2885380000225,3060,15,221924.1651157987,120769.2651157987,11627
2013-11-29,600019,8.7,8.68,8.7,8.62,187090,80114208.0,0.92,-0.23,-0.02,0.11,-233.62682280002628,3061,9,221690.53829299868,12085.898292998696,24148
2013-12-02,600019,8.64,8.57,8.65,8.53,405045,170757946.0,1.38,-1.27,-0.11,0.25,-2656.328334799997,3062,4,219034.20995819868,7252.369958198695,24712
2013-12-03,600019,8.56,8.67,8.7,8.54,426815,183127988.0,1.87,1.17,0.1,0.26,2471.1710422000324,3063,4,221505.38100039872,4356.561000398695,25046
2013-12-04,600019,8.69,8.79,8.84,8.67,548403,240726220.0,1.96,1.38,0.12,0.33,3005.4851915999316,3064,8,224510.86619199865,875.686191998695,25442
2013-12-05,600019,8.8,8.79,8.89,8.71,231900,101604030.0,2.05,0.0,0.0,0.14,-0.0034280999680049717,3065,4,224510.86276389868,532.872763898695,25481
2013-12-06,600019,8.78,8.8,8.84,8.75,327126,144083854.0,1.02,0.11,0.01,0.2,254.80524800004787,3066,9,224765.66801189873,57.668011898694886,25535
2013-12-09,600019,8.82,8.85,8.87,8.8,309071,137266266.0,0.8,0.57,0.05,0.19,1276.7495574999775,3067,9,226042.4175693987,13.41756939869488,25540
2013-12-10,600019,8.85,8.84,8.92,8.8,277190,123443832.0,1.36,-0.11,-0.01,0.17,-355.3999999999942,3068,5,225787.0175693987,13.41756939869488,25540
2013-12-11,600019,8.82,8.73,8.85,8.71,245666,107506663.0,1.58,-1.24,-0.11,0.15,-2909.399999999994,3069,4,222977.61756939872,13.41756939869488,25540
2013-12-12,600019,8.71,8.69,8.74,8.67,211136,91234204.0,0.8,-0.46,-0.04,0.13,-1121.600000000035,3070,5,221956.01756939868,13.41756939869488,25540
2013-12-13,600019,8.64,8.58,8.69,8.56,267774,114297921.0,1.5,-1.27,-0.11,0.16,-2909.399999999965,3071,4,219146.61756939872,13.41756939869488,25540
2013-12-16,600019,8.58,8.53,8.62,8.51,269657,113448114.0,1.28,-0.58,-0.05,0.16,-1377.000000000029,3072,9,217869.6175693987,13.41756939869488,25540
2013-12-17,600019,8.53,8.48,8.56,8.46,194759,80829217.0,1.17,-0.59,-0.05,0.12,-1276.999999999971,3073,0,216592.61756939872,13.41756939869488,25540
2013-12-18,600019,8.48,8.51,8.52,8.46,78338,32448539.0,0.71,0.35,0.03,0.05,766.1999148999748,3074,10,217358.8174842987,4.907484298694881,25541
2013-12-19,600019,8.51,8.43,8.53,8.43,165958,68517566.0,1.18,-0.94,-0.08,0.1,-2143.279999999999,3075,8,215315.5374842987,4.907484298694881,25541
2013-12-20,600019,8.46,8.36,8.46,8.32,294359,119453558.0,1.66,-0.83,-0.07,0.18,-1887.8700000000244,3076,4,213527.66748429867,4.907484298694881,25541
2013-12-23,600019,8.38,8.34,8.38,8.31,183441,74001877.0,0.84,-0.24,-0.02,0.11,-610.8199999999779,3077,2,213016.8474842987,4.907484298694881,25541
2013-12-24,600019,8.34,8.41,8.45,8.34,240301,97190783.0,1.32,0.84,0.07,0.15,1687.8699999999953,3078,5,214804.7174842987,4.907484298694881,25541
2013-12-25,600019,8.38,8.41,8.43,8.36,88923,36209278.0,0.83,0.0,0.0,0.05,-100.0,3079,5,214804.7174842987,4.907484298694881,25541
2013-12-26,600019,8.41,8.36,8.42,8.35,78974,31964096.0,0.83,-0.59,-0.05,0.05,-1277.0500000000175,3080,0,213527.66748429867,4.907484298694881,25541
2013-12-27,600019,8.38,8.42,8.48,8.35,228466,93845237.0,1.56,0.72,0.06,0.14,1532.460000000021,3081,0,215060.1274842987,4.907484298694881,25541
2013-12-30,600019,8.46,8.38,8.51,8.32,263392,107671242.0,2.26,-0.48,-0.04,0.16,-1121.6399999999849,3082,10,214038.4874842987,4.907484298694881,25541
2013-12-31,600019,8.36,8.42,8.43,8.35,248249,100870594.0,0.95,0.48,0.04,0.15,921.6399999999849,3083,5,215060.1274842987,4.907484298694881,25541
2014-01-02,600019,8.4,8.36,8.4,8.31,353070,142205274.0,1.07,-0.71,-0.06,0.21,-1533.7410864000267,3084,16,213526.38639789866,128112.26639789868,10217
2014-01-03,600019,8.32,8.32,8.36,8.3,200782,80521362.0,0.72,-0.48,-0.04,0.12,-409.44860159998643,3085,6,213116.93779629868,51251.33779629867,19455
2014-01-06,600019,8.32,8.19,8.34,8.06,367298,143026350.0,3.37,-1.56,-0.13,0.22,-2529.406183200015,3086,5,210587.53161309866,25632.761613098668,22583
2014-01-07,600019,8.15,8.18,8.21,8.14,94671,36821073.0,0.85,-0.12,-0.01,0.06,-226.7536037999962,3087,15,210360.77800929866,117992.21800929867,11292
2014-01-08,600019,8.2,8.1,8.2,7.97,343247,130951954.0,2.81,-0.98,-0.08,0.21,-904.421828999999,3088,9,209456.35618029867,11808.25618029866,24401
2014-01-09,600019,8.07,8.06,8.08,8.03,192004,72782129.0,0.62,-0.49,-0.04,0.12,-977.2199839999666,3089,16,208479.1361962987,129805.47619629868,9761
2014-01-10,600019,8.07,8.04,8.08,7.98,197512,74222025.0,1.24,-0.25,-0.02,0.12,-195.61235200002557,3090,15,208283.52384429867,169040.28384429868,4881
2014-01-13,600019,8.06,8.12,8.14,8.02,222700,84745080.0,1.49,1.0,0.08,0.14,390.440374400001,3091,11,208673.96421869867,173002.80421869867,4393
2014-01-14,600019,8.13,8.2,8.2,8.12,182151,70738683.0,0.99,0.99,0.08,0.11,351.25992799998494,3092,15,209025.22414669866,191009.82414669867,2197
2014-01-15,600019,8.2,8.14,8.2,8.13,64902,25110825.0,0.85,-0.73,-0.06,0.04,-131.85573459998704,3093,12,208893.36841209867,194583.24841209868,1758
2014-01-16,600019,8.15,8.15,8.2,8.13,136989,53201968.0,0.86,0.12,0.01,0.08,16.801674999995157,3094,4,208910.17008709867,116749.97008709867,11308
2014-01-17,600019,8.15,7.99,8.17,7.92,438590,164629896.0,3.07,-1.96,-0.16,0.27,-1809.7317546000122,3095,15,207100.43833249866,161924.97833249866,5654
2014-01-20,600019,7.98,7.98,8.01,7.96,135919,50658452.0,0.63,-0.13,-0.01,0.08,-57.187656800000696,3096,4,207043.25067569865,97158.65067569865,13770
2014-01-21,600019,7.97,7.99,8.03,7.96,169223,63226498.0,0.88,0.13,0.01,0.1,137.11712949999492,3097,6,207180.36780519865,38871.017805198644,21065
2014-01-22,600019,7.99,8.09,8.1,7.98,207067,78475904.0,1.5,1.25,0.1,0.13,2106.3056781999767,3098,5,209286.67348339863,19438.643483398642,23467
2014-01-23,600019,8.07,8.02,8.08,8.01,172898,65137425.0,0.87,-0.87,-0.07,0.1,-1642.7094083999982,3099,1,207643.96407499863,17497.784074998643,23709
2014-01-24,600019,8.02,8.04,8.09,7.99,220393,83612905.0,1.25,0.25,0.02,0.13,474.09252479998395,3100,5,208118.0565997986,8750.176599798644,24797
2014-01-27,600019,8.02,8.02,8.03,7.99,101554,38134963.0,0.5,-0.25,-0.02,0.06,-495.9924507999676,3101,6,207622.06414899864,3505.0441489986433,25451
2014-01-28,600019,8.03,8.03,8.06,8.01,141552,53340409.0,0.62,0.12,0.01,0.09,253.28381900000386,3102,16,207875.34796799865,126121.91796799864,10181
2014-01-29,600019,8.03,8.09,8.1,8.02,183521,69734203.0,1.0,0.75,0.06,0.11,610.2011503999529,3103,18,208485.5491183986,192006.2191183986,2037
2014-01-30,600019,8.07,8.06,8.09,8.04,87787,33307637.0,0.62,-0.37,-0.03,0.05,-61.10999999998603,3104,0,208424.43911839862,192006.2191183986,2037
2014-02-07,600019,8.04,8.06,8.06,8.02,86417,32579576.0,0.5,0.0,0.0,0.05,-0.38397840000106953,3105,2,208424.0551399986,153607.99513999862,6801
2014-02-10,600019,8.06,8.1,8.12,8.04,186623,71306860.0,0.99,0.5,0.04,0.11,271.4891190000053,3106,20,208695.54425899862,208695.54425899862,0
2014-02-11,600019,8.09,8.12,8.15,8.07,353968,135494993.0,0.99,0.25,0.02,0.21,-500.0,3107,15,208695.54425899862,208695.54425899862,0
2014-02-12,600019,8.12,8.12,8.13,8.09,187368,71813651.0,0.49,0.0,0.0,0.11,-0.8347360000188928,3108,4,208694.7095229986,125221.10952299862,10280
2014-02-13,600019,8.12,8.1,8.13,8.09,220866,84646893.0,0.49,-0.25,-0.02,0.13,-206.2661439999647,3109,18,208488.44337899864,191834.84337899863,2056
2014-02-14,600019,8.1,8.13,8.13,8.08,199567,76402931.0,0.62,0.37,0.03,0.12,61.10455859999638,3110,3,208549.54793759863,134290.12793759862,9134
2014-02-17,600019,8.14,8.14,8.15,8.1,294685,113370053.0,0.62,0.12,0.01,0.18,90.96824620000552,3111,15,208640.51618379864,171465.13618379863,4567
2014-02-18,600019,8.13,8.09,8.14,8.07,245714,93858574.0,0.86,-0.61,-0.05,0.15,-229.03578930001822,3112,4,208411.48039449862,102885.52039449864,13044
2014-02-19,600019,8.08,8.12,8.13,8.07,258569,98920997.0,0.74,0.37,0.03,0.16,391.320000000007,3113,0,208802.80039449863,102885.52039449864,13044
2014-02-20,600019,8.12,8.13,8.2,8.1,463747,179387782.0,1.23,0.12,0.01,0.28,130.02854070003377,3114,4,208932.82893519866,61739.17893519863,18105
2014-02-21,600019,8.13,8.09,8.14,8.07,234668,89818613.0,0.86,-0.49,-0.04,0.14,-724.9323068000376,3115,15,208207.89662839862,134969.12662839863,9053
2014-02-24,600019,8.08,7.99,8.08,7.96,241730,90497383.0,1.48,-1.24,-0.1,0.15,-905.6616273999971,3116,15,207302.23500099863,171131.50500099862,4527
2014-02-25,600019,7.98,7.95,7.99,7.92,270385,100481265.0,0.88,-0.5,-0.04,0.16,-181.15194750000956,3117,12,207121.08305349862,178326.18305349862,3622
2014-02-26,600019,7.93,7.9,7.95,7.87,276352,101255232.0,1.01,-0.63,-0.05,0.17,-181.9915939999919,3118,5,206939.09145949862,89165.89145949861,14908
2014-02-27,600019,7.91,7.97,7.97,7.86,281826,103479337.0,1.39,0.89,0.07,0.17,1042.965916199988,3119,15,207982.0573756986,148573.6773756986,7454
2014-02-28,600019,7.96,7.92,7.96,7.88,293337,107602909.0,1.0,-0.63,-0.05,0.18,-372.70000000001164,3120,0,207609.3573756986,148573.6773756986,7454
2014-03-03,600019,7.91,7.93,7.97,7.88,282430,104013399.0,1.14,0.13,0.01,0.17,73.50005980001879,3121,7,207682.85743549862,44578.617435498614,20568
2014-03-04,600019,7.91,7.92,7.93,7.87,242703,88860199.0,0.76,-0.13,-0.01,0.15,-205.8136896000069,3122,3,207477.0437458986,31209.523745898616,22256
2014-03-05,600019,7.92,7.9,7.93,7.87,172841,63239526.0,0.76,-0.25,-0.02,0.1,-445.9991120000195,3123,15,207031.0446338986,119119.84463389861,11128
2014-03-06,600019,7.88,7.9,7.91,7.85,192785,70275311.0,0.76,0.0,0.0,0.12,-1.0720299999811687,3124,9,207029.9726038986,11915.7726038986,24698
2014-03-07,600019,7.9,7.87,7.92,7.87,220768,80758395.0,0.63,-0.38,-0.03,0.13,-741.0471894000075,3125,9,206288.9254144986,1196.7254144985982,26060
2014-03-10,600019,7.86,7.77,7.9,7.76,349008,125874947.0,1.78,-1.27,-0.1,0.21,-2607.2149172000354,3126,16,203681.71049729857,122687.23049729859,10424
2014-03-11,600019,7.77,7.84,7.87,7.76,279015,100409588.0,1.42,0.9,0.07,0.17,729.516614400025,3127,12,204411.2271116986,139025.6271116986,8340
2014-03-12,600019,7.81,7.84,7.87,7.8,178361,64364562.0,0.89,0.0,0.0,0.11,-0.9731008000089787,3128,7,204410.25401089858,41714.57401089858,20752
2014-03-13,600019,7.85,7.85,7.9,7.82,177122,64237261.0,1.02,0.13,0.01,0.11,207.51999999996042,3129,0,204617.77401089855,41714.57401089858,20752
2014-03-14,600019,7.84,7.81,7.84,7.79,143657,51577891.0,0.64,-0.51,-0.04,0.09,-830.2051161999698,3130,3,203787.56889469858,29202.828894698578,22354
2014-03-17,600019,7.82,7.85,7.86,7.81,132586,47830272.0,0.64,0.51,0.04,0.08,892.7561845000018,3131,18,204680.32507919858,169582.97507919857,4471
2014-03-18,600019,7.86,7.86,7.87,7.82,192352,69673110.0,0.64,0.13,0.01,0.12,43.183823800005484,3132,9,204723.50890299858,16963.82890299856,23888
2014-03-19,600019,7.85,7.84,7.86,7.8,153015,55175001.0,0.76,-0.25,-0.02,0.09,-477.79386880004313,3133,2,204245.71503419854,13576.91503419856,24320
2014-03-20,600019,7.84,7.8,7.86,7.75,148910,53594102.0,1.4,-0.51,-0.04,0.09,-972.8271439999808,3134,2,203272.88789019856,10862.487890198561,24668
2014-03-21,600019,7.79,7.88,7.91,7.76,265490,95958082.0,1.92,1.03,0.08,0.16,1973.4292043999885,3135,1,205246.31709459855,9782.91709459856,24805
2014-03-24,600019,7.9,8.04,8.09,7.9,607357,227461595.0,2.41,2.03,0.16,0.37,3968.760925599985,3136,4,209215.07802019853,5875.4380201985605,25291
2014-03-25,600019,8.03,8.04,8.1,8.01,318420,120997120.0,1.12,0.0,0.0,0.19,-2.033396399987396,3137,20,209213.04462379855,209213.04462379855,0
2014-03-26,600019,8.04,8.02,8.08,7.99,129069,48601789.0,1.12,-0.25,-0.02,0.08,-0.8368068000127096,3138,4,209212.20781699853,125531.52781699854,10434
2014-03-27,600019,8.01,8.07,8.19,7.96,287168,108497073.0,2.87,0.62,0.05,0.17,521.1978846000275,3139,4,209733.40570159856,75319.48570159853,16656
2014-03-28,600019,8.06,8.08,8.13,8.03,190969,72912305.0,1.24,0.12,0.01,0.12,166.25877759995637,3140,4,209899.66447919852,45196.94447919853,20384
2014-03-31,600019,8.08,8.13,8.18,8.06,421807,162457492.0,1.49,0.62,0.05,0.26,1019.0343106000219,3141,11,210918.69878979854,61765.71878979853,18346
2014-04-01,600019,8.13,8.21,8.26,8.1,381361,149624887.0,1.97,0.98,0.08,0.23,1467.679999999993,3142,0,212386.37878979853,61765.71878979853,18346
2014-04-02,600019,8.19,8.28,8.34,8.19,439249,174591672.0,1.83,0.85,0.07,0.27,1283.9162068000005,3143,12,213670.29499659853,92144.73499659853,14677
2014-04-03,600019,8.3,8.17,8.3,8.08,517209,200619384.0,2.66,-1.33,-0.11,0.31,-1614.654233499983,3144,2,212055.64076309855,73721.20076309853,16932
2014-04-04,600019,8.13,8.23,8.23,8.1,220892,86070812.0,1.59,0.73,0.06,0.13,1015.2565796999843,3145,9,213070.89734279853,7378.5073427985335,24993
2014-04-08,600019,8.2,8.31,8.31,8.19,408767,162125151.0,1.46,0.97,0.08,0.25,1998.4015824000235,3146,15,215069.29892519856,111219.22892519855,12497
2014-04-09,600019,8.3,8.26,8.34,8.25,170717,68023916.0,1.08,-0.6,-0.05,0.1,-624.9531674000318,3147,11,214444.34575779852,121535.86575779854,11248
2014-04-10,600019,8.26,8.4,8.45,8.21,624380,252084894.0,2.91,1.69,0.14,0.38,1573.8693320000311,3148,7,216018.21508979856,36468.21508979854,21375
2014-04-11,600019,8.41,8.46,8.52,8.4,457144,188883432.0,1.43,0.71,0.06,0.28,1281.5958798000065,3149,15,217299.81096959856,126879.33096959855,10688
2014-04-14,600019,8.46,8.4,8.49,8.37,180218,73410493.0,1.42,-0.71,-0.06,0.11,-641.7288960000151,3150,15,216658.08207359855,171768.48207359854,5344
2014-04-15,600019,8.37,8.29,8.41,8.28,180645,72480685.0,1.55,-1.31,-0.11,0.11,-588.23866610002,3151,19,216069.84340749853,211634.69340749853,535
2014-04-16,600019,8.29,8.3,8.35,8.26,100213,40086261.0,1.09,0.12,0.01,0.06,5.327839000005042,3152,15,216075.17124649853,213850.77124649854,268
2014-04-17,600019,8.3,8.3,8.32,8.29,80468,32140557.0,0.36,0.0,0.0,0.05,-1.924520999978995,3153,9,216073.24672549855,21396.746725498524,23455
2014-04-18,600019,8.28,8.25,8.28,8.21,124906,49224590.0,0.84,-0.6,-0.05,0.08,-1172.9639225000283,3154,10,214900.28280299852,4.28280299852122,26048
2014-04-21,600019,8.2,8.19,8.25,8.19,114886,45093879.0,0.73,-0.73,-0.06,0.07,-1563.093267600023,3155,11,213337.1895353985,21330.82953539852,23444
2014-04-22,600019,8.19,8.19,8.23,8.17,125950,49101887.0,0.73,0.0,0.0,0.08,-0.9600318000011612,3156,15,213336.2295035985,117333.04950359851,11722
2014-04-23,600019,8.19,8.19,8.23,8.17,88854,34644257.0,0.73,0.0,0.0,0.05,-0.70393050002167,3157,6,213335.52557309848,46939.2955730985,20317
2014-04-24,600019,8.18,8.2,8.25,8.17,155178,60740928.0,0.98,0.12,0.01,0.09,202.88841200000024,3158,6,213538.41398509848,18780.213985098497,23751
2014-04-25,600019,8.23,8.18,8.23,8.17,81804,31892984.0,0.73,-0.24,-0.02,0.05,-475.03873219998786,3159,1,213063.3752528985,16906.975252898497,23980
2014-04-28,600019,8.19,8.17,8.19,8.13,109715,42471326.0,0.73,-0.12,-0.01,0.07,-239.86756590000005,3160,4,212823.5076869985,10150.317686998496,24807
2014-04-29,600019,8.17,8.17,8.19,8.14,108132,41928655.0,0.61,0.0,0.0,0.07,-0.05073569997330196,3161,5,212823.45695129852,5076.696951298496,25428
2014-04-30,600019,8.19,8.17,8.19,8.13,77812,30127032.0,0.73,0.0,0.0,0.05,-0.41544450001674704,3162,12,212823.0415067985,46620.7315067985,20343
2014-05-05,600019,8.17,8.2,8.21,8.15,149203,58042529.0,0.73,0.37,0.03,0.09,610.2434239999857,3163,1,213433.2849307985,41963.0849307985,20911
2014-05-06,600019,8.21,8.2,8.25,8.19,127420,50015470.0,0.73,0.0,0.0,0.08,-1.0287719999905676,3164,16,213432.2561587985,144839.2561587985,8365
2014-05-07,600019,8.18,8.15,8.19,8.15,86233,33510109.0,0.49,-0.61,-0.05,0.05,-418.59083299999475,3165,15,213013.6653257985,178922.2153257985,4183
2014-05-08,600019,8.15,8.19,8.24,8.14,121621,47485916.0,1.23,0.49,0.04,0.07,165.70976409997093,3166,9,213179.37508989847,17897.015089898487,23844
2014-05-09,600019,8.21,8.18,8.23,8.17,115956,45223352.0,0.73,-0.12,-0.01,0.07,-239.02511539997067,3167,13,212940.3499744985,76407.9699744985,16691
2014-05-12,600019,8.2,8.29,8.3,8.19,244098,96626561.0,1.34,1.34,0.11,0.15,1835.3224273999804,3168,9,214775.67240189848,7650.022401898503,24985
2014-05-13,600019,8.28,8.24,8.29,8.21,116840,46047937.0,0.97,-0.6,-0.05,0.07,-1250.2793407999561,3169,15,213525.39306109853,110583.0730610985,12493
2014-05-14,600019,8.23,8.21,8.26,8.2,121657,47813548.0,0.73,-0.36,-0.03,0.07,-375.23227269999916,3170,4,213150.16078839853,66355.3607883985,17880
2014-05-15,600019,8.21,8.14,8.24,8.14,120058,46764694.0,1.22,-0.85,-0.07,0.07,-1251.9980460000224,3171,6,211898.1627423985,26550.362742398487,22770
2014-05-16,600019,8.14,8.15,8.18,8.13,67261,26075861.0,0.61,0.12,0.01,0.04,227.5673179999867,3172,5,212125.7300603985,13282.030060398485,24398
2014-05-19,600019,8.15,8.14,8.17,8.08,89983,34582356.0,1.1,-0.12,-0.01,0.05,-243.98000000001048,3173,0,211881.75006039848,13282.030060398485,24398
2014-05-20,600019,8.14,8.14,8.17,8.13,43469,16813708.0,0.49,0.0,0.0,0.03,0.0,3174,0,211881.75006039848,13282.030060398485,24398
2014-05-21,600019,8.12,8.14,8.15,8.1,110364,42534625.0,0.61,0.0,0.0,0.07,-1.9859971999831032,3175,20,211879.7640631985,211879.7640631985,0
2014-05-22,600019,8.14,8.14,8.19,8.13,105353,40835045.0,0.74,0.0,0.0,0.06,-500.0,3176,15,211879.7640631985,211879.7640631985,0
2014-05-23,600019,8.17,8.15,8.18,8.14,54739,21215204.0,0.49,0.12,0.01,0.03,-500.0,3177,14,211879.7640631985,211879.7640631985,0
2014-05-26,600019,8.19,8.24,8.25,8.18,197694,77591624.0,0.86,1.1,0.09,0.12,-1.271184799988987,3178,6,211878.4928783985,84760.01287839848,15427
2014-05-27,600019,8.24,8.24,8.28,8.21,134456,53152478.0,0.85,0.0,0.0,0.08,-0.6779872000333853,3179,8,211877.81489119848,16960.61489119848,23655
2014-05-28,600019,8.25,8.25,8.28,8.2,137034,54091663.0,0.97,0.12,0.01,0.08,234.59846250002738,3180,20,212112.4133536985,212112.4133536985,0
2014-05-29,600019,8.28,8.26,8.29,8.25,102334,40568931.0,0.48,0.12,0.01,0.06,-500.0,3181,13,212112.4133536985,212112.4133536985,0
2014-05-30,600019,8.26,8.24,8.3,8.23,302117,119943034.0,0.85,-0.24,-0.02,0.18,-0.4241951999720186,3182,2,212111.98915849853,169692.4691584985,5148
2014-06-03,600019,8.24,8.23,8.26,8.21,133865,52789766.0,0.61,-0.12,-0.01,0.08,-51.86129590001656,3183,19,212060.1278625985,207821.6778625985,515
2014-06-04,600019,8.25,8.21,8.25,8.2,83473,32768603.0,0.61,-0.24,-0.02,0.05,-10.30845630003023,3184,12,212049.81940629848,208667.2994062985,412
2014-06-05,600019,8.21,8.23,8.24,8.19,97824,38331280.0,0.61,0.24,0.02,0.06,8.223046200029785,3185,15,212058.0424524985,210362.6624524985,206
2014-06-06,600019,8.23,8.23,8.25,8.18,149522,58705756.0,0.85,0.0,0.0,0.09,-0.841435200010892,3186,4,212057.2010172985,126218.3010172985,10430
2014-06-09,600019,8.21,8.23,8.25,8.19,67307,26434094.0,0.73,0.0,0.0,0.04,-0.8583890000008978,3187,20,212056.3426282985,212056.3426282985,0
2014-06-10,600019,8.23,8.25,8.25,8.2,122730,48248319.0,0.61,0.24,0.02,0.07,-0.2120250000152737,3188,1,212056.1306032985,190853.6306032985,2570
2014-06-11,600019,8.24,8.2,8.26,8.19,157707,61851558.0,0.85,-0.61,-0.05,0.1,-128.6685920000018,3189,18,211927.46201129848,207712.6620112985,514
2014-06-12,600019,8.19,8.23,8.23,8.19,92939,36426896.0,0.49,0.37,0.03,0.06,15.420000000012806,3190,0,211942.8820112985,207712.6620112985,514
2014-06-13,600019,8.23,8.25,8.25,8.2,128010,50434126.0,0.61,0.24,0.02,0.08,10.258797499991488,3191,15,211953.1408087985,209832.8908087985,257
2014-06-16,600019,8.24,8.26,8.26,8.23,142934,56424419.0,0.36,0.12,0.01,0.09,2.5594272000016645,3192,15,211955.7002359985,210890.16023599848,129
2014-06-17,600019,8.25,8.24,8.25,8.21,104259,41043570.0,0.48,-0.24,-0.02,0.06,-4.267057600023691,3193,8,211951.43317839847,42182.713178398466,20603
2014-06-18,600019,8.23,8.23,8.25,8.21,110148,43309121.0,0.49,-0.12,-0.01,0.07,-206.07213759998558,3194,1,211745.36104079848,37968.91104079846,21115
2014-06-19,600019,8.23,8.21,8.25,8.19,96031,37652210.0,0.73,-0.24,-0.02,0.06,-422.67963039997267,3195,10,211322.6814103985,5.491410398462904,25739
2014-06-20,600019,8.21,8.21,8.24,8.2,78050,30612147.0,0.49,0.0,0.0,0.05,-1.0565449000278022,3196,15,211321.62486549848,105658.92486549847,12870
2014-06-23,600019,8.21,8.2,8.23,8.2,61704,24178913.0,0.37,-0.12,-0.01,0.04,-129.54525600004126,3197,8,211192.07960949844,21132.479609498478,23178
2014-06-24,600019,8.21,8.23,8.24,8.2,84370,33094198.0,0.49,0.37,0.03,0.05,695.3189312000468,3198,1,211887.3985406985,19025.578540698476,23434
2014-06-25,600019,8.23,8.3,8.31,8.21,241114,95742275.0,1.22,0.85,0.07,0.15,1639.4074890000047,3199,15,213526.8060296985,116275.70602969849,11717
2014-06-26,600019,8.3,8.41,8.43,8.29,411797,167070327.0,1.69,1.33,0.11,0.25,1288.6374634999956,3200,2,214815.4434931985,93021.82349319848,14482
2014-06-27,600019,8.41,8.53,8.53,8.38,500979,207924014.0,1.78,1.43,0.12,0.31,1737.8399999999674,3201,0,216553.28349319845,93021.82349319848,14482
2014-06-30,600019,8.54,8.56,8.7,8.52,481776,200032233.0,2.11,0.35,0.03,0.29,433.96420480002416,3202,14,216987.24769799848,142600.84769799848,8690
2014-07-01,600019,8.56,8.53,8.62,8.52,289765,118919117.0,1.17,-0.35,-0.03,0.18,-262.1259601000056,3203,10,216725.12173789847,3.4117378984810784,25407
2014-07-02,600019,8.53,8.53,8.59,8.47,252018,102979028.0,1.41,0.0,0.0,0.15,-1.3003132000158075,3204,16,216723.82142469846,130033.43142469847,10163
2014-07-03,600019,8.52,8.56,8.65,8.51,309490,127953509.0,1.64,0.35,0.03,0.19,304.89000000001397,3205,0,217028.71142469847,130033.43142469847,10163
2014-07-04,600019,8.58,8.49,8.58,8.48,223016,90724166.0,1.17,-0.82,-0.07,0.14,-711.6700487000053,3206,2,216317.04137599847,104028.30137599848,13226
2014-07-07,600019,8.49,8.54,8.58,8.48,106765,43533697.0,1.18,0.59,0.05,0.07,660.6223509999982,3207,16,216977.66372699846,171792.52372699848,5291
2014-07-08,600019,8.53,8.52,8.56,8.49,87915,35766377.0,0.82,-0.23,-0.02,0.05,-105.9917631999997,3208,1,216871.67196379846,154616.03196379848,7307
2014-07-09,600019,8.52,8.47,8.52,8.46,131412,53072659.0,0.7,-0.59,-0.05,0.08,-365.9683946999721,3209,4,216505.7035690985,92775.94356909848,14608
2014-07-10,600019,8.46,8.43,8.48,8.38,204096,81425713.0,1.18,-0.47,-0.04,0.12,-584.691088600026,3210,4,215921.01248049847,55666.71248049848,19010
2014-07-11,600019,8.42,8.43,8.51,8.41,184980,74353736.0,1.19,0.0,0.0,0.11,-0.055637999990722165,3211,1,215920.95684249848,50102.85684249848,19670
2014-07-14,600019,8.45,8.47,8.49,8.43,120551,48604055.0,0.71,0.47,0.04,0.07,786.5495420999941,3212,5,216707.50638459847,25056.816384598475,22627
2014-07-15,600019,8.48,8.53,8.53,8.47,267709,108610758.0,0.71,0.71,0.06,0.16,1357.4697013999976,3213,6,218064.97608599847,10026.806085998474,24389
2014-07-16,600019,8.53,8.64,8.65,8.53,606339,251679119.0,1.41,1.29,0.11,0.37,2682.7499104000162,3214,4,220747.72599639848,6017.805996398474,24853
2014-07-17,600019,8.64,8.64,8.68,8.6,387481,161855715.0,0.93,0.0,0.0,0.24,-1.5031007999787107,3215,17,220746.2228955985,156326.3828955985,7456
2014-07-18,600019,8.63,8.6,8.7,8.58,442894,185189541.0,1.39,-0.46,-0.04,0.27,-298.5606079999998,3216,15,220447.6622875985,188386.86228759852,3728
2014-07-21,600019,8.6,8.64,8.69,8.57,190628,79382091.0,1.4,0.47,0.04,0.12,149.12000000002445,3217,0,220596.78228759853,188386.86228759852,3728
2014-07-22,600019,8.63,8.71,8.74,8.62,298719,126070044.0,1.39,0.81,0.07,0.18,260.95999999999185,3218,0,220857.74228759852,188386.86228759852,3728
2014-07-23,600019,8.71,8.78,8.8,8.7,381849,163484313.0,1.15,0.8,0.07,0.23,260.58325019999756,3219,2,221118.32553779852,150711.5055377985,8019
2014-07-24,600019,8.78,8.82,8.84,8.73,257265,110503520.0,1.25,0.46,0.04,0.16,320.68935180001426,3220,11,221439.01488959853,157776.25488959852,7218
2014-07-25,600019,8.82,8.81,8.91,8.79,337628,146652648.0,1.36,-0.11,-0.01,0.21,-72.17999999999302,3221,0,221366.83488959854,157776.25488959852,7218
2014-07-28,600019,8.84,8.98,8.98,8.82,447046,197400230.0,1.82,1.93,0.17,0.27,1225.482303799974,3222,10,222592.3171933985,5.057193398504751,24787
2014-07-29,600019,8.97,8.91,8.97,8.86,339522,148667066.0,1.22,-0.78,-0.07,0.21,-1735.5316687000159,3223,12,220856.7855246985,44171.48552469851,19830
2014-07-30,600019,8.86,8.82,8.91,8.78,354431,153893192.0,1.46,-1.01,-0.09,0.22,-1784.788288199983,3224,2,219071.99723649852,35342.57723649851,20831
2014-07-31,600019,8.81,8.82,8.82,8.74,358935,153612710.0,0.91,0.0,0.0,0.22,-0.17666460000327788,3225,5,219071.8205718985,17675.94057189851,22834
2014-08-01,600019,8.82,8.93,9.03,8.8,720686,319524768.0,2.61,1.25,0.11,0.44,2511.1282950000023,3226,13,221582.9488668985,78845.82886689852,15984
2014-08-04,600019,8.93,9.18,9.23,8.9,798583,362477760.0,3.7,2.8,0.25,0.49,3996.0,3227,0,225578.9488668985,78845.82886689852,15984
2014-08-05,600019,9.17,9.17,9.19,9.09,344164,157461768.0,1.09,-0.11,-0.01,0.21,-159.8399999999965,3228,0,225419.10886689852,78845.82886689852,15984
2014-08-06,600019,9.17,9.29,9.29,9.07,389647,180268839.0,2.4,1.31,0.12,0.24,1917.7830915999948,3229,12,227336.8919584985,108536.37195849852,12788
2014-08-07,600019,9.29,9.28,9.34,9.23,349940,164301567.0,1.18,-0.11,-0.01,0.21,-128.59196160000283,3230,16,227208.2999968985,179731.81999689853,5116
2014-08-08,600019,9.26,9.19,9.29,9.17,241922,111812726.0,1.29,-0.97,-0.09,0.15,-461.3385982000036,3231,5,226746.9613986985,89871.10139869853,14894
2014-08-11,600019,9.2,9.26,9.31,9.14,337041,157223464.0,1.85,0.76,0.07,0.21,1041.7712316000252,3232,9,227788.73263029853,8993.452630298532,23628
2014-08-12,600019,9.21,9.13,9.26,9.08,460560,210473804.0,1.94,-1.4,-0.13,0.28,-3071.6579860999773,3233,2,224717.07464419855,7194.824644198532,23825
2014-08-13,600019,9.13,9.1,9.14,8.98,413209,186578739.0,1.75,-0.33,-0.03,0.25,-714.7931340000359,3234,6,224002.28151019852,2881.381510198532,24299
2014-08-14,600019,9.08,8.99,9.08,8.98,315129,141222970.0,1.1,-1.21,-0.11,0.19,-2672.892876799975,3235,1,221329.38863339854,2593.698633398532,24331
2014-08-15,600019,8.96,9.03,9.04,8.96,317150,141884149.0,0.89,0.44,0.04,0.19,973.2244683999743,3236,6,222302.61310179852,1040.523101798532,24503
2014-08-18,600019,9.02,9.01,9.07,8.98,299532,133806666.0,1.0,-0.22,-0.02,0.18,-491.1638150999788,3237,15,221811.44928669854,111420.92928669853,12252
2014-08-19,600019,8.98,9.06,9.06,8.95,391844,174680410.0,1.22,0.55,0.05,0.24,612.0449844000104,3238,15,222423.49427109855,166921.93427109855,6126
2014-08-20,600019,9.03,9.03,9.07,8.99,256894,115538817.0,0.88,-0.33,-0.03,0.16,-185.4491954999976,3239,10,222238.04507559855,0.7150755985639989,24611
2014-08-21,600019,9.04,9.04,9.06,8.98,219631,98438816.0,0.89,0.11,0.01,0.13,246.10999999998603,3240,0,222484.15507559854,0.7150755985639989,24611
2014-08-22,600019,9.04,9.12,9.12,9.01,269711,121967153.0,1.22,0.88,0.08,0.16,1868.8800000000047,3241,3,224453.03507559854,0.7150755985639989,24611
2014-08-25,600019,9.08,8.95,9.23,8.79,694653,308062624.0,4.82,-1.86,-0.17,0.42,-4185.852335499978,3242,19,220267.18274009856,198232.28274009857,2462
2014-08-26,600019,8.91,8.89,8.97,8.86,283484,124597046.0,1.23,-0.67,-0.06,0.17,-147.76373880001483,3243,12,220119.41900129855,202606.11900129856,1970
2014-08-27,600019,8.89,8.87,8.92,8.85,133687,58415484.0,0.79,-0.22,-0.02,0.08,-39.43494780000765,3244,12,220079.98405349854,206100.86405349855,1576
2014-08-28,600019,8.89,8.85,8.93,8.82,264343,115576999.0,1.24,-0.23,-0.02,0.16,-31.589738000009675,3245,15,220048.39431549853,213074.59431549854,788
2014-08-29,600019,8.85,8.96,8.97,8.84,184126,80976973.0,1.47,1.24,0.11,0.11,86.6446976000152,3246,15,220135.03901309855,216604.79901309856,394
2014-09-01,600019,8.97,9.04,9.08,8.91,321274,144259224.0,1.9,0.89,0.08,0.2,31.509332800022094,3247,13,220166.54834589857,217671.50834589856,276
2014-09-02,600019,9.06,9.1,9.12,9.02,335413,151788858.0,1.11,0.66,0.06,0.2,16.342418999993242,3248,1,220182.89076489856,195913.19076489855,2667
2014-09-03,600019,9.12,9.09,9.15,9.09,282304,128903046.0,0.66,-0.11,-0.01,0.17,-27.453558000037447,3249,4,220155.43720689852,117556.60720689854,11287
2014-09-04,600019,9.1,9.06,9.13,9.03,380877,172026827.0,1.1,-0.33,-0.03,0.23,-339.12125579995336,3250,15,219816.31595109857,168681.67595109856,5644
2014-09-05,600019,9.07,9.09,9.1,9.06,234372,106229758.0,0.44,0.33,0.03,0.14,169.31999999997788,3251,0,219985.63595109855,168681.67595109856,5644
2014-09-09,600019,9.09,9.13,9.14,9.06,299289,136482592.0,0.88,0.44,0.04,0.18,225.5539359000104,3252,14,220211.18988699856,189287.87988699856,3387
2014-09-10,600019,9.1,9.12,9.15,9.04,315012,143226562.0,1.2,-0.11,-0.01,0.19,-34.81638239999302,3253,5,220176.37350459857,94648.69350459856,13764
2014-09-11,600019,9.12,9.06,9.14,9.04,365944,166007441.0,1.1,-0.66,-0.06,0.22,-826.313203800004,3254,5,219350.06030079856,47327.840300798554,18987
2014-09-12,600019,9.06,9.02,9.07,8.97,454378,202897387.0,1.1,-0.44,-0.04,0.28,-759.52726480001,3255,1,218590.53303599855,42601.31303599855,19511
2014-09-15,600019,9.02,9.02,9.03,8.97,343511,153388648.0,0.67,0.0,0.0,0.21,-0.04257439999491908,3256,1,218590.49046159856,38343.830461598554,19983
2014-09-16,600019,9.02,9.06,9.17,9.01,778346,353663504.0,1.77,0.44,0.04,0.47,799.1282903999963,3257,5,219389.61875199855,19172.678751998552,22099
2014-09-17,600019,9.04,8.96,9.07,8.91,538582,239057381.0,1.77,-1.1,-0.1,0.33,-2210.6919743999897,3258,14,217178.92677759856,98369.32677759856,13260
2014-09-18,600019,8.95,8.96,8.99,8.92,301870,133542164.0,0.78,0.0,0.0,0.18,-0.8852479999768548,3259,9,217178.0415295986,9843.64152959855,23140
2014-09-19,600019,8.96,8.93,8.96,8.9,375295,165043370.0,0.67,-0.33,-0.03,0.23,-695.4398412000155,3260,16,216482.60168839857,133826.52168839856,9256
2014-09-22,600019,8.91,8.71,8.92,8.67,687942,294829264.0,2.8,-2.46,-0.22,0.42,-2036.7230987999937,3261,15,214445.87858959858,174135.99858959857,4628
2014-09-23,600019,8.71,8.74,8.74,8.67,484357,204573326.0,0.8,0.34,0.03,0.29,138.14350939998985,3262,4,214584.02209899857,104486.24209899857,12597
2014-09-24,600019,8.71,8.81,8.82,8.69,463775,198109723.0,1.49,0.8,0.07,0.28,881.1631685000029,3263,6,215465.18526749857,41802.46526749856,19712
2014-09-25,600019,8.84,8.8,8.85,8.78,391371,168745961.0,0.79,-0.11,-0.01,0.24,-197.98732799998834,3264,15,215267.19793949858,128534.39793949857,9856
2014-09-26,600019,8.76,8.79,8.82,8.75,292203,125262506.0,0.8,-0.11,-0.01,0.18,-99.71667610004079,3265,9,215167.48126339854,12865.631263398565,23015
2014-09-29,600019,8.79,8.8,8.82,8.79,293248,126141995.0,0.34,0.11,0.01,0.18,229.13738400005968,3266,15,215396.6186473986,114126.21864739858,11508
2014-09-30,600019,8.81,8.85,8.86,8.8,336248,145532653.0,0.68,0.57,0.05,0.2,574.3729574999597,3267,9,215970.99160489856,11420.941604898573,23113
2014-10-08,600019,8.85,8.86,8.87,8.84,454523,197361540.0,0.34,0.11,0.01,0.28,230.72049079998396,3268,12,216201.71209569855,52371.45209569857,18491
2014-10-09,600019,8.85,8.82,8.87,8.79,744905,321954864.0,0.9,-0.45,-0.04,0.45,-740.9446543999657,3269,18,215460.76744129858,182835.5874412986,3699
2014-10-10,600019,8.81,8.8,8.82,8.76,403301,173335808.0,0.68,-0.23,-0.02,0.25,-74.71127999998862,3270,4,215386.0561612986,109706.85616129858,12009
2014-10-13,600019,8.8,8.78,8.8,8.73,371932,158709879.0,0.8,-0.23,-0.02,0.23,-240.3993244000012,3271,2,215145.6568368986,87774.19683689858,14507
2014-10-14,600019,8.76,8.8,8.89,8.74,607858,262026428.0,1.71,0.23,0.02,0.37,289.35011200001463,3272,9,215435.0069488986,8784.606948898581,23483
2014-10-15,600019,8.79,8.95,8.99,8.73,1118146,488412192.0,2.95,1.7,0.15,0.68,3522.4149159999506,3273,4,218957.42186489856,5276.171864898582,23875
2014-10-16,600019,8.9,8.82,8.96,8.81,882888,386189248.0,1.68,-1.45,-0.13,0.54,-3104.802843399957,3274,15,215852.6190214986,110559.45902149858,11938
2014-10-17,600019,8.85,8.86,8.93,8.81,651100,283501984.0,1.36,0.45,0.04,0.4,477.0777973999793,3275,4,216329.69681889858,66338.75681889858,16929
2014-10-20,600019,8.92,8.9,8.98,8.87,468279,205726160.0,1.24,0.45,0.04,0.29,675.9546730000293,3276,18,217005.6514918986,186870.2514918986,3386
2014-10-21,600019,8.89,8.84,8.9,8.82,290836,126531542.0,0.9,-0.67,-0.06,0.18,-204.09429959999397,3277,5,216801.5571922986,93439.35719229862,13955
2014-10-22,600019,8.84,8.78,8.86,8.76,404093,174078281.0,1.13,-0.68,-0.06,0.25,-838.1408606000186,3278,9,215963.4163316986,9352.456331698617,23532
2014-10-23,600019,8.79,8.68,8.79,8.65,472086,199294172.0,1.59,-1.14,-0.1,0.29,-2353.2092875999806,3279,1,213610.2070440986,8423.687044098617,23639
2014-10-24,600019,8.68,8.67,8.7,8.64,219981,92254054.0,0.69,-0.12,-0.01,0.13,-236.5948720999877,3280,11,213373.61217199863,28910.692171998617,21276
2014-10-27,600019,8.65,8.59,8.65,8.57,321657,132946794.0,0.92,-0.92,-0.08,0.2,-1702.13781070002,3281,2,211671.4743612986,23129.564361298617,21949
2014-10-28,600019,8.59,8.7,8.7,8.59,347235,145196710.0,1.28,1.28,0.11,0.21,2414.1587540000037,3282,10,214085.6331152986,4.733115298615303,24607
2014-10-29,600019,8.73,8.82,8.86,8.69,645481,276807408.0,1.95,1.38,0.12,0.39,2852.8400000000256,3283,8,217038.47311529864,4.733115298615303,24607
2014-10-30,600019,8.81,8.87,8.9,8.79,629781,273941920.0,1.25,0.57,0.05,0.38,1228.3856497999805,3284,19,218266.85876509862,196437.7887650986,2461
2014-10-31,600019,8.95,8.98,9.15,8.93,1425907,639824912.0,2.48,1.24,0.11,0.87,270.6658183999825,3285,12,218537.5245834986,200855.9045834986,1969
2014-11-03,600019,8.98,9.07,9.12,8.96,976804,441197344.0,1.78,1.0,0.09,0.59,176.40667009999743,3286,4,218713.9312535986,120522.11125359859,10826
2014-11-04,600019,9.07,9.12,9.18,9.03,912846,416331056.0,1.65,0.55,0.05,0.56,540.817916799977,3287,4,219254.74917039857,72313.3091703986,16112
2014-11-05,600019,9.14,9.18,9.37,9.1,1396686,648800288.0,2.96,0.66,0.06,0.85,966.2861532000243,3288,6,220221.0353235986,28928.195323598593,20838
2014-11-06,600019,9.13,9.06,9.17,9.01,662327,298926608.0,1.74,-1.31,-0.12,0.4,-2500.5599999999977,3289,0,217720.4753235986,28928.195323598593,20838
2014-11-07,600019,9.04,8.99,9.09,8.98,612925,275817616.0,1.21,-0.77,-0.07,0.37,-1458.6600000000035,3290,0,216261.8153235986,28928.195323598593,20838
2014-11-10,600019,9.04,9.29,9.3,9.04,1152758,536096448.0,2.89,3.34,0.3,0.7,6251.139787099964,3291,9,222512.95511069856,2906.645110698595,23639
2014-11-11,600019,9.31,9.28,9.4,9.2,1292174,610022096.0,2.15,-0.11,-0.01,0.79,-236.40159999998286,3292,4,222276.55351069858,1746.633510698595,23764
2014-11-12,600019,9.23,9.3,9.32,9.2,544377,255055883.0,1.29,0.22,0.02,0.33,474.8380640000396,3293,12,222751.39157469862,45939.791574698604,19012
2014-11-13,600019,9.34,9.5,9.57,9.31,1368594,660246912.0,2.8,2.15,0.2,0.83,3802.2162699999753,3294,4,226553.6078446986,27566.607844698603,20946
2014-11-14,600019,9.45,9.4,9.58,9.36,947899,457934880.0,2.32,-1.05,-0.1,0.58,-2095.584461999999,3295,15,224458.0233826986,126011.82338269861,10473
2014-11-17,600019,9.56,9.31,9.57,9.3,978658,470639568.0,2.87,-0.96,-0.09,0.6,-943.0739502999932,3296,4,223514.9494323986,75616.2894323986,15886
2014-11-18,600019,9.31,9.12,9.32,9.08,908305,416370080.0,2.58,-2.04,-0.19,0.55,-3018.6424192000122,3297,4,220496.3070131986,45374.0670131986,19202
2014-11-19,600019,9.1,9.09,9.19,9.04,536924,244548000.0,1.64,-0.33,-0.03,0.33,-576.468231899984,3298,9,219919.8387812986,4550.468781298594,23693
2014-11-20,600019,9.08,9.08,9.12,9.06,375373,169998520.0,0.66,-0.11,-0.01,0.23,-239.0813243999728,3299,20,219680.75745689863,219680.75745689863,0
2014-11-21,600019,9.07,9.15,9.17,9.04,417034,189704529.0,1.43,0.77,0.07,0.25,-1.977040500001749,3300,9,219678.78041639863,21974.730416398612,21607
2014-11-24,600019,9.26,9.34,9.43,9.19,1207765,573815536.0,2.62,2.08,0.19,0.74,4105.110323199973,3301,10,223783.8907395986,6.8307395986084884,23959
2014-11-25,600019,9.35,9.41,9.5,9.3,754042,361996592.0,2.14,0.75,0.07,0.46,1675.3263853000244,3302,18,225459.21712489863,180366.49712489863,4792
2014-11-26,600019,9.41,9.4,9.45,9.31,618118,295197392.0,1.49,-0.11,-0.01,0.38,-47.9199999999837,3303,0,225411.29712489864,180366.49712489863,4792
2014-11-27,600019,9.43,9.4,9.48,9.26,1078862,515911136.0,2.34,0.0,0.0,0.66,-0.3603020000155084,3304,18,225410.93682289863,216396.33682289862,959
2014-11-28,600019,9.39,9.7,9.71,9.32,2049842,1006807744.0,4.15,3.19,0.3,1.25,287.69999999998254,3305,0,225698.6368228986,216396.33682289862,959
2014-12-01,600019,9.74,10.08,10.2,9.74,2627854,1384985648.0,4.74,3.92,0.38,1.6,364.20368320000125,3306,1,226062.8405060986,194764.44050609862,3105
2014-12-02,600019,10.02,10.3,10.41,9.82,2315181,1241983648.0,5.85,2.18,0.22,1.41,681.931568,3307,6,226744.7720740986,77920.0720740986,14449
2014-12-03,600019,10.29,10.42,10.84,10.24,2831062,1618687232.0,5.83,1.17,0.12,1.72,1733.7242210000113,3308,2,228478.49629509862,62342.0162950986,15944
2014-12-04,600019,10.47,10.72,10.75,10.34,2063936,1189541392.0,3.93,2.88,0.3,1.26,4782.345401600003,3309,15,233260.84169669863,147801.0016966986,7972
2014-12-05,600019,10.74,10.5,10.84,10.31,2468214,1423599536.0,4.94,-2.05,-0.22,1.5,-1754.425900000031,3310,17,231506.4157966986,206390.4157966986,2392
2014-12-08,600019,10.39,11.09,11.19,10.28,2573748,1527400080.0,8.67,5.62,0.59,1.57,1410.2480754999851,3311,5,232916.66387219858,103196.93387219858,11697
2014-12-09,600019,10.97,10.74,11.7,10.64,2968375,1866943536.0,9.56,-3.16,-0.35,1.81,-4094.8786877999955,3312,9,228821.78518439858,10327.225184398572,20344
2014-12-10,600019,10.75,10.97,11.06,10.5,1799837,1067595920.0,5.21,2.14,0.23,1.1,4678.004131600028,3313,15,233499.7893159986,121912.94931599859,10172
2014-12-11,600019,10.89,11.57,11.61,10.76,2504265,1566123472.0,7.75,5.47,0.6,1.52,6102.4938828999875,3314,16,239602.2831988986,192523.95319889858,4069
2014-12-12,600019,11.58,11.28,11.62,11.2,1647230,1052389696.0,3.63,-2.51,-0.29,1.0,-1180.2394352000265,3315,15,238422.04376369857,215467.24376369859,2035
2014-12-15,600019,11.24,11.12,11.24,10.92,1183094,727318032.0,2.84,-1.42,-0.16,0.72,-326.46179999999003,3316,4,238095.58196369858,129286.38196369859,9785
2014-12-16,600019,11.08,11.37,11.53,11.07,1759456,1122510960.0,4.14,2.25,0.25,1.07,2445.0865078999777,3317,9,240540.66847159856,12936.008471598587,20018
2014-12-17,600019,11.42,11.35,11.54,11.19,1443672,926970032.0,3.08,-0.18,-0.02,0.88,-400.41164249999565,3318,4,240140.25682909857,7771.706829098586,20473
2014-12-18,600019,11.37,11.33,11.56,11.31,1317027,851696368.0,2.2,-0.18,-0.02,0.8,-409.5297927999927,3319,9,239730.72703629857,792.3570362985856,21089
2014-12-19,600019,11.31,12.11,12.11,11.26,3229613,2169391360.0,7.5,6.88,0.78,1.97,16449.419999999984,3320,0,256180.14703629856,792.3570362985856,21089
2014-12-22,600019,12.44,12.28,12.94,12.04,2951429,2162572720.0,7.43,1.4,0.17,1.8,3585.1260704000015,3321,5,259765.27310669856,399.3931066985856,21121
2014-12-23,600019,11.97,11.68,12.2,11.61,1757175,1194390016.0,4.8,-4.89,-0.6,1.07,-12673.833407999977,3322,15,247091.43969869858,123738.95969869859,10561
2014-12-24,600019,11.62,11.33,11.68,11.09,1577611,1005155792.0,5.05,-3.0,-0.35,0.96,-3697.4635124000197,3323,9,243393.97618629856,12386.606186298566,20389
2014-12-25,600019,11.33,11.79,11.83,11.25,1312581,857470320.0,5.12,4.06,0.46,0.8,9377.257331199973,3324,17,252771.23351749853,180651.80351749854,6117
2014-12-26,600019,11.72,11.98,12.03,11.58,1525357,1038233584.0,3.82,1.61,0.19,0.93,1161.7903340000194,3325,16,253933.02385149855,224617.96385149856,2447
2014-12-29,600019,11.98,11.9,12.3,11.73,1517813,1054072976.0,4.76,-0.67,-0.08,0.92,-195.90553699998418,3326,15,253737.11831449857,239171.51831449856,1224
2014-12-30,600019,11.91,11.9,11.97,11.73,961856,654860064.0,2.02,0.0,0.0,0.59,-0.0873460000148043,3327,16,253737.03096849856,247906.03096849856,490
2014-12-31,600019,11.89,12.11,12.15,11.83,1270383,881249056.0,2.69,1.76,0.21,0.77,102.870330500009,3328,15,253839.90129899856,250872.95129899855,245
2015-01-05,600019,12.09,12.67,12.7,12.07,2376331,1742212768.0,5.2,4.62,0.56,1.45,137.19999999998254,3329,0,253977.10129899855,250872.95129899855,245
2015-01-06,600019,12.53,12.3,12.53,12.14,2060879,1477007984.0,3.08,-2.92,-0.37,1.25,-91.65343400000711,3330,4,253885.44786499854,150528.54786499852,8403
2015-01-07,600019,12.19,12.17,12.34,12.01,1456243,1026463536.0,2.68,-1.06,-0.13,0.89,-1092.992049900029,3331,4,252792.4558150985,90322.95581509851,13350
2015-01-08,600019,12.15,11.84,12.22,11.76,1336654,913779728.0,3.78,-2.71,-0.33,0.81,-4405.590220800019,3332,1,248386.8655942985,81300.7855942985,14112
2015-01-09,600019,11.81,11.64,12.03,11.58,1926576,1294452128.0,3.8,-1.69,-0.2,1.17,-2822.399999999965,3333,0,245564.46559429853,81300.7855942985,14112
2015-01-12,600019,11.54,11.3,11.54,11.15,1716541,1094573728.0,3.35,-2.92,-0.34,1.05,-4798.161247000011,3334,1,240766.30434729852,73176.0043472985,14831
2015-01-13,600019,11.26,11.28,11.37,11.2,765862,485139568.0,1.5,-0.18,-0.02,0.47,-297.62369440004113,3335,16,240468.68065289847,173544.44065289848,5933
2015-01-14,600019,11.29,11.15,11.33,11.07,983765,617419568.0,2.3,-1.15,-0.13,0.6,-771.3561194999784,3336,11,239697.3245333985,180156.3245333985,5340
2015-01-15,600019,11.04,11.41,11.41,10.96,1558652,969840272.0,4.04,2.33,0.26,0.95,1387.9125648000045,3337,18,241085.2370981985,228899.3570981985,1068
2015-01-16,600019,11.39,11.37,11.45,11.3,1128105,725038128.0,1.31,-0.35,-0.04,0.69,-42.744218100007856,3338,12,241042.4928800985,231321.1428800985,855
2015-01-19,600019,10.87,10.64,11.07,10.59,1874100,1113071792.0,4.22,-6.42,-0.73,1.14,-624.2136271999916,3339,17,240418.2792528985,237683.7992528985,257
2015-01-20,600019,10.68,10.74,10.8,10.62,981458,577022416.0,1.69,0.94,0.1,0.6,25.67519059998449,3340,19,240443.9544434985,240164.7144434985,26
2015-01-21,600019,10.76,11.02,11.06,10.63,1884889,1126932096.0,4.0,2.61,0.28,1.15,7.279779600008624,3341,11,240451.2342230985,240186.75422309848,24
2015-01-22,600019,11.01,11.13,11.22,10.95,1530003,946951264.0,2.45,1.0,0.11,0.93,0.478442699968582,3342,9,240451.71266579846,24028.862665798457,19445
2015-01-23,600019,11.13,11.04,11.22,11.0,1092620,677157136.0,1.98,-0.81,-0.09,0.67,-1750.6939632000285,3343,13,238701.01870259843,88424.53870259845,13612
2015-01-26,600019,11.03,11.18,11.18,11.02,867700,537925520.0,1.45,1.27,0.14,0.53,1905.2379428000131,3344,5,240606.25664539845,44218.37664539845,17566
2015-01-27,600019,11.19,11.01,11.19,10.85,1181574,721947008.0,3.04,-1.52,-0.17,0.72,-2986.220000000001,3345,0,237620.03664539845,44218.37664539845,17566
2015-01-28,600019,10.98,10.91,11.0,10.86,703182,424903808.0,1.27,-0.91,-0.1,0.43,-1756.6000000000058,3346,0,235863.43664539844,44218.37664539845,17566
2015-01-29,600019,10.81,10.93,11.02,10.78,1108704,667110336.0,2.2,0.18,0.02,0.68,350.36001810000744,3347,15,236213.79666349845,140215.60666349845,8783
2015-01-30,600019,10.95,10.8,10.97,10.79,705763,423218304.0,1.65,-1.19,-0.13,0.43,-1141.930183999997,3348,1,235071.86647949845,126197.06647949845,10081
2015-02-02,600019,10.68,10.52,10.7,10.51,971375,560917264.0,1.76,-2.59,-0.28,0.59,-2823.310884400009,3349,5,232248.55559509844,63107.99559509845,16078
2015-02-03,600019,10.58,10.67,10.68,10.52,634380,365425104.0,1.52,1.43,0.15,0.39,2411.3844881000114,3350,5,234659.94008319845,31556.490083198452,19035
2015-02-04,600019,11.06,11.37,11.37,10.91,2286520,1435777040.0,4.31,6.56,0.7,1.39,13324.436896499974,3351,2,247984.37697969843,25246.076979698453,19590
2015-02-05,600019,11.73,11.09,11.73,11.06,3668197,2374922752.0,5.89,-2.46,-0.28,2.23,-5486.93802479998,3352,18,242497.43895489845,199046.81895489845,3918
2015-02-06,600019,11.01,11.4,11.63,10.97,3441228,2201047552.0,5.95,2.8,0.31,2.1,1212.7886040000012,3353,9,243710.22755889845,19905.42755889843,19632
2015-02-09,600019,11.3,11.64,11.79,11.25,2615553,1722132896.0,4.74,2.11,0.24,1.59,4711.620286799996,3354,3,248421.84784569844,13934.047845698431,20145
2015-02-10,600019,11.67,11.62,11.75,11.43,1675113,1099707216.0,2.75,-0.17,-0.02,1.02,-402.92777180002304,3355,2,248018.92007389842,11156.840073898431,20384
2015-02-11,600019,11.54,11.47,11.62,11.42,1464146,956155392.0,1.72,-1.29,-0.15,0.89,-3059.002780999959,3356,16,244959.91729289846,151433.53729289846,8154
2015-02-12,600019,11.45,11.37,11.46,11.09,1962906,1240540576.0,3.23,-0.87,-0.1,1.2,-815.8635549000173,3357,15,244144.05373799845,197788.56373799845,4077
2015-02-13,600019,11.34,11.47,11.68,11.31,1862900,1217677584.0,3.25,0.88,0.1,1.13,406.11782819998916,3358,8,244550.17156619843,39569.80156619841,17871
2015-02-16,600019,11.47,11.45,11.51,11.31,1091930,702132240.0,1.74,-0.17,-0.02,0.66,-358.64766900005634,3359,16,244191.52389719838,162335.4738971984,7149
2015-02-17,600019,11.48,11.63,11.78,11.43,1632719,1081274176.0,3.06,1.57,0.18,0.99,1286.6538073000265,3360,12,245478.1777044984,178954.5777044984,5720
2015-02-25,600019,11.63,11.52,11.72,11.46,1257488,827798960.0,2.24,-0.95,-0.11,0.77,-630.4525696000201,3361,7,244847.72513489838,53696.3651348984,16593
2015-02-26,600019,11.5,11.63,11.64,11.36,1127891,736432912.0,2.43,0.95,0.11,0.69,1824.854234700033,3362,7,246672.57936959842,16119.459369598393,19824
2015-02-27,600019,11.62,11.7,11.79,11.54,1457622,970513632.0,2.15,0.6,0.07,0.89,1387.448105999967,3363,11,248060.02747559838,39308.62747559839,17842
2015-03-02,600019,11.75,12.01,12.22,11.68,2477009,1704014704.0,4.62,2.65,0.31,1.51,5530.377224800002,3364,13,253590.4047003984,103585.5047003984,12490
2015-03-03,600019,11.91,11.62,11.91,11.57,1528970,1025282192.0,2.83,-3.25,-0.39,0.93,-4871.203534200002,3365,1,248719.20116619839,93231.98116619838,13381
2015-03-04,600019,11.61,11.58,11.7,11.48,930552,612367136.0,1.89,-0.34,-0.04,0.57,-536.4795231999888,3366,18,248182.7216429984,217183.0616429984,2677
2015-03-05,600019,11.51,11.3,11.62,11.23,1206602,774695344.0,3.37,-2.42,-0.28,0.73,-749.5599999999977,3367,0,247433.1616429984,217183.0616429984,2677
2015-03-06,600019,11.3,11.24,11.37,11.18,1046098,660031840.0,1.68,-0.53,-0.06,0.64,-160.86064839997562,3368,18,247272.30099459842,241247.6609945984,536
2015-03-09,600019,11.18,11.34,11.35,11.09,731778,459534336.0,2.31,0.89,0.1,0.45,53.11759639999946,3369,2,247325.41859099842,193006.81859099842,4790
2015-03-10,600019,11.31,11.25,11.33,11.22,726869,459604704.0,0.97,-0.79,-0.09,0.44,-432.836887500016,3370,9,246892.5817034984,19316.331703498407,20229
2015-03-11,600019,11.25,11.23,11.33,11.18,701996,442786640.0,1.33,-0.18,-0.02,0.43,-405.94298509997316,3371,16,246486.63871839843,155613.47871839843,8092
2015-03-12,600019,11.22,11.31,11.34,11.2,856437,542391744.0,1.25,0.71,0.08,0.52,646.4264725999965,3372,6,247133.06519099843,62259.80519099842,16346
2015-03-13,600019,11.35,11.4,11.43,11.3,854783,547557792.0,1.15,0.8,0.09,0.52,1470.9537240000209,3373,11,248604.01891499845,80887.21891499842,14712
2015-03-16,600019,11.42,11.61,11.7,11.42,1367815,902412144.0,2.46,1.84,0.21,0.83,3088.1536190999323,3374,18,251692.17253409838,217523.9425340984,2943
2015-03-17,600019,11.64,11.67,11.84,11.58,1843541,1231890768.0,2.24,0.52,0.06,1.12,176.14505910000298,3375,2,251868.3175931984,174029.4175931984,6670
2015-03-18,600019,11.7,12.01,12.07,11.68,2539532,1742551120.0,3.34,2.91,0.34,1.55,2267.4519502000185,3376,2,254135.7695433984,139224.0895433984,9568
2015-03-19,600019,12.06,11.89,12.06,11.81,1833193,1254033776.0,2.08,-1.0,-0.12,1.12,-1148.9952724999748,3377,6,252986.77427089843,55696.00427089841,16593
2015-03-20,600019,11.89,11.9,11.97,11.8,1365297,932205520.0,1.43,0.08,0.01,0.83,165.42877199998475,3378,9,253152.2030428984,5572.703042898407,20805
2015-03-23,600019,12.02,12.07,12.13,12.01,1978094,1379377520.0,1.01,1.43,0.17,1.2,3536.8111345999932,3379,7,256689.0141774984,1686.1241774984069,21127
2015-03-24,600019,12.09,12.52,12.86,12.06,3933892,2875792496.0,6.63,3.73,0.45,2.4,9505.56296479993,3380,16,266194.57714229834,160388.05714229838,8451
2015-03-25,600019,12.41,12.14,12.42,12.11,2048353,1452722944.0,2.48,-3.04,-0.38,1.25,-3211.861108199926,3381,3,262982.7160340984,112276.75603409838,12414
2015-03-26,600019,12.14,12.26,12.45,12.13,1697298,1212765200.0,2.64,0.99,0.12,1.03,1488.1580435999786,3382,20,264470.8740776984,264470.8740776984,0
2015-03-27,600019,12.25,12.18,12.3,12.13,1211039,858581536.0,1.39,-0.65,-0.08,0.74,-1.0578330000280403,3383,4,264469.81624469836,158686.51624469837,8685
2015-03-30,600019,12.23,12.42,12.48,12.2,2004069,1444042976.0,2.3,1.97,0.24,1.22,2083.8607236000244,3384,15,266553.6769682984,212613.6169682984,4343
2015-03-31,600019,12.47,12.24,12.7,12.2,2377148,1736260736.0,4.03,-1.45,-0.18,1.45,-781.7399999999907,3385,0,265771.9369682984,212613.6169682984,4343
2015-04-01,600019,12.22,12.26,12.31,12.15,1442862,1025721552.0,1.31,0.16,0.02,0.88,86.75358319998486,3386,12,265858.6905514984,223255.19055149838,3475
2015-04-02,600019,12.31,12.19,12.34,12.09,1496186,1059950080.0,2.04,-0.57,-0.07,0.91,-243.25,3387,0,265615.4405514984,223255.19055149838,3475
2015-04-03,600019,12.11,12.28,12.42,12.08,1685876,1204018688.0,2.79,0.74,0.09,1.03,312.52674960001605,3388,1,265927.9673010984,200929.9273010984,5293
2015-04-07,600019,12.33,12.44,12.52,12.26,1922333,1389963856.0,2.12,1.3,0.16,1.17,845.0718459999771,3389,9,266773.0391470984,20112.719147098396,19828
2015-04-08,600019,12.44,12.48,12.57,12.19,2625813,1904531392.0,3.05,0.32,0.04,1.6,793.1200000000536,3390,0,267566.1591470984,20112.719147098396,19828
2015-04-09,600019,12.64,12.76,12.79,12.37,3394058,2518652304.0,3.37,2.24,0.28,2.07,5549.816008799942,3391,18,273115.97515589837,222509.8151558984,3966
2015-04-10,600019,12.75,12.79,12.81,12.59,2602156,1956675648.0,1.72,0.24,0.03,1.58,118.98000000003958,3392,0,273234.9551558984,222509.8151558984,3966
2015-04-13,600019,12.86,12.86,13.05,12.78,2647329,2022038064.0,2.11,0.55,0.07,1.61,276.73008800001116,3393,4,273511.6852438984,133517.7252438984,10886
2015-04-14,600019,12.78,12.76,12.89,12.62,2101223,1581483344.0,2.1,-0.78,-0.1,1.28,-1088.8777852000203,3394,12,272422.8074586984,161295.9674586984,8709
2015-04-15,600019,12.7,12.48,12.72,12.41,1719482,1270884608.0,2.43,-2.19,-0.28,1.05,-2439.9715488000074,3395,9,269982.8359098984,16139.635909898381,20340
2015-04-16,600019,12.39,12.67,12.7,12.35,1779315,1311396032.0,2.8,1.52,0.19,1.08,3862.7960453999694,3396,17,273845.63195529836,196533.2919552984,6102
2015-04-17,600019,12.76,13.3,13.58,12.72,5042033,3989778992.0,6.79,4.97,0.63,3.07,3843.7730870000087,3397,16,277689.4050422984,245224.10504229838,2441
2015-04-20,600019,13.09,13.47,14.02,13.01,5574127,4521397248.0,7.59,1.28,0.17,3.39,414.8056660000002,3398,15,278104.2107082984,261657.34070829838,1221
2015-04-21,600019,13.56,13.7,13.79,13.25,3026112,2470008464.0,4.01,1.71,0.23,1.84,278.475243999972,3399,9,278382.68595229834,26179.385952298384,18409
2015-04-22,600019,13.69,13.84,13.95,13.56,2936896,2465495872.0,2.85,1.02,0.14,1.79,2577.129212,3400,5,280959.81516429834,13100.455164298384,19354
2015-04-23,600019,13.78,14.28,14.51,13.78,3673941,3207451664.0,5.27,3.18,0.44,2.24,8515.694597600028,3401,5,289475.5097618984,6560.149761898384,19812
2015-04-24,600019,14.16,13.81,14.23,13.68,2742568,2331725472.0,3.85,-3.29,-0.47,1.67,-9311.639999999956,3402,0,280163.8697618984,6560.149761898384,19812
2015-04-27,600019,13.9,14.84,14.84,13.8,5093204,4575623936.0,7.53,7.46,1.03,3.1,20406.359999999986,3403,0,300570.2297618984,6560.149761898384,19812
2015-04-28,600019,14.79,15.2,15.57,14.41,6368259,6033103616.0,7.82,2.43,0.36,3.88,7132.261176,3404,9,307702.4909378984,677.6909378983837,20199
2015-04-29,600019,15.08,14.91,15.68,14.75,3285331,3123884272.0,6.12,-1.91,-0.29,2.0,-5857.713280200027,3405,5,301844.7776576984,349.6676576983837,20221
2015-04-30,600019,14.78,14.5,14.84,14.42,2501956,2262631584.0,2.82,-2.75,-0.41,1.52,-8290.613045000006,3406,9,293554.16461269837,45.16461269838368,20242
2015-05-04,600019,14.52,15.6,15.6,14.52,3910811,3765178080.0,7.45,7.59,1.1,2.38,22266.199843999988,3407,9,315820.36445669836,29.56445669838368,20243
2015-05-05,600019,15.85,14.72,15.94,14.41,4136276,3928372960.0,9.81,-5.64,-0.88,2.52,-17813.840147199982,3408,8,298006.5243094984,14.844309498383678,20244
2015-05-06,600019,14.72,14.12,14.84,13.81,2874620,2541969360.0,7.0,-4.08,-0.6,1.75,-12148.11501519999,3409,16,285858.4092942984,171514.64929429838,8098
2015-05-07,600019,13.92,13.34,14.06,13.31,2366152,1942499584.0,5.31,-5.52,-0.78,1.44,-6317.297495200008,3410,5,279541.1117990984,85764.27179909837,14526
2015-05-08,600019,13.66,13.91,13.94,13.39,2398694,1989856048.0,4.12,4.27,0.57,1.46,8279.048273199995,3411,9,287820.1600722984,8590.82007229836,20074
2015-05-11,600019,14.13,14.16,14.27,13.78,2213059,1906107616.0,3.52,1.8,0.25,1.35,5018.5,3412,0,292838.6600722984,8590.82007229836,20074
2015-05-12,600019,14.16,14.38,14.51,14.06,2278480,2007551696.0,3.18,1.55,0.22,1.39,4416.228519600001,3413,6,297254.8885918984,3442.72859189836,20432
2015-05-13,600019,14.33,14.24,14.74,14.09,2263953,2014450672.0,4.52,-0.97,-0.14,1.38,-2860.4868351999903,3414,2,294394.4017566984,2759.2017566983595,20480
2015-05-14,600019,14.31,14.14,14.31,13.79,2011112,1684666320.0,3.65,-0.7,-0.1,1.22,-2048.005514599965,3415,2,292346.3962420984,2207.7362420983595,20519
2015-05-15,600019,13.97,13.73,14.02,13.66,1702691,1399014544.0,2.55,-2.9,-0.41,1.04,-8412.803180800052,3416,6,283933.59306129836,889.6430612983595,20615
2015-05-18,600019,13.72,13.69,13.86,13.63,1213576,990943584.0,1.68,-0.29,-0.04,0.74,-826.2933161000255,3417,16,283107.29974519834,170219.55974519835,8246
2015-05-19,600019,13.67,13.96,14.0,13.63,1637790,1354607168.0,2.7,1.97,0.27,1.0,2225.7391708000214,3418,4,285333.03891599836,102135.95891599834,13123
2015-05-20,600019,13.98,14.02,14.27,13.86,2259455,1904645728.0,2.94,0.43,0.06,1.38,786.2762053999468,3419,16,286119.3151213983,212514.31512139834,5250
2015-05-21,600019,13.96,14.05,14.08,13.86,1615775,1349288208.0,1.57,0.21,0.03,0.98,157.5,3420,0,286276.8151213983,212514.31512139834,5250
2015-05-22,600019,14.12,14.63,14.79,14.11,3227668,2835394624.0,4.84,4.13,0.58,1.97,3044.6159625000437,3421,15,289321.43108389835,250917.68108389835,2625
2015-05-25,600019,14.69,15.08,15.11,14.63,3099002,2832298736.0,3.28,3.08,0.45,1.89,1180.7482884000055,3422,2,290502.17937229836,200746.01937229835,5952
2015-05-26,600019,15.13,15.29,15.31,14.77,3058138,2841199728.0,3.58,1.39,0.21,1.86,1249.373994100024,3423,16,291751.5533663984,255346.06336639836,2381
2015-05-27,600019,15.33,15.33,15.52,14.96,2887101,2720731168.0,3.66,0.26,0.04,1.76,95.13054379995447,3424,13,291846.68391019834,266291.57391019835,1667
2015-05-28,600019,15.24,14.22,15.42,14.17,2984206,2719771216.0,8.15,-7.24,-1.11,1.82,-1851.4350780000095,3425,4,289995.2488321983,159782.70883219835,9157
2015-05-29,600019,14.2,13.91,14.31,13.64,1922874,1606871648.0,4.71,-2.18,-0.31,1.17,-2838.9895127000054,3426,2,287156.2593194983,127831.11931949834,11454
2015-06-01,600019,13.94,14.52,14.52,13.92,1822997,1574122240.0,4.31,4.39,0.61,1.11,6986.940000000002,3427,0,294143.1993194983,127831.11931949834,11454
2015-06-02,600019,14.53,14.8,14.89,14.39,2060395,1844413392.0,3.44,1.93,0.28,1.25,3206.608808000048,3428,4,297349.80812749837,76711.40812749832,14908
2015-06-03,600019,14.81,14.55,14.85,14.27,1797747,1588034736.0,3.92,-1.69,-0.25,1.09,-3727.6902520000003,3429,9,293622.11787549837,7685.517875498321,19652
2015-06-04,600019,14.55,14.72,14.74,13.89,1981629,1732285936.0,5.84,1.17,0.17,1.21,3340.8093823999516,3430,4,296962.9272578983,4623.72725789832,19860
2015-06-05,600019,14.8,15.41,15.57,14.72,3803354,3556935664.0,5.77,4.69,0.69,2.32,13703.376884999976,3431,5,310666.3041428983,2312.2041428983202,20010
2015-06-08,600019,15.46,15.61,15.77,15.12,3560891,3414740512.0,4.22,1.3,0.2,2.17,4000.125863400055,3432,16,314666.43000629835,189723.99000629832,8004
2015-06-09,600019,15.62,15.39,15.69,15.17,2273962,2172165248.0,3.33,-1.41,-0.22,1.38,-1762.5873666000552,3433,9,312903.8426396983,18985.622639698297,19098
2015-06-10,600019,15.22,15.2,15.47,15.05,1818058,1711262064.0,2.73,-1.23,-0.19,1.11,-3628.6388480000314,3434,1,309275.20379169827,17100.803791698298,19222
2015-06-11,600019,15.13,15.31,15.36,15.03,1701172,1595582288.0,2.17,0.72,0.11,1.04,2112.360039500054,3435,17,311387.5638311983,223094.79383119833,5767
2015-06-12,600019,15.34,15.45,15.47,15.17,2164845,2050469632.0,1.96,0.91,0.14,1.32,806.0415665000328,3436,6,312193.60539769835,89250.10539769832,14430
2015-06-15,600019,15.3,15.62,16.19,15.18,3644653,3534645920.0,6.54,1.1,0.17,2.22,2452.423810199951,3437,13,314646.0292078983,156868.4092078983,10101
2015-06-16,600019,15.36,14.83,15.45,14.7,2189259,2029201504.0,4.8,-5.06,-0.79,1.33,-7980.417308999982,3438,4,306665.6118988983,94136.88189889831,14331
2015-06-17,600019,14.73,15.05,15.12,14.38,1803759,1633321664.0,4.99,1.48,0.22,1.1,3152.820000000007,3439,0,309818.4318988983,94136.88189889831,14331
2015-06-18,600019,14.92,14.77,15.46,14.74,1901137,1768664896.0,4.78,-1.86,-0.28,1.16,-4013.1505722000147,3440,5,305805.2813266983,47079.19132669831,17517
2015-06-19,600019,14.48,13.84,14.72,13.8,1678702,1448791056.0,6.23,-6.3,-0.93,1.02,-16290.857055999979,3441,1,289514.42427069834,42373.54427069831,17857
2015-06-23,600019,13.87,14.14,14.19,13.42,1538445,1280416960.0,5.56,2.17,0.3,0.94,5357.099999999977,3442,0,294871.5242706983,42373.54427069831,17857
2015-06-24,600019,14.19,14.62,14.72,14.16,2090133,1829413888.0,3.96,3.39,0.48,1.27,8571.317748199974,3443,1,303442.8420188983,38148.32201889831,18146
2015-06-25,600019,14.62,14.73,15.08,14.28,2607930,2327678960.0,5.47,0.75,0.11,1.59,1995.869393800036,3444,5,305438.7114126983,19087.51141269831,19440
2015-06-26,600019,14.28,13.74,14.63,13.63,2090855,1768868704.0,6.79,-6.72,-0.99,1.27,-19245.600000000035,3445,0,286193.1114126983,19087.51141269831,19440
2015-06-29,600019,13.98,13.74,14.33,12.83,2595911,2123556688.0,10.92,0.0,0.0,1.58,-0.018961199966724962,3446,1,286193.0924514983,17191.37245149831,19578
2015-06-30,600019,13.59,14.44,14.57,13.17,2484308,2064641296.0,10.19,5.09,0.7,1.51,13702.621142400021,3447,17,299895.71359389834,215075.1535938983,5874
2015-07-01,600019,14.4,13.97,14.88,13.92,2650967,2333327184.0,6.65,-3.25,-0.47,1.61,-2761.6402726000524,3448,4,297134.0733212983,129047.0333212983,12032
2015-07-02,600019,14.03,13.08,14.14,12.98,2536814,2025018160.0,8.3,-6.37,-0.89,1.54,-10709.254205200006,3449,6,286424.8191160983,51625.73911609828,17951
2015-07-03,600019,12.8,12.15,13.28,12.15,2252177,1625720016.0,8.64,-7.11,-0.93,1.37,-16694.688066000002,3450,5,269730.1310500983,25818.881050098276,20075
2015-07-06,600019,12.92,12.55,12.98,11.98,2758760,1979220080.0,8.23,3.29,0.4,1.68,8029.870985999994,3451,5,277760.0020360983,12917.352036098275,21103
2015-07-07,600019,12.37,12.92,13.02,11.72,3403966,2436437296.0,10.36,2.95,0.37,2.07,7807.993849200022,3452,9,285567.9958852983,1302.1558852982744,22002
2015-07-08,600019,12.25,12.01,12.67,12.01,1993358,1378374480.0,5.11,-7.04,-0.91,1.21,-20021.82252210006,3453,2,265546.17336319824,1049.9433631982743,22023
2015-07-09,600019,12.01,12.84,12.84,11.46,2823121,1992272464.0,11.49,6.91,0.83,1.72,18279.08794560004,3454,2,283825.2613087983,844.5013087982743,22039
2015-07-10,600019,12.91,13.73,13.74,12.63,3380570,2699589312.0,8.64,6.93,0.89,2.06,19614.702585800027,3455,9,303439.9638945983,103.07389459827414,22093
2015-07-13,600019,13.55,13.78,14.12,13.37,3750821,3078145776.0,5.46,0.36,0.05,2.28,1104.649999999965,3456,0,304544.61389459827,103.07389459827414,22093
2015-07-14,600019,13.52,13.02,13.52,12.92,2627372,2043480464.0,4.35,-5.52,-0.76,1.6,-16890.679999999993,3457,1,287753.9338945983,103.07389459827414,22093
2015-07-15,600019,12.8,12.42,13.0,12.33,1495688,1083063392.0,5.15,-4.61,-0.6,0.91,-13255.800496799988,3458,5,274498.1333977983,53.39339779827414,22097
2015-07-16,600019,12.42,12.59,12.91,12.25,1246576,899954176.0,5.31,1.37,0.17,0.76,3755.0990568000125,3459,15,278253.2324545983,139146.32245459827,11049
2015-07-17,600019,12.73,12.86,12.97,12.59,1422438,1048472896.0,3.02,2.14,0.27,0.87,2982.5344025999657,3460,5,281235.76685719826,69585.88685719827,16458
2015-07-20,600019,12.89,12.75,12.95,12.64,1225554,906109328.0,2.41,-0.86,-0.11,0.75,-1811.006152499991,3461,9,279424.7607046983,6970.010704698274,21369
2015-07-21,600019,12.68,12.72,12.9,12.51,1147278,841331712.0,3.06,-0.24,-0.03,0.7,-641.0977295999764,3462,4,278783.6629750983,4197.0229750982735,21587
2015-07-22,600019,12.72,12.78,12.89,12.53,1201356,882280608.0,2.83,0.47,0.06,0.73,1294.116574799933,3463,14,280077.77954989823,114538.43954989826,12953
2015-07-23,600019,12.86,13.06,13.29,12.83,2020394,1537092128.0,3.6,2.19,0.28,1.23,3625.4867228000658,3464,18,283703.2662726983,249864.80627269828,2591
2015-07-24,600019,12.98,12.84,13.23,12.78,1856303,1402555936.0,3.45,-1.68,-0.22,1.13,-570.0200000000186,3465,0,283133.2462726983,249864.80627269828,2591
2015-07-27,600019,12.62,11.94,12.74,11.94,1815454,1274898672.0,6.23,-7.01,-0.9,1.11,-2332.89937800006,3466,4,280800.3468946982,149926.00689469825,10961
2015-07-28,600019,11.7,11.86,12.02,11.47,2196684,1438234752.0,4.61,-0.67,-0.08,1.34,-876.8800000000047,3467,0,279923.4668946982,149926.00689469825,10961
2015-07-29,600019,11.96,12.22,12.23,11.78,1225384,823349248.0,3.79,3.04,0.36,0.75,3945.2903440000373,3468,15,283868.75723869825,216890.93723869824,5481
2015-07-30,600019,12.14,11.89,12.25,11.85,1152871,788595776.0,3.27,-2.7,-0.33,0.7,-1810.4649888000567,3469,8,282058.2922498982,43390.32224989822,20073
2015-07-31,600019,11.72,12.06,12.11,11.72,1059462,707870640.0,3.28,1.43,0.17,0.65,3412.4100000000326,3470,0,285470.7022498982,43390.32224989822,20073
2015-08-03,600019,11.97,12.59,12.61,11.91,1484308,1028038144.0,5.8,4.39,0.53,0.9,10636.668297800003,3471,18,296107.3705476982,245558.52054769822,4015
2015-08-04,600019,12.53,12.62,12.65,12.33,1173639,841854016.0,2.54,0.24,0.03,0.71,120.45000000001164,3472,0,296227.82054769824,245558.52054769822,4015
2015-08-05,600019,12.56,12.39,12.62,12.35,643430,459321072.0,2.14,-1.82,-0.23,0.39,-923.941015700053,3473,2,295303.8795319982,196456.4595319982,7978
2015-08-06,600019,12.19,12.17,12.31,12.09,476974,330750096.0,1.78,-1.78,-0.22,0.29,-1756.9279359000502,3474,9,293546.95159609814,19661.10159609819,22505
2015-08-07,600019,12.25,12.34,12.42,12.22,539082,378171520.0,1.64,1.4,0.17,0.33,3825.771394200041,3475,4,297372.7229902982,11800.44299029819,23142
2015-08-10,600019,12.76,13.19,13.19,12.76,2110942,1609239888.0,3.48,6.89,0.85,1.29,19670.70000000001,3476,0,317043.4229902982,11800.44299029819,23142
2015-08-11,600019,13.19,13.23,13.53,13.13,2370596,1849522352.0,3.03,0.3,0.04,1.44,925.5740277000004,3477,9,317968.9970179982,1203.1070179981907,23943
2015-08-12,600019,13.17,13.18,13.55,12.98,1545820,1208762112.0,4.31,-0.38,-0.05,0.94,-1198.7277777999989,3478,15,316770.2692401982,158979.30924019817,11972
2015-08-13,600019,13.12,13.2,13.28,12.85,1369539,1048380800.0,3.26,0.15,0.02,0.83,239.43999999994412,3479,0,317009.70924019814,158979.30924019817,11972
2015-08-14,600019,13.23,13.06,13.26,13.03,1030592,791677056.0,1.74,-1.06,-0.14,0.63,-1676.8748315999983,3480,5,315332.83440859814,79495.35440859816,18058
2015-08-17,600019,13.01,13.25,13.4,12.87,1348232,1033570880.0,4.06,1.45,0.19,0.82,3429.8236575000337,3481,15,318762.65806609817,199128.40806609817,9029
2015-08-18,600019,13.23,12.3,13.23,12.3,1595676,1177450224.0,7.02,-7.17,-0.95,0.97,-8578.943835999991,3482,7,310183.7142300982,59743.41423009816,20361
2015-08-19,600019,12.14,12.91,13.12,12.06,1558580,1125025680.0,8.62,4.96,0.61,0.95,12419.971164999995,3483,4,322603.6853950982,35859.675395098166,22211
2015-08-20,600019,12.8,12.47,12.8,12.42,900244,651750096.0,2.94,-3.41,-0.44,0.55,-9774.501752199954,3484,16,312829.1836428982,202033.23364289818,8885
2015-08-21,600019,12.34,12.06,12.47,11.84,944895,651346752.0,5.05,-3.29,-0.41,0.58,-3643.7072248000186,3485,18,309185.4764180982,287754.8564180982,1777
2015-08-24,600019,11.8,11.23,11.8,11.23,1152365,714385952.0,4.73,-6.88,-0.83,0.7,-1475.0495889000013,3486,17,307710.4268291982,301713.6068291982,534
2015-08-25,600019,10.61,10.48,10.85,10.48,1203415,670274240.0,3.29,-6.68,-0.75,0.73,-401.10333359998185,3487,2,307309.3234955982,241379.6434955982,6291
2015-08-26,600019,10.04,10.07,10.69,9.91,3203005,1690118800.0,7.44,-3.91,-0.41,1.95,-2579.3099999999977,3488,0,304730.0134955982,241379.6434955982,6291
2015-08-27,600019,10.19,10.34,10.35,9.92,1644021,862579792.0,4.27,2.68,0.27,1.0,1697.1217795999255,3489,6,306427.13527519815,96556.15527519817,20297
2015-08-28,600019,10.45,10.75,10.79,10.34,1877270,1037100288.0,4.35,3.97,0.41,1.14,8319.588072500017,3490,20,314746.72334769816,314746.72334769816,0
2015-08-31,600019,10.67,10.74,10.79,10.36,1511218,840835760.0,4.0,-0.09,-0.01,0.92,-3.1473570000380278,3491,10,314743.5759906981,7.8759906981140375,29305
2015-09-01,600019,10.79,11.0,11.14,10.67,2592882,1526724272.0,4.38,2.42,0.26,1.58,7519.299999999988,3492,9,322362.8759906981,7.8759906981140375,29305
2015-09-02,600019,10.63,11.39,11.65,10.61,2774419,1678728112.0,9.45,3.55,0.39,1.69,11426.947296300088,3493,16,333789.8232869982,200276.24328699816,11722
2015-09-07,600019,11.22,11.06,11.63,10.97,1147244,704699936.0,5.79,-2.9,-0.33,0.7,-3869.556453200057,3494,20,329920.26683379814,329920.26683379814,0
2015-09-08,600019,11.06,11.17,11.2,10.75,748284,445106512.0,4.07,0.99,0.11,0.46,-500.0,3495,15,329920.26683379814,329920.26683379814,0
2015-09-09,600019,11.22,11.3,11.46,11.15,914972,562695392.0,2.78,1.16,0.13,0.56,0.0,3496,0,329920.26683379814,329920.26683379814,0
2015-09-10,600019,11.15,11.13,11.24,11.07,591292,357743280.0,1.5,-1.5,-0.17,0.36,0.0,3497,0,329920.26683379814,329920.26683379814,0
2015-09-11,600019,11.13,11.07,11.19,11.02,388638,233181183.0,1.53,-0.54,-0.06,0.24,-500.0,3498,15,329920.26683379814,329920.26683379814,0
2015-09-14,600019,11.22,11.14,11.26,10.78,866102,517917408.0,4.34,0.63,0.07,0.53,0.0,3499,0,329920.26683379814,329920.26683379814,0
2015-09-15,600019,11.0,10.69,11.07,10.67,493968,286450176.0,3.59,-4.04,-0.45,0.3,-2.9691474999999627,3500,9,329917.29768629814,33002.547686298145,27775
2015-09-16,600019,10.51,11.11,11.26,10.51,774441,450624080.0,7.02,3.93,0.42,0.47,11665.434006599942,3501,2,341582.7316928981,26403.141692898145,28369
2015-09-17,600019,11.0,10.89,11.14,10.87,644798,382500720.0,2.43,-1.98,-0.22,0.39,-6241.179999999935,3502,0,335341.55169289815,26403.141692898145,28369
2015-09-18,600019,10.95,10.87,11.0,10.82,343085,200388255.0,1.65,-0.18,-0.02,0.21,-567.6882732000668,3503,11,334773.8634196981,57230.15341969814,25533
2015-09-21,600019,10.86,10.92,10.95,10.82,347114,202439147.0,1.2,0.46,0.05,0.21,1276.3638960000826,3504,5,336050.22731569817,28619.467315698133,28153
2015-09-22,600019,10.93,10.98,11.04,10.9,507707,299838160.0,1.28,0.55,0.06,0.31,1689.179999999993,3505,0,337739.40731569816,28619.467315698133,28153
2015-09-23,600019,10.89,10.72,10.91,10.69,466574,268203387.0,2.0,-2.37,-0.26,0.28,-7319.8371376,3506,2,330419.57017809816,22905.650178098134,28686
2015-09-24,600019,10.74,10.74,10.79,10.67,275353,156912526.0,1.12,0.19,0.02,0.17,573.5597592000267,3507,7,330993.1299372982,6881.409937298133,30178
2015-09-25,600019,10.73,10.56,10.73,10.54,297222,166722259.0,1.77,-1.68,-0.18,0.18,-5432.040000000037,3508,0,325561.08993729815,6881.409937298133,30178
2015-09-28,600019,10.54,10.61,10.63,10.5,189269,105414419.0,1.23,0.47,0.05,0.12,1508.899999999965,3509,0,327069.9899372981,6881.409937298133,30178
2015-09-29,600019,10.52,10.45,10.52,10.4,247427,135626046.0,1.13,-1.51,-0.16,0.15,-4828.52807,3510,7,322241.4618672981,2074.361867298132,30638
2015-09-30,600019,10.48,10.59,10.73,10.46,445471,249218986.0,2.58,1.34,0.14,0.27,4287.373346200038,3511,16,326528.83521349815,196737.79521349815,12256
2015-10-08,600019,10.79,10.81,10.9,10.67,600452,345680304.0,2.17,2.08,0.22,0.37,2696.123366099957,3512,1,329224.9585795981,177074.20857959814,14075
2015-10-09,600019,10.84,10.85,10.89,10.76,304608,176478616.0,1.2,0.37,0.04,0.19,563.0,3513,0,329787.9585795981,177074.20857959814,14075
2015-10-12,600019,10.86,11.07,11.15,10.85,628806,373724640.0,2.76,2.03,0.22,0.38,3096.3229907000205,3514,1,332884.28157029813,159373.10157029814,15674
2015-10-13,600019,11.02,11.02,11.06,11.0,356802,211819015.0,0.54,-0.45,-0.05,0.22,-783.8726833999972,3515,11,332100.40888689813,176641.26888689815,14107
2015-10-14,600019,10.97,10.95,11.17,10.92,498920,297824176.0,2.27,-0.64,-0.07,0.3,-987.8432470000116,3516,2,331112.5656398981,141316.21563989815,17333
2015-10-15,600019,10.93,11.06,11.08,10.9,487234,288772544.0,1.64,1.0,0.11,0.3,1905.9234871999943,3517,5,333018.4891270981,70664.22912709814,23721
2015-10-16,600019,11.07,11.13,11.15,11.04,709223,425909808.0,0.99,0.63,0.07,0.43,1659.1499820000608,3518,15,334677.6391090982,202664.70910909816,11861
2015-10-19,600019,11.15,11.06,11.19,11.02,554251,333158016.0,1.53,-0.63,-0.07,0.34,-830.8778576000477,3519,3,333846.76125149813,141878.34125149815,17357
2015-10-20,600019,11.03,11.13,11.15,10.95,545558,325445952.0,1.81,0.63,0.07,0.33,1213.4445995000424,3520,18,335060.2058509982,296416.8458509982,3472
2015-10-21,600019,11.13,10.85,11.22,10.82,861085,515387392.0,3.59,-2.52,-0.28,0.52,-972.3483560000313,3521,15,334087.85749499814,315252.25749499816,1736
2015-10-22,600019,10.91,10.92,10.95,10.75,461323,267910991.0,1.84,0.65,0.07,0.28,121.20484880002914,3522,1,334209.06234379817,283736.8223437982,4622
2015-10-23,600019,10.92,11.0,11.03,10.86,481178,282660192.0,1.56,0.73,0.08,0.29,368.34143999998923,3523,5,334577.40378379816,141879.40378379816,17518
2015-10-26,600019,11.07,11.01,11.09,10.97,546587,324783504.0,1.09,0.09,0.01,0.33,174.61254459997872,3524,4,334752.01632839814,85133.29632839815,22672
2015-10-27,600019,10.98,10.95,11.02,10.85,370107,217120852.0,1.54,-0.54,-0.06,0.23,-1362.3060014999937,3525,18,333389.71032689814,283731.46032689814,4535
2015-10-28,600019,10.91,10.9,11.03,10.89,427513,251927275.0,1.28,-0.46,-0.05,0.26,-226.99710300000152,3526,15,333162.71322389814,308441.51322389813,2268
2015-10-29,600019,10.9,10.82,10.92,10.8,388041,225108496.0,1.1,-0.73,-0.08,0.24,-182.67369640007382,3527,4,332980.03952749807,185070.6395274981,13670
2015-10-30,600019,10.79,10.69,10.8,10.63,484643,275936960.0,1.57,-1.2,-0.13,0.3,-1778.1229260999826,3528,17,331201.9166013981,287362.2266013981,4101
2015-11-02,600019,10.61,10.54,10.67,10.53,318057,177930073.0,1.31,-1.4,-0.15,0.19,-615.5822454000008,3529,20,330586.3343559981,330586.3343559981,0
2015-11-03,600019,10.56,10.57,10.62,10.53,207598,115596474.0,0.85,0.28,0.03,0.13,-500.0,3530,15,330586.3343559981,330586.3343559981,0
2015-11-04,600019,10.61,10.79,10.79,10.57,557949,316886000.0,2.08,2.08,0.22,0.34,-500.0,3531,18,330586.3343559981,330586.3343559981,0
2015-11-05,600019,10.78,11.0,11.26,10.74,1400547,830341184.0,4.82,1.95,0.21,0.85,0.0,3532,0,330586.3343559981,330586.3343559981,0
2015-11-06,600019,10.96,11.04,11.07,10.9,981966,580372688.0,1.55,0.36,0.04,0.6,-2.975169600045774,3533,9,330583.35918639804,33066.39918639808,26949
2015-11-09,600019,11.04,11.13,11.19,11.02,902636,543925680.0,1.54,0.82,0.09,0.55,2425.145551200025,3534,8,333008.50473759806,6621.254737598076,29325
2015-11-10,600019,11.06,11.11,11.14,11.03,754510,452075152.0,0.99,-0.18,-0.02,0.46,-586.5,3535,0,332422.00473759806,6621.254737598076,29325
2015-11-11,600019,11.09,11.15,11.34,11.08,1013606,617941648.0,2.34,0.36,0.04,0.62,1171.3651870000758,3536,15,333593.36992459814,170100.9199245981,14663
2015-11-12,600019,11.15,11.0,11.15,10.95,787566,468205888.0,1.79,-1.35,-0.15,0.48,-2199.45000000007,3537,0,331393.91992459807,170100.9199245981,14663
2015-11-13,600019,10.93,10.84,10.96,10.81,510426,297033632.0,1.36,-1.45,-0.16,0.31,-2346.760318399989,3538,4,329047.1596061981,102068.3996061981,20939
2015-11-16,600019,10.74,10.86,10.87,10.73,280008,161218918.0,1.29,0.18,0.02,0.17,416.96084140002495,3539,18,329464.1204475981,283982.4404475981,4188
2015-11-17,600019,10.89,10.95,11.0,10.89,589047,346313616.0,1.01,0.83,0.09,0.36,376.8283485000138,3540,12,329840.9487960981,293147.4987960981,3351
2015-11-18,600019,10.95,10.92,11.02,10.89,445855,263033912.0,1.19,-0.27,-0.03,0.27,-100.74949200003175,3541,16,329740.1993040981,315096.4793040981,1341
2015-11-19,600019,10.96,10.98,11.0,10.89,272211,160160047.0,1.01,0.55,0.06,0.17,79.82985780003946,3542,2,329820.0291618981,252081.6291618981,7080
2015-11-20,600019,10.96,10.96,11.0,10.92,337856,198874246.0,0.73,-0.18,-0.02,0.21,-141.83279040001798,3543,13,329678.1963714981,275360.4363714981,4956
2015-11-23,600019,10.96,10.89,10.98,10.87,372565,218596812.0,1.0,-0.64,-0.07,0.23,-347.24375970003894,3544,16,329330.9526117981,307736.0826117981,1983
2015-11-24,600019,10.87,10.85,10.89,10.75,346409,199796889.0,1.29,-0.37,-0.04,0.21,-80.24311800004216,3545,3,329250.70949379803,215423.35949379805,10491
2015-11-25,600019,10.81,10.86,10.89,10.81,234400,135840299.0,0.74,0.09,0.01,0.14,104.34039300004952,3546,15,329355.0498867981,272383.4898867981,5246
2015-11-26,600019,10.86,10.85,10.92,10.82,342405,199154752.0,0.92,-0.09,-0.01,0.21,-52.91526600002544,3547,18,329302.13462079805,317909.63462079805,1050
2015-11-27,600019,10.82,10.5,10.84,10.4,538814,303168640.0,4.06,-3.23,-0.35,0.33,-370.36104000004707,3548,9,328931.773580798,31802.773580798006,28298
2015-11-30,600019,10.52,10.46,10.53,10.32,348404,190199127.0,2.0,-0.38,-0.04,0.21,-1132.0471935999813,3549,4,327799.726387198,19083.286387198004,29514
2015-12-01,600019,10.46,10.51,10.56,10.39,278321,152586321.0,1.63,0.48,0.05,0.17,1475.0796997999423,3550,12,329274.80608699797,81112.686086998,23612
2015-12-02,600019,10.51,10.7,10.76,10.45,815122,455535376.0,2.95,1.81,0.19,0.5,4484.258877000015,3551,18,333759.064963998,283222.964963998,4723
2015-12-03,600019,10.67,10.69,10.85,10.63,790165,450216304.0,2.06,-0.09,-0.01,0.48,-47.48239089996787,3552,15,333711.582573098,308461.802573098,2362
2015-12-04,600019,10.67,10.52,10.68,10.48,492290,274574240.0,1.87,-1.59,-0.17,0.3,-403.0822320000152,3553,5,333308.500341098,154237.060341098,17022
2015-12-07,600019,10.51,10.5,10.54,10.46,250167,137933336.0,0.76,-0.19,-0.02,0.15,-341.21111999999266,3554,5,332967.289221098,77124.28922109799,24366
2015-12-08,600019,10.47,10.36,10.48,10.34,333570,181018432.0,1.33,-1.33,-0.14,0.2,-3412.7545284000225,3555,16,329554.534692698,228575.614692698,9747
2015-12-09,600019,10.34,10.37,10.42,10.32,186739,101171541.0,0.97,0.1,0.01,0.11,96.964669900015,3556,15,329651.499362598,279108.119362598,4874
2015-12-10,600019,10.4,10.34,10.42,10.32,242079,130998607.0,0.96,-0.29,-0.03,0.15,-148.73179280001204,3557,9,329502.767569798,27926.327569797984,29166
2015-12-11,600019,10.32,10.39,10.41,10.26,266418,142873286.0,1.45,0.48,0.05,0.16,1458.244205700059,3558,2,330961.01177549805,22346.841775497982,29703
2015-12-14,600019,10.32,10.5,10.5,10.29,565576,308459008.0,2.02,1.06,0.11,0.34,3267.2182799999136,3559,5,334228.23005549796,11174.730055497981,30767
2015-12-15,600019,10.48,10.42,10.53,10.39,383269,209637325.0,1.33,-0.76,-0.08,0.23,-2464.565921399975,3560,20,331763.664134098,331763.664134098,0
2015-12-16,600019,10.45,10.39,10.48,10.37,324791,177251785.0,1.06,-0.29,-0.03,0.2,-500.0,3561,16,331763.664134098,331763.664134098,0
2015-12-17,600019,10.43,10.65,10.69,10.42,1072105,598832608.0,2.6,2.5,0.26,0.65,-2.3222325000097044,3562,7,331761.341901598,99538.09190159797,21805
2015-12-18,600019,10.62,10.51,10.63,10.5,870621,484434304.0,1.22,-1.31,-0.14,0.53,-3052.7000000000116,3563,0,328708.64190159796,99538.09190159797,21805
2015-12-21,600019,10.48,10.67,10.7,10.47,773638,434472304.0,2.19,1.52,0.16,0.47,3486.938725200016,3564,18,332195.580626798,285663.710626798,4361
2015-12-22,600019,10.65,10.81,11.0,10.65,1215698,704658080.0,3.28,1.31,0.14,0.74,607.9691658000229,3565,9,332803.549792598,28577.719792597956,28143
2015-12-23,600019,10.84,10.7,10.89,10.7,722156,413719328.0,1.76,-1.02,-0.11,0.44,-3095.8442760001053,3566,4,329707.7055165979,17150.005516597957,29211
2015-12-24,600019,10.73,10.72,10.75,10.57,493429,278751552.0,1.68,0.19,0.02,0.3,582.6543440000969,3567,15,330290.359860598,173714.039860598,14606
2015-12-25,600019,10.76,10.67,10.76,10.61,480506,271395520.0,1.4,-0.47,-0.05,0.29,-732.0370760000078,3568,10,329558.322784598,4.702784597960999,30886
2015-12-28,600019,10.65,10.52,10.69,10.51,431989,241384195.0,1.69,-1.41,-0.15,0.26,-4634.849461200007,3569,16,324923.473323398,194948.87332339797,12355
2015-12-29,600019,10.48,10.64,10.68,10.48,437794,244121925.0,1.9,1.14,0.12,0.27,1481.8112568000215,3570,16,326405.284580198,273822.404580198,4942
2015-12-30,600019,10.65,10.59,10.67,10.53,323377,180714130.0,1.32,-0.47,-0.05,0.2,-247.51862270000856,3571,18,326157.765957498,315684.255957498,989
2015-12-31,600019,10.58,10.58,10.65,10.56,354469,198713360.0,0.85,-0.09,-0.01,0.22,-12.415340200008359,3572,8,326145.350617298,63147.71061729797,24858
2016-01-04,600019,10.61,10.15,10.63,10.13,447328,245549760.0,4.73,-4.06,-0.43,0.27,-10689.318798000051,3573,6,315456.03181929793,25267.53181929796,28590
2016-01-05,600019,10.12,10.4,10.52,10.06,867079,466681968.0,4.53,2.46,0.25,0.53,7146.013320000027,3574,15,322602.04513929796,173934.04513929796,14295
2016-01-06,600019,10.41,11.06,11.06,10.35,2919012,1705365712.0,6.83,6.35,0.66,1.78,9434.004325999995,3575,4,332036.04946529795,104365.94946529795,20585
2016-01-07,600019,10.91,10.34,10.92,10.32,525823,295596128.0,5.42,-6.51,-0.72,0.32,-14821.61742580001,3576,4,317214.43203949794,62622.95203949794,24622
2016-01-08,600019,10.61,11.0,11.0,10.5,2243777,1306366016.0,4.84,6.38,0.66,1.37,16249.16579,3577,15,333463.59782949794,198042.59782949794,12311
2016-01-11,600019,10.98,10.76,11.2,10.59,1823447,1062165280.0,5.55,-2.18,-0.24,1.11,-2955.432151200017,3578,4,330508.1656782979,118826.68567829794,19673
2016-01-12,600019,10.82,10.48,10.91,10.41,973215,544761904.0,4.65,-2.6,-0.28,0.59,-5508.677581599972,3579,2,324999.48809669795,95068.28809669794,21940
2016-01-13,600019,10.53,10.76,11.15,10.45,1791305,1053892560.0,6.68,2.67,0.28,1.09,6142.724730800022,3580,5,331142.212827498,47540.89282749794,26357
2016-01-14,600019,10.43,11.14,11.28,10.15,2333598,1360076608.0,10.5,3.53,0.38,1.42,10015.469951599953,3581,4,341157.68277909793,28535.86277909794,28063
2016-01-15,600019,10.95,10.92,11.08,10.73,1362963,797904432.0,3.14,-1.97,-0.22,0.83,-6174.116729200003,3582,9,334983.5660498979,2862.6860498979404,30414
2016-01-18,600019,10.78,10.9,11.17,10.68,1011962,591455136.0,4.49,-0.18,-0.02,0.62,-608.2799999999697,3583,0,334375.28604989796,2862.6860498979404,30414
2016-01-19,600019,10.85,11.12,11.14,10.58,1284901,753416032.0,5.14,2.02,0.22,0.78,6691.079999999958,3584,0,341066.3660498979,2862.6860498979404,30414
2016-01-20,600019,10.95,10.68,11.0,10.54,1307543,748843216.0,4.14,-3.96,-0.44,0.8,-13382.168544000015,3585,3,327684.1975058979,2008.2775058979405,30494
2016-01-21,600019,10.5,10.36,10.73,10.35,904730,501334160.0,3.56,-3.0,-0.32,0.55,-9759.975465599971,3586,16,317924.22204029793,191552.94204029796,12198
2016-01-22,600019,10.52,10.47,10.63,10.31,739221,406439296.0,3.09,1.06,0.11,0.45,1340.0561145000393,3587,9,319264.27815479797,19162.668154797924,28663
2016-01-25,600019,10.56,10.64,10.82,10.5,832174,470542912.0,3.06,1.62,0.17,0.51,4872.537631999934,3588,9,324136.8157867979,1925.6957867979254,30283
2016-01-26,600019,10.56,10.03,10.78,9.98,1126820,617143392.0,7.52,-5.73,-0.61,0.69,-18472.63381139998,3589,2,305664.1819753979,1544.5519753979254,30321
2016-01-27,600019,10.11,10.41,10.5,10.03,1069094,566513104.0,4.69,3.79,0.38,0.65,11520.0862128,3590,16,317184.2681881979,190921.37818819794,12129
2016-01-28,600019,10.34,10.09,10.41,10.03,587658,310694464.0,3.65,-3.07,-0.32,0.36,-3882.2345139999525,3591,5,313302.03367419797,95469.02367419793,21589
2016-01-29,600019,10.09,10.13,10.24,9.98,791242,410624288.0,2.58,0.4,0.04,0.48,863.3691507999902,3592,2,314165.40282499796,76383.91282499793,23473
2016-02-01,600019,10.13,9.8,10.17,9.64,796821,400806144.0,5.23,-3.26,-0.33,0.49,-7747.240127999976,3593,15,306418.162696998,191395.56269699795,11737
2016-02-02,600019,9.73,9.81,9.92,9.73,699723,346896864.0,1.94,0.1,0.01,0.43,115.6474620999652,3594,9,306533.81015909795,19140.05015909794,29296
2016-02-03,600019,9.75,9.68,9.76,9.58,496567,239331951.0,1.83,-1.33,-0.13,0.3,-3810.181453600002,3595,16,302723.62870549795,189283.70870549793,11719
2016-02-04,600019,9.74,9.75,9.79,9.68,436231,213212595.0,1.14,0.72,0.07,0.27,819.7587475000182,3596,15,303543.38745299797,246408.38745299794,5860
2016-02-05,600019,9.8,9.79,9.9,9.78,424322,211076258.0,1.23,0.41,0.04,0.26,234.15368359995773,3597,1,303777.5411365979,221776.50113659794,8376
2016-02-15,600019,9.65,9.67,9.71,9.58,385530,185883836.0,1.33,-1.23,-0.12,0.23,-1006.4505919999792,3598,6,302771.09054459794,88715.97054459792,22136
2016-02-16,600019,9.69,9.86,9.89,9.68,550373,272300560.0,2.17,1.96,0.19,0.34,4203.657390399952,3599,20,306974.7479349979,306974.7479349979,0
2016-02-17,600019,9.84,9.95,10.0,9.8,543521,273781408.0,2.03,0.91,0.09,0.33,-2.7626175000332296,3600,9,306971.98531749786,30710.235317497863,27765
2016-02-18,600019,9.96,9.97,10.21,9.93,632381,326069696.0,2.81,0.2,0.02,0.39,555.177169600036,3601,4,307527.1624870979,18427.07248709786,28997
2016-02-19,600019,9.97,9.92,10.07,9.89,440901,223968712.0,1.81,-0.5,-0.05,0.27,-1451.5758816000307,3602,16,306075.58660549787,191013.50660549785,11599
2016-02-22,600019,10.01,10.32,10.53,10.01,1286538,690400496.0,5.24,4.03,0.4,0.78,4639.001543199993,3603,15,310714.58814869786,250858.58814869786,5800
2016-02-23,600019,10.32,10.34,10.35,10.08,774115,408795104.0,2.62,0.19,0.02,0.47,116.0,3604,0,310830.58814869786,250858.58814869786,5800
2016-02-24,600019,10.29,10.39,10.45,10.21,545599,293320144.0,2.32,0.48,0.05,0.33,288.7458230999764,3605,5,311119.33397179784,125439.64397179785,17871
2016-02-25,600019,10.36,9.97,10.36,9.91,625657,325373360.0,4.33,-4.04,-0.42,0.38,-7505.945422599965,3606,1,303613.3885491979,112897.25854919785,19129
2016-02-26,600019,10.0,10.15,10.23,9.95,511692,265085530.0,2.81,1.81,0.18,0.31,3442.204086499987,3607,9,307055.59263569786,11304.892635697848,29138
2016-02-29,600019,10.09,9.96,10.23,9.76,664221,338692336.0,4.63,-1.87,-0.19,0.4,-5536.23125479999,3608,1,301519.36138089787,10179.401380897849,29251
2016-03-01,600019,10.03,10.03,10.07,9.87,398356,203741685.0,2.01,0.7,0.07,0.24,2046.3964899999555,3609,14,303565.7578708978,127529.22787089784,17551
2016-03-02,600019,10.03,10.41,10.54,10.0,998911,537153296.0,5.38,3.79,0.38,0.61,6669.252477500006,3610,1,310235.01034839783,114776.85034839784,18776
2016-03-03,600019,10.32,10.32,10.43,10.28,646455,348337920.0,1.44,-0.86,-0.09,0.39,-1691.1963575999835,3611,17,308543.81399079785,250411.25399079785,5633
2016-03-04,600019,10.32,10.35,10.54,10.25,711210,385542208.0,2.81,0.29,0.03,0.43,167.73796050000237,3612,5,308711.55195129785,125206.05195129785,17730
2016-03-07,600019,10.69,10.61,10.98,10.56,900955,511066064.0,4.06,2.51,0.26,0.55,4609.0488119999645,3613,6,313320.6007632978,50086.50076329784,24810
2016-03-08,600019,10.86,10.58,10.91,10.32,1123727,629452320.0,5.56,-0.28,-0.03,0.68,-745.6124489999493,3614,15,312574.98831429787,181330.08831429784,12405
2016-03-09,600019,10.32,10.25,10.35,10.14,814789,431666464.0,1.98,-3.12,-0.33,0.5,-4094.2857050000457,3615,15,308480.7026092978,244899.95260929785,6203
2016-03-10,600019,10.29,10.09,10.34,10.07,612210,321131728.0,2.63,-1.56,-0.16,0.37,-992.9697685999563,3616,2,307487.73284069786,195922.60284069786,11057
2016-03-11,600019,10.06,10.09,10.14,10.0,332132,170933121.0,1.39,0.0,0.0,0.2,-1.1754850000143051,3617,6,307486.55735569785,78372.92735569784,22707
2016-03-14,600019,10.14,10.19,10.29,10.09,576778,304310576.0,1.98,0.99,0.1,0.35,2270.6216389000183,3618,1,309757.17899459787,70536.73899459785,23476
2016-03-15,600019,10.18,10.11,10.18,10.06,473363,245208096.0,1.18,-0.79,-0.08,0.29,-1878.0800000000163,3619,0,307879.09899459785,70536.73899459785,23476
2016-03-16,600019,10.11,10.13,10.14,10.04,379182,196722825.0,0.99,0.2,0.02,0.23,469.1673747000168,3620,5,308348.26636929787,35273.85636929784,26957
2016-03-17,600019,10.12,10.18,10.23,10.09,593864,311189712.0,1.38,0.49,0.05,0.36,1346.4779396000085,3621,15,309694.7443088979,172478.52430889785,13479
2016-03-18,600019,10.21,10.32,10.34,10.18,697771,371967456.0,1.57,1.38,0.14,0.42,1886.642762399977,3622,13,311581.38707129785,214201.86707129783,9436
2016-03-21,600019,10.31,10.41,10.42,10.3,892255,481796496.0,1.16,0.87,0.09,0.54,847.3122761999839,3623,9,312428.69934749784,21427.559347497823,27954
2016-03-22,600019,10.34,10.28,10.35,10.23,698861,373215008.0,1.15,-1.25,-0.13,0.43,-3635.4568356000236,3624,15,308793.2425118978,165109.68251189782,13977
2016-03-23,600019,10.3,10.3,10.34,10.24,437628,233772715.0,0.97,0.19,0.02,0.27,278.71455799997784,3625,5,309071.9570698978,82564.6570698978,21991
2016-03-24,600019,10.26,10.17,10.26,10.15,411584,217040673.0,1.07,-1.26,-0.13,0.25,-2860.8427446999704,3626,19,306211.1143251978,283837.1143251978,2200
2016-03-25,600019,10.17,10.15,10.19,10.11,312249,163162610.0,0.79,-0.2,-0.02,0.19,-44.06699000002118,3627,13,306167.0473351978,290536.0473351978,1540
2016-03-28,600019,10.17,10.12,10.21,10.07,312125,163218981.0,1.38,-0.3,-0.03,0.19,-46.20000000001164,3628,0,306120.8473351978,290536.0473351978,1540
2016-03-29,600019,10.12,10.03,10.13,10.0,315399,162050321.0,1.28,-0.89,-0.09,0.19,-138.59999999997672,3629,0,305982.2473351978,290536.0473351978,1540
2016-03-30,600019,10.11,10.19,10.2,10.07,417212,218099913.0,1.3,1.6,0.16,0.25,246.3215369999525,3630,15,306228.56887219776,298382.2688721978,770
2016-03-31,600019,10.19,10.18,10.21,10.14,407354,214035528.0,0.69,-0.1,-0.01,0.25,-7.707838599977549,3631,11,306220.8610335978,299166.1210335978,693
2016-04-01,600019,10.17,10.26,10.34,10.15,541092,286812656.0,1.87,0.79,0.08,0.33,53.64511560002575,3632,6,306274.5061491978,119675.88614919779,18187
2016-04-05,600019,10.24,10.34,10.34,10.21,558787,298529456.0,1.27,0.78,0.08,0.34,1454.361727599986,3633,5,307728.8678767978,59848.047876797784,23973
2016-04-06,600019,10.32,10.28,10.39,10.25,379502,203439746.0,1.35,-0.58,-0.06,0.23,-1438.918466400064,3634,9,306289.94941039773,6000.869410397783,29211
2016-04-07,600019,10.3,10.31,10.42,10.2,654678,352295376.0,2.14,0.29,0.03,0.4,875.7276898000855,3635,12,307165.6771001978,66231.28710019779,23369
2016-04-08,600019,10.28,10.5,10.64,10.25,1532312,845046448.0,3.78,1.84,0.19,0.93,4439.128564999963,3636,14,311604.8056651978,164373.80566519778,14022
2016-04-11,600019,10.69,10.92,11.12,10.69,1785454,1048287056.0,4.1,4.0,0.42,1.09,5888.911307999981,3637,2,317493.71697319776,131504.2769731978,17032
2016-04-12,600019,10.86,10.98,11.24,10.79,1297658,772930512.0,4.12,0.55,0.06,0.79,1020.9849432000192,3638,15,318514.7019163978,225009.0219163978,8516
2016-04-13,600019,11.12,10.98,11.28,10.97,1397984,847632736.0,2.82,0.0,0.0,0.85,-0.5609681999776512,3639,16,318514.1409481978,281105.2809481978,3407
2016-04-14,600019,11.09,11.03,11.14,10.87,517534,306664592.0,2.46,0.46,0.05,0.32,170.27488569996785,3640,12,318684.4158338978,288616.6358338978,2726
2016-04-15,600019,11.04,10.87,11.06,10.79,629455,365351472.0,2.45,-1.45,-0.16,0.38,-437.6029924999457,3641,5,318246.8128413978,144315.9428413978,16001
2016-04-18,600019,10.9,10.84,10.91,10.7,588346,338256512.0,1.93,-0.28,-0.03,0.36,-481.32874040002935,3642,9,317765.4841009978,14440.604100997807,27982
2016-04-19,600019,10.85,10.91,10.95,10.75,514467,298323632.0,1.85,0.65,0.07,0.31,1957.213581899996,3643,15,319722.6976828978,167080.8876828978,13991
2016-04-20,600019,11.06,10.85,11.12,10.65,705085,410906560.0,4.31,-0.55,-0.06,0.43,-840.9780234999489,3644,20,318881.71965939784,318881.71965939784,0
2016-04-21,600019,10.87,10.92,11.07,10.76,762061,447788736.0,2.86,0.65,0.07,0.46,-0.6377280000015162,3645,2,318881.08193139784,255108.28193139785,5840
2016-04-22,600019,10.74,10.73,10.85,10.61,581464,329751936.0,2.2,-1.74,-0.19,0.35,-1109.9133160000201,3646,15,317771.1686153978,286439.56861539785,2920
2016-04-25,600019,10.69,10.82,10.9,10.65,517227,297063968.0,2.33,0.84,0.09,0.31,260.79505400004564,3647,7,318031.96366939787,85942.96366939784,21450
2016-04-26,600019,10.79,10.81,10.9,10.73,269119,154690476.0,1.57,-0.09,-0.01,0.16,-215.8912470000214,3648,16,317816.07242239785,225066.27242239786,8580
2016-04-27,600019,10.8,10.72,10.81,10.68,297055,169028998.0,1.2,-0.83,-0.09,0.18,-772.6598879999947,3649,15,317043.41253439785,271054.61253439786,4290
2016-04-28,600019,10.69,10.56,10.73,10.52,425324,237666960.0,1.96,-1.49,-0.16,0.26,-686.7624191999785,3650,18,316356.6501151979,307296.1701151979,858
2016-04-29,600019,10.56,10.57,10.65,10.51,243859,136410381.0,1.33,0.09,0.01,0.15,8.52567020006245,3651,16,316365.17578539794,312729.0957853979,344
2016-05-03,600019,10.58,10.65,10.67,10.56,317171,178136630.0,1.04,0.76,0.08,0.19,27.207315999956336,3652,1,316392.3831013979,281460.3831013979,3280
2016-05-04,600019,10.63,10.61,10.67,10.52,473378,264377930.0,1.41,-0.38,-0.04,0.29,-131.7628605000209,3653,2,316260.6202408979,225173.7702408979,8585
2016-05-05,600019,10.61,10.56,10.61,10.53,247974,137989456.0,0.75,-0.47,-0.05,0.15,-429.703235199966,3654,15,315830.9170056979,270496.8370056979,4293
2016-05-06,600019,10.54,10.37,10.57,10.35,488361,267153333.0,2.08,-1.8,-0.19,0.3,-815.9404496000498,3655,1,315014.97655609786,243451.6065560979,6901
2016-05-09,600019,10.31,10.08,10.34,10.02,610263,318353200.0,3.09,-2.8,-0.29,0.37,-2001.9159679999575,3656,19,313013.0605880979,306047.78058809787,691
2016-05-10,600019,10.08,10.13,10.17,10.06,259060,134747582.0,1.09,0.5,0.05,0.16,31.795754299964756,3657,9,313044.85634239786,30620.45634239784,27880
2016-05-11,600019,10.14,10.14,10.18,10.06,212997,110828774.0,1.18,0.1,0.01,0.13,278.7388557999511,3658,2,313323.5951981978,24505.97519819784,28483
2016-05-12,600019,10.09,10.18,10.25,10.02,264923,138296951.0,2.27,0.39,0.04,0.16,1137.5803398000426,3659,16,314461.17553799786,198470.25553799784,11394
2016-05-13,600019,10.14,10.15,10.21,10.12,169535,88810281.0,0.88,-0.29,-0.03,0.1,-341.9356085000327,3660,11,314119.2399294978,210030.98992949785,10255
2016-05-16,600019,10.09,10.12,10.14,10.06,294724,152423654.0,0.79,-0.3,-0.03,0.18,-309.54011240002,3661,9,313809.6998170978,21017.859817097837,28932
2016-05-17,600019,10.12,10.18,10.25,10.09,351316,184661867.0,1.58,0.59,0.06,0.21,1734.741970400035,3662,14,315544.44178749784,138819.64178749785,17360
2016-05-18,600019,10.12,10.06,10.13,10.01,340980,175556816.0,1.18,-1.18,-0.12,0.21,-2084.5971327999723,3663,18,313459.84465469787,278531.52465469786,3472
2016-05-19,600019,10.08,10.11,10.18,10.07,215106,112024496.0,1.09,0.5,0.05,0.13,173.04304009996122,3664,2,313632.8876947978,222834.97769479785,8981
2016-05-20,600019,10.06,10.13,10.14,10.03,159978,82936265.0,1.09,0.2,0.02,0.1,179.07419560005656,3665,16,313811.9618903979,277414.87189039786,3593
2016-05-23,600019,10.13,10.14,10.17,10.08,175426,91361768.0,0.89,0.1,0.01,0.11,33.71075959998416,3666,8,313845.67264999787,55488.61264999784,25479
2016-05-24,600019,10.12,10.07,10.12,10.04,155888,80405694.0,0.79,-0.69,-0.07,0.09,-1783.6409714000765,3667,2,312062.0316785978,44391.36167859784,26581
2016-05-25,600019,10.11,10.08,10.13,10.06,115854,59963988.0,0.7,0.1,0.01,0.07,265.7656480000587,3668,1,312327.79732659785,39956.117326597836,27021
2016-05-26,600019,10.06,10.08,10.11,10.01,121839,62661821.0,0.99,0.0,0.0,0.07,-0.27961920003872365,3669,7,312327.5177073978,11993.917707397832,29795
2016-05-27,600019,10.06,10.13,10.23,10.04,191929,99790329.0,1.88,0.5,0.05,0.12,1489.6781783000333,3670,6,313817.19588569785,4811.67588569783,30504
2016-05-30,600019,10.09,10.09,10.13,10.04,158608,81980134.0,0.89,-0.39,-0.04,0.1,-1220.169585500029,3671,2,312597.0263001978,3853.1163001978302,30599
2016-05-31,600019,10.09,10.23,10.24,10.08,478013,251220037.0,1.59,1.39,0.14,0.29,4283.83309510001,3672,7,316880.8593952978,1162.5993952978297,30862
2016-06-01,600019,10.2,10.19,10.24,10.17,376346,198084826.0,0.68,-0.39,-0.04,0.23,-1234.485808300029,3673,5,315646.3735869978,581.7635869978297,30919
2016-06-02,600019,10.19,10.18,10.19,10.14,219125,114830155.0,0.49,-0.1,-0.01,0.13,-309.5046638000058,3674,11,315336.8689231978,32047.828923197827,27828
2016-06-03,600019,10.18,10.18,10.19,10.13,232849,121947385.0,0.59,0.0,0.0,0.14,-1.4164451999240555,3675,15,315335.45247799787,173690.93247799785,13914
2016-06-06,600019,10.18,10.19,10.2,10.13,264029,138375950.0,0.69,0.1,0.01,0.16,138.79262289998587,3676,2,315474.24510089785,138952.87510089786,17323
2016-06-07,600019,10.18,10.15,10.19,10.13,182198,95316521.0,0.59,-0.39,-0.04,0.11,-694.1704799999716,3677,9,314780.0746208979,13903.624620897855,29643
2016-06-08,600019,10.18,10.13,10.18,10.11,209872,108095874.0,0.69,-0.2,-0.02,0.13,-592.859999999986,3678,0,314187.2146208979,13903.624620897855,29643
2016-06-13,600019,10.08,9.98,10.08,9.97,295768,150121797.0,1.09,-1.48,-0.15,0.18,-4446.477744400036,3679,2,309740.73687649786,11129.156876497855,29921
2016-06-14,600019,9.98,10.0,10.02,9.95,196035,98579393.0,0.7,0.2,0.02,0.12,596.6247999999905,3680,16,310337.36167649785,190647.36167649785,11969
2016-06-15,600019,9.96,10.03,10.06,9.93,336308,169983507.0,1.3,0.3,0.03,0.2,357.354268199997,3681,9,310694.71594469785,19072.465944697848,29075
2016-06-16,600019,10.02,9.93,10.03,9.9,453580,227334585.0,1.3,-1.0,-0.1,0.28,-2907.53813120001,3682,2,307787.17781349784,15259.307813497848,29459
2016-06-17,600019,9.95,9.96,10.04,9.93,437616,219903799.0,1.11,0.3,0.03,0.27,883.6174128000275,3683,10,308670.79522629787,0.4352262978463841,30991
2016-06-20,600019,9.98,9.96,9.98,9.92,221029,110490190.0,0.6,0.0,0.0,0.13,-100.0,3684,3,308670.79522629787,0.4352262978463841,30991
2016-06-21,600019,9.97,9.92,9.98,9.89,278190,139130230.0,0.9,-0.4,-0.04,0.17,-1239.6400000000722,3685,0,307431.1552262978,0.4352262978463841,30991
2016-06-22,600019,9.92,9.96,9.97,9.9,274226,136767595.0,0.71,0.4,0.04,0.17,1239.6400000000722,3686,0,308670.79522629787,0.4352262978463841,30991
2016-06-23,600019,9.95,9.92,9.96,9.9,184640,91939422.0,0.6,-0.4,-0.04,0.11,-1339.6400000000722,3687,4,307431.1552262978,0.4352262978463841,30991
2016-06-24,600019,9.92,9.82,9.95,9.75,346833,170663649.0,2.02,-1.01,-0.1,0.21,-3099.708643599937,3688,12,304331.44658269786,60864.18658269785,24793
2016-10-10,600019,10.42,10.42,10.42,10.42,74984,40416241.0,0.0,6.11,0.6,0.05,14874.508336799976,3689,15,319205.95491949783,190029.21491949784,12397
2016-10-11,600019,10.8,10.91,10.96,10.62,2568441,1456307888.0,3.26,4.7,0.49,1.56,6073.389904999989,3690,6,325279.3448244978,76018.57482449783,22847
2016-10-12,600019,10.78,10.67,10.79,10.64,1041726,584867904.0,1.37,-2.2,-0.24,0.63,-5483.96405369998,3691,9,319795.38077079784,7612.520770797826,29258
2016-10-13,600019,10.61,10.62,10.67,10.53,708206,391618480.0,1.31,-0.47,-0.05,0.43,-1464.7642348000081,3692,16,318330.61653599783,194034.13653599782,11704
2016-10-14,600019,10.62,10.58,10.62,10.51,411411,226409762.0,1.04,-0.38,-0.04,0.25,-468.5479686000035,3693,2,317862.06856739783,155236.88856739784,15371
2016-10-17,600019,10.59,10.54,10.65,10.52,350849,193978451.0,1.23,-0.38,-0.04,0.21,-614.8400000000256,3694,0,317247.2285673978,155236.88856739784,15371
2016-10-18,600019,10.53,10.61,10.63,10.52,452144,249238599.0,1.04,0.66,0.07,0.28,1075.6438486000407,3695,12,318322.87241599784,187851.70241599783,12297
2016-10-19,600019,10.63,10.59,10.7,10.57,468799,261075168.0,1.23,-0.19,-0.02,0.29,-245.94000000000233,3696,0,318076.93241599784,187851.70241599783,12297
2016-10-20,600019,10.58,10.56,10.59,10.52,327008,179938665.0,0.66,-0.28,-0.03,0.2,-369.6891167999711,3697,16,317707.2432991979,265762.60329919786,4919
2016-10-21,600019,10.56,10.56,10.59,10.52,323675,177782159.0,0.66,0.0,0.0,0.2,-0.31162559997756034,3698,16,317706.9316735979,296924.8516735979,1968
2016-10-24,600019,10.57,10.64,10.68,10.54,572837,318270048.0,1.33,0.76,0.08,0.35,157.2306047999882,3699,20,317864.1622783979,317864.1622783979,0
2016-10-25,600019,10.76,10.79,10.91,10.76,933713,533162112.0,1.41,1.41,0.15,0.57,-0.31776549998903647,3700,1,317863.8445128979,286087.2945128979,2945
2016-10-26,600019,10.8,10.78,10.8,10.72,541331,306648608.0,0.74,-0.09,-0.01,0.33,-29.6086815999588,3701,15,317834.23583129793,301955.29583129793,1473
2016-10-27,600019,10.78,10.73,10.79,10.73,255256,144351602.0,0.56,-0.46,-0.05,0.16,-73.65000000002328,3702,0,317760.5858312979,301955.29583129793,1473
2016-10-28,600019,10.72,10.68,10.78,10.68,314475,177115313.0,0.93,-0.47,-0.05,0.19,-73.64999999996508,3703,0,317686.93583129795,301955.29583129793,1473
2016-10-31,600019,10.7,10.69,10.74,10.68,269504,151562856.0,0.56,0.09,0.01,0.16,14.698571400018409,3704,12,317701.63440269796,305098.12440269795,1179
2016-11-01,600019,10.7,10.72,10.73,10.68,294587,165670712.0,0.47,0.28,0.03,0.18,35.33215840003686,3705,13,317736.966561098,308882.24656109797,826
2016-11-02,600019,10.72,10.62,10.73,10.62,284197,158700538.0,1.03,-0.93,-0.1,0.17,-82.65256900008535,3706,16,317654.3139920979,314139.09399209794,331
2016-11-03,600019,10.59,10.64,10.67,10.57,368991,204815432.0,0.94,0.19,0.02,0.22,6.3059072000323795,3707,1,317660.61989929795,282729.49989929795,3283
2016-11-04,600019,10.65,10.65,10.69,10.62,301786,168445946.0,0.66,0.09,0.01,0.18,32.550331000005826,3708,18,317693.17023029795,310696.12023029797,657
2016-11-07,600019,10.68,10.79,10.8,10.63,567751,320929456.0,1.6,1.31,0.14,0.35,91.98000000003958,3709,0,317785.150230298,310696.12023029797,657
2016-11-08,600019,10.81,10.76,10.89,10.75,386009,220017947.0,1.3,-0.28,-0.03,0.24,-19.78069320000941,3710,20,317765.369537098,317765.369537098,0
2016-11-09,600019,10.78,10.68,10.8,10.61,395471,221914738.0,1.77,-0.74,-0.08,0.24,-500.0,3711,17,317765.369537098,317765.369537098,0
2016-11-10,600019,10.74,10.79,10.82,10.73,532796,303195536.0,0.84,1.03,0.11,0.32,-2.2242505999747664,3712,7,317763.145286498,95338.08528649801,20614
2016-11-11,600019,10.8,11.04,11.06,10.76,1202342,698824592.0,2.78,2.32,0.25,0.73,5152.642081599974,3713,9,322915.787368098,9545.387368098003,28385
2016-11-14,600019,10.96,11.28,11.37,10.93,1537641,925746080.0,3.99,2.17,0.24,0.94,6812.079873599985,3714,11,329727.86724169797,41557.70724169801,25547
2016-11-15,600019,11.29,11.14,11.31,11.09,614639,369195584.0,1.95,-1.24,-0.14,0.37,-3576.579999999958,3715,0,326151.287241698,41557.70724169801,25547
2016-11-16,600019,11.13,11.07,11.14,11.01,340766,201721710.0,1.17,-0.63,-0.07,0.21,-1788.4561607000069,3716,4,324362.831080998,24941.471080998006,27048
2016-11-17,600019,11.06,11.06,11.07,10.96,303547,178404444.0,0.99,-0.09,-0.01,0.18,-270.5048850000021,3717,1,324092.326195998,22452.946195998007,27273
2016-11-18,600019,11.06,11.14,11.29,10.98,548219,328629968.0,2.8,0.72,0.08,0.33,2181.817608600075,3718,1,326274.1438045981,20213.783804598006,27474
2016-11-21,600019,11.14,11.11,11.22,11.06,388281,231566202.0,1.44,-0.27,-0.03,0.24,-824.8303834000835,3719,12,325449.313421198,81251.513421198,21980
2016-11-22,600019,11.11,11.36,11.39,11.09,983569,601095408.0,2.7,2.25,0.25,0.6,5494.250921599974,3720,13,330943.56434279797,156158.604342798,15386
2016-11-23,600019,11.4,11.31,11.51,11.25,992080,612616640.0,2.29,-0.44,-0.05,0.6,-770.0807292999234,3721,5,330173.48361349804,78084.89361349799,22289
2016-11-24,600019,11.31,11.39,11.5,11.29,678329,420544016.0,1.86,0.71,0.08,0.41,1782.417350899952,3722,9,331955.900964398,7819.280964397985,28458
2016-11-25,600019,11.36,11.54,11.57,11.31,1098542,685610144.0,2.28,1.32,0.15,0.67,4268.668842000014,3723,4,336224.569806398,4703.449806397985,28728
2016-11-28,600019,11.56,11.63,11.74,11.53,805916,514409520.0,1.82,0.78,0.09,0.49,2585.477783099981,3724,9,338810.047589498,481.7175894979846,29091
2016-11-29,600019,11.65,11.86,12.07,11.58,1449698,957664320.0,4.21,1.98,0.23,0.88,6690.929051199928,3725,2,345500.9766406979,386.8366406979846,29099
2016-11-30,600019,11.69,11.65,11.84,11.58,565045,363328160.0,2.19,-1.77,-0.21,0.34,-6112.823973499937,3726,16,339388.152667198,203782.152667198,11640
2016-12-08,600019,12.26,11.9,12.3,11.89,1191057,801918512.0,3.52,2.15,0.25,0.73,2909.1849690000527,3727,4,342297.33763619803,122278.237636198,18489
2016-12-09,600019,11.81,12.26,12.44,11.59,1607717,1081422096.0,7.14,3.03,0.36,0.98,6654.226623399998,3728,18,348951.56425959803,303614.08425959805,3698
2016-12-12,600019,12.26,12.26,12.9,12.23,1729010,1233836400.0,5.46,0.0,0.0,1.05,-1.5180332000018097,3729,5,348950.04622639803,151809.24622639804,16080
2016-12-13,600019,12.18,12.62,12.69,12.12,1427439,1013525840.0,4.65,2.94,0.36,0.87,5788.496488999983,3730,2,354738.542715398,121457.84271539804,18485
2016-12-14,600019,12.45,12.23,12.63,12.08,1385974,970498016.0,4.36,-3.09,-0.39,0.84,-7210.000107299944,3731,7,347528.54260809807,36446.26260809804,25436
2016-12-15,600019,12.08,12.02,12.18,11.9,1061576,709673360.0,2.29,-1.72,-0.21,0.65,-5341.632841200044,3732,2,342186.909766898,29162.06976689804,26042
2016-12-16,600019,11.95,11.78,11.98,11.76,802897,526027648.0,1.83,-2.0,-0.24,0.49,-6250.25493299996,3733,6,335936.65483389806,11668.594833898038,27527
2016-12-19,600019,11.73,11.86,11.96,11.69,605486,398741424.0,2.29,0.68,0.08,0.37,2200.2012023999123,3734,16,338136.856036298,207546.396036298,11011
2016-12-20,600019,11.85,11.62,11.85,11.45,838164,530320224.0,3.37,-2.02,-0.24,0.51,-2643.2796809999854,3735,15,335493.576355298,271513.856355298,5506
2016-12-21,600019,11.62,11.68,11.75,11.56,622396,398694128.0,1.64,0.52,0.06,0.38,330.0885567999794,3736,1,335823.664912098,244369.264912098,7830
2016-12-22,600019,11.64,11.56,11.7,11.51,658524,417036464.0,1.63,-1.03,-0.12,0.4,-940.821776399971,3737,5,334882.843135698,122190.403135698,18399
2016-12-23,600019,11.54,11.56,11.63,11.39,563722,353415824.0,2.08,0.0,0.0,0.34,-0.8552087999996729,3738,7,334881.987926898,36668.66792689799,25797
2016-12-26,600019,11.47,11.41,11.52,11.29,560661,345473120.0,1.99,-1.3,-0.15,0.34,-3869.5866261000047,3739,1,331012.401300798,33006.02130079799,26118
2016-12-27,600019,11.45,11.41,11.46,11.37,341647,212043650.0,0.79,0.0,0.0,0.21,-1.192002700001467,3740,14,331011.209298098,152205.099298098,15671
2016-12-28,600019,11.45,11.46,11.56,11.41,451786,282942064.0,1.31,0.44,0.05,0.28,782.941244799993,3741,4,331794.150542898,91328.970542898,20983
2016-12-29,600019,11.43,11.52,11.58,11.39,374041,234427272.0,1.66,0.52,0.06,0.23,1258.7060543999542,3742,3,333052.85659729794,63934.136597298,23361
2016-12-30,600019,11.54,11.59,11.69,11.52,494329,314911808.0,1.48,0.61,0.07,0.3,1635.0143245999934,3743,4,334687.87092189793,38366.340921897994,25567
2017-01-03,600019,11.59,11.59,11.67,11.48,553133,350971504.0,1.64,0.0,0.0,0.34,-1.7779059999156743,3744,16,334686.093015898,216155.163015898,10227
2017-01-04,600019,11.64,11.74,11.75,11.59,593498,382062112.0,1.38,1.29,0.15,0.36,1533.1854663999984,3745,4,336219.278482298,129700.93848229799,17591
2017-01-05,600019,11.72,11.75,11.8,11.7,409985,265525289.0,0.85,0.09,0.01,0.25,175.4966349999886,3746,12,336394.775117298,171037.025117298,14073
2017-01-06,600019,11.75,11.91,11.95,11.75,615306,405587680.0,1.7,1.36,0.16,0.37,2250.5067459000275,3747,17,338645.28186319803,288361.261863198,4222
2017-01-09,600019,11.9,11.95,12.08,11.87,488819,325607760.0,1.76,0.34,0.04,0.3,168.88000000000466,3748,0,338814.16186319804,288361.261863198,4222
2017-01-10,600019,11.95,12.14,12.24,11.89,725937,490776448.0,2.93,1.59,0.19,0.44,799.5849535999587,3749,9,339613.746816798,28854.026816797996,25598
2017-01-11,600019,12.23,12.23,12.56,12.18,1110308,777500080.0,3.13,0.74,0.09,0.68,2303.5314942999976,3750,10,341917.278311098,3.1683110979938647,27957
2017-01-12,600019,12.17,12.13,12.48,11.98,564562,387401168.0,4.09,-0.82,-0.1,0.34,-2895.6999999999534,3751,9,339121.57831109804,3.1683110979938647,27957
2017-01-13,600019,12.08,12.19,12.35,11.95,588260,401868048.0,3.3,0.49,0.06,0.36,1677.4199999999255,3752,0,340798.99831109797,3.1683110979938647,27957
2017-01-16,600019,12.29,12.34,12.42,12.02,1163121,799112832.0,3.28,1.23,0.15,0.71,4191.825114800013,3753,15,344990.823425898,172489.963425898,13979
2017-01-17,600019,12.28,12.19,12.28,12.12,431126,294747264.0,1.3,-1.22,-0.15,0.26,-2096.8499999999767,3754,0,342893.973425898,172489.963425898,13979
2017-01-18,600019,12.25,12.39,12.46,12.22,904367,631568832.0,1.97,1.64,0.2,0.55,2795.110124800005,3755,4,345689.083550698,103501.75355069799,19547
2017-01-19,600019,12.45,12.37,12.63,12.35,796857,562901200.0,2.26,-0.16,-0.02,0.49,-393.1161304000416,3756,19,345295.96742029797,321112.617420298,1955
2017-01-20,600019,12.37,12.3,12.41,12.28,501963,348898928.0,1.05,-0.57,-0.07,0.31,-139.418731999991,3757,8,345156.548688298,64236.84868829796,22839
2017-01-23,600019,12.3,12.14,12.31,12.12,821664,560835664.0,1.54,-1.3,-0.16,0.5,-3654.6253236000193,3758,6,341501.92336469796,25704.103364697963,26013
2017-02-27,600019,12.55,12.76,12.96,12.46,3634877,2641306960.0,4.12,5.11,0.62,1.65,16125.072756399983,3759,19,357626.99612109794,324425.4761210979,2602
2017-02-28,600019,12.64,12.5,12.68,12.44,1595448,1136118016.0,1.88,-2.04,-0.26,0.72,-677.8176250000251,3760,4,356949.1784960979,194661.6784960979,12983
2017-03-01,600019,12.45,12.48,12.62,12.33,1255115,884960240.0,2.32,-0.16,-0.02,0.57,-260.63319040002534,3761,5,356688.5453056979,97341.6653056979,20781
2017-03-02,600019,12.48,12.39,12.62,12.36,946985,670520368.0,2.08,-0.72,-0.09,0.43,-1871.1659729999956,3762,9,354817.3793326979,9743.489332697893,27851
2017-03-03,600019,12.31,12.2,12.31,12.19,878981,604290944.0,0.97,-1.53,-0.19,0.4,-5291.787355999986,3763,10,349525.5919766979,7.791976697893915,28649
2017-03-06,600019,12.15,12.24,12.26,12.15,527962,362208912.0,0.9,0.33,0.04,0.24,1045.960000000021,3764,4,350671.5519766979,7.791976697893915,28649
2017-03-07,600019,12.22,12.17,12.24,12.15,452192,309201904.0,0.74,-0.57,-0.07,0.2,-2105.429999999993,3765,1,348666.12197669793,7.791976697893915,28649
2017-03-08,600019,12.18,12.0,12.18,11.97,899951,603219168.0,1.73,-1.4,-0.17,0.41,-4970.330000000016,3766,9,343795.7919766979,7.791976697893915,28649
2017-03-09,600019,11.98,11.96,12.01,11.81,665122,439142896.0,1.67,-0.33,-0.04,0.3,-1245.9599999999627,3767,8,342649.83197669795,7.791976697893915,28649
2017-03-10,600019,11.97,12.14,12.19,11.96,839454,568979520.0,1.92,1.51,0.18,0.38,5056.820000000007,3768,9,347806.65197669796,7.791976697893915,28649
2017-03-13,600019,12.12,12.18,12.19,12.0,554610,375211584.0,1.57,0.33,0.04,0.25,1145.2622077999404,3769,12,348951.9141844979,69786.3141844979,22920
2017-03-14,600019,12.15,12.26,12.36,12.14,755370,521954832.0,1.81,0.66,0.08,0.34,1832.7570024000015,3770,13,350784.6711868979,154085.2311868979,16044
2017-03-15,600019,12.23,12.24,12.35,12.2,481468,332678160.0,1.22,-0.16,-0.02,0.22,-322.26666959997965,3771,9,350462.4045172979,15416.884517297905,27373
2017-03-16,600019,12.26,12.28,12.35,12.22,557578,385135792.0,1.06,0.33,0.04,0.25,1094.889177199977,3772,2,351557.2936944979,12334.573694497905,27624
2017-03-17,600019,12.26,12.04,12.31,12.02,697882,476145408.0,2.36,-1.95,-0.24,0.32,-6631.755509600043,3773,16,344925.53818489786,211883.5381848979,11050
2017-03-20,600019,12.11,12.06,12.12,12.0,496900,333959008.0,1.0,0.17,0.02,0.23,219.09319340006914,3774,9,345144.6313782979,21200.971378297865,26861
2017-03-21,600019,12.07,12.0,12.07,11.96,553160,369634960.0,0.91,-0.5,-0.06,0.25,-1611.7447200000752,3775,4,343532.88665829785,12728.886658297864,27567
2017-03-22,600019,11.95,11.79,11.95,11.72,1028254,670769712.0,1.92,-1.75,-0.21,0.47,-5789.133548100013,3776,5,337743.75311019784,6374.013110197864,28106
2017-03-23,600019,11.78,11.73,11.84,11.67,614276,397729696.0,1.44,-0.51,-0.06,0.28,-1686.359999999986,3777,0,336057.39311019785,6374.013110197864,28106
2017-03-24,600019,11.74,11.86,11.87,11.68,527701,343155968.0,1.62,1.11,0.13,0.24,3653.4467339999974,3778,11,339710.83984419785,39700.27984419786,25296
2017-03-27,600019,11.86,11.76,11.87,11.69,642661,418004880.0,1.52,-0.84,-0.1,0.29,-2530.7898768000305,3779,14,337180.0499673978,158686.76996739785,15178
2017-03-28,600019,11.73,11.76,11.79,11.69,388445,251070547.0,0.85,0.0,0.0,0.18,-1.0708656000206247,3780,16,337178.9791017978,265772.2591017978,6072
2017-03-29,600019,11.79,11.81,11.89,11.73,439552,287041536.0,1.36,0.43,0.05,0.2,303.1697617000318,3781,16,337482.14886349783,308795.65886349784,2429
2017-03-30,600019,11.79,11.7,11.85,11.69,433124,280260400.0,1.35,-0.93,-0.11,0.2,-267.8075260000187,3782,2,337214.3413374978,247042.44133749785,7707
2017-03-31,600019,11.73,11.79,11.81,11.7,386896,250979942.0,0.94,0.77,0.09,0.18,693.0848304000683,3783,16,337907.4261678979,301558.8561678979,3083
2017-04-05,600019,11.87,12.06,12.08,11.86,1142855,765253696.0,1.87,2.29,0.27,0.52,832.0754555999883,3784,19,338739.50162349787,335012.9616234979,309
2017-04-06,600019,12.08,12.07,12.12,12.02,737278,497734256.0,0.83,0.08,0.01,0.33,3.075153900019359,3785,14,338742.5767773979,336497.55677739787,186
2017-04-07,600019,12.03,12.01,12.03,11.95,462956,308856064.0,0.66,-0.5,-0.06,0.21,-11.17561299999943,3786,17,338731.4011643979,338058.8411643979,56
2017-04-10,600019,12.0,12.03,12.08,11.96,628141,421517632.0,1.0,0.17,0.02,0.28,-1.9223869999987073,3787,9,338729.4787773979,33817.098777397885,25346
2017-04-11,600019,12.02,11.91,12.03,11.78,1174367,773666960.0,2.08,-1.0,-0.12,0.53,-3043.9348715999513,3788,18,335685.54390579794,275301.8439057979,5070
2017-04-12,600019,11.86,11.84,11.91,11.78,711066,465624112.0,1.09,-0.59,-0.07,0.32,-355.02005760004977,3789,12,335330.5238481979,287307.4838481979,4056
2017-04-13,600019,11.84,11.83,11.86,11.79,420438,275019712.0,0.59,-0.08,-0.01,0.19,-42.28374929993879,3790,6,335288.24009889795,114930.83009889792,18627
2017-04-14,600019,11.81,11.84,11.98,11.79,607957,400163280.0,1.61,0.08,0.01,0.28,185.810371199972,3791,4,335474.0504700979,68967.49047009792,22509
2017-04-17,600019,11.84,11.78,11.84,11.73,478342,310876128.0,0.93,-0.51,-0.06,0.22,-1350.8050500000245,3792,11,334123.2454200979,95472.22542009792,20259
2017-04-18,600019,11.78,11.65,11.8,11.64,584753,377151408.0,1.36,-1.1,-0.13,0.26,-2634.0517704999656,3793,4,331489.19364959793,57294.793649597916,23536
2017-04-19,600019,11.63,11.4,11.65,11.31,739838,461340592.0,2.92,-2.15,-0.25,0.34,-5885.609794000047,3794,16,325603.5838555979,218272.5838555979,9415
2017-04-20,600019,11.42,11.43,11.48,11.39,377668,234872819.0,0.79,0.26,0.03,0.17,281.5890924000414,3795,18,325885.1729479979,304362.4829479979,1883
2017-04-21,600019,11.48,11.47,11.51,11.41,292174,182109262.0,0.87,0.35,0.04,0.13,75.1688254000037,3796,17,325960.34177339793,319479.79177339794,565
2017-04-24,600019,11.45,11.23,11.45,11.17,598234,364101600.0,2.44,-2.09,-0.24,0.27,-135.91938119998667,3797,1,325824.42239219794,287541.35239219794,3409
2017-04-25,600019,11.24,11.28,11.3,11.2,332352,201944335.0,0.89,0.45,0.05,0.15,168.7248368000146,3798,6,325993.14722899796,115023.30722899796,18703
2017-04-26,600019,11.28,11.36,11.39,11.23,554323,339071632.0,1.42,0.71,0.08,0.25,1494.7527488000342,3799,17,327487.899977798,263746.93997779797,5611
2017-04-27,600019,11.33,11.34,11.35,11.19,497569,303101632.0,1.41,-0.18,-0.02,0.23,-114.0660386000527,3800,7,327373.83393919794,79141.23393919796,21890
2017-04-28,600019,11.35,11.46,11.48,11.34,543605,338206112.0,1.23,1.06,0.12,0.25,2626.6417374000303,3801,2,330000.47567659797,63314.81567659796,23271
2017-05-02,600019,11.45,11.51,11.59,11.45,544992,343257104.0,1.22,0.44,0.05,0.25,1163.2334750000155,3802,5,331163.709151598,31661.999151597956,26021
2017-05-03,600019,11.48,11.43,11.53,11.36,460175,286511552.0,1.48,-0.7,-0.08,0.21,-2081.9649498999934,3803,9,329081.744201698,3166.724201697958,28514
2017-05-04,600019,11.36,11.35,11.42,11.3,400516,246564630.0,1.05,-0.7,-0.08,0.18,-2281.1200000000536,3804,0,326800.62420169794,3166.724201697958,28514
2017-05-05,600019,11.34,11.23,11.34,11.2,453063,274975808.0,1.23,-1.06,-0.12,0.21,-3422.640614199976,3805,13,323377.98358749796,99227.18358749796,19960
2017-05-08,600019,11.24,11.17,11.29,11.17,367838,222026572.0,1.07,-0.53,-0.06,0.17,-1199.8295320000034,3806,20,322178.15405549796,322178.15405549796,0
2017-05-09,600019,11.17,11.13,11.19,11.08,431787,257497916.0,0.98,-0.36,-0.04,0.2,-0.6443156999885105,3807,2,322177.50973979797,257745.93973979796,5789
2017-05-10,600019,11.14,11.07,11.18,11.06,423054,252269805.0,1.08,-0.54,-0.06,0.19,-347.6603657999658,3808,15,321829.849373998,289782.199373998,2895
2017-05-11,600019,11.04,11.01,11.04,10.85,694338,403834224.0,1.72,-0.54,-0.06,0.31,-173.98967310000444,3809,1,321655.859700898,260814.599700898,5526
2017-05-12,600019,10.98,10.98,11.02,10.92,448568,261578465.0,0.91,-0.27,-0.03,0.2,-166.82320980000077,3810,4,321489.036491098,156492.57649109798,15027
2017-05-15,600019,11.01,11.04,11.07,11.0,361909,213377776.0,0.64,0.55,0.06,0.16,901.4635631999699,3811,1,322390.50005429797,140848.740054298,16444
2017-05-16,600019,11.02,11.09,11.09,10.96,382414,224868559.0,1.18,0.45,0.05,0.17,820.5587908999878,3812,19,323211.05884519796,304968.00884519797,1645
2017-05-17,600019,11.08,11.12,11.15,11.07,436897,260136068.0,0.72,0.27,0.03,0.2,49.185424000024796,3813,19,323260.244269198,321425.444269198,165
2017-05-18,600019,11.07,11.11,11.15,11.04,351225,208990938.0,0.99,-0.09,-0.01,0.16,-1.6683314999681897,3814,20,323258.575937698,323258.575937698,0
2017-05-19,600019,11.12,11.15,11.17,11.11,504149,301485296.0,0.54,0.36,0.04,0.23,-500.0,3815,13,323258.575937698,323258.575937698,0
2017-05-22,600019,11.19,11.35,11.39,11.19,954068,586101984.0,1.79,1.79,0.2,0.43,-0.3232480000006035,3816,1,323258.252689698,290933.452689698,2848
2017-05-23,600019,11.36,11.51,11.54,11.33,1020152,638297088.0,1.85,1.41,0.16,0.46,455.6145080999704,3817,12,323713.867197798,297482.577197798,2279
2017-05-24,600019,11.51,11.43,11.52,11.33,548789,340705552.0,1.65,-0.7,-0.08,0.25,-183.80738589999964,3818,5,323530.059811898,148742.499811898,15292
2017-05-25,600019,11.42,11.67,11.7,11.42,971526,617818848.0,2.45,2.1,0.24,0.44,3669.782531700039,3819,2,327199.842343598,118995.37234359799,17841
2017-05-26,600019,11.68,11.74,11.85,11.67,746984,485192400.0,1.54,0.6,0.07,0.34,1247.6133504000027,3820,16,328447.455693998,244659.07569399802,7137
2017-05-31,600019,11.75,11.58,11.8,11.58,709072,453539600.0,1.87,-1.36,-0.16,0.32,-1142.3331743999734,3821,15,327305.12251959805,285976.10251959803,3569
2017-06-01,600019,11.58,11.54,11.64,11.48,573118,361982592.0,1.38,-0.35,-0.04,0.26,-143.04826920002233,3822,17,327162.07425039803,314802.734250398,1071
2017-06-02,600019,11.57,11.61,11.62,11.51,410201,259919966.0,0.95,0.61,0.07,0.19,73.08128519996535,3823,6,327235.155535598,125929.36553559802,17339
2017-06-05,600019,11.58,11.52,11.63,11.51,393016,248481576.0,1.03,-0.78,-0.09,0.18,-1561.265481600014,3824,6,325673.890053998,50380.45005399801,23897
2017-06-06,600019,11.5,11.61,11.61,11.42,549014,344513744.0,1.65,0.78,0.09,0.25,2149.065358199994,3825,16,327822.955412198,216842.965412198,9559
2017-06-07,600019,11.61,11.69,11.7,11.56,575192,367367376.0,1.21,0.69,0.08,0.26,764.6083605000167,3826,11,328587.563772698,228006.803772698,8604
2017-06-08,600019,11.68,11.76,11.79,11.64,458790,296507008.0,1.28,0.6,0.07,0.21,601.1399856000207,3827,5,329188.703758298,114004.223758298,18298
2017-06-09,600019,11.78,11.76,11.81,11.69,460270,298032112.0,1.02,0.0,0.0,0.21,-1.0759223999921232,3828,15,329187.627835898,221595.38783589803,9149
2017-06-12,600019,11.75,11.73,11.83,11.7,416240,269831824.0,1.11,-0.26,-0.03,0.19,-275.54317769996123,3829,20,328912.08465819806,328912.08465819806,0
2017-06-13,600019,11.73,11.87,11.9,11.73,701258,458821600.0,1.45,1.19,0.14,0.32,-500.0,3830,12,328912.08465819806,328912.08465819806,0
2017-06-14,600019,11.86,11.81,11.91,11.8,554619,352416624.0,0.93,-0.51,-0.06,0.25,-500.0,3831,13,328912.08465819806,328912.08465819806,0
2017-06-15,600019,11.8,11.86,11.9,11.78,431611,273510608.0,1.02,0.42,0.05,0.2,-500.0,3832,17,328912.08465819806,328912.08465819806,0
2017-06-16,600019,11.86,11.89,11.9,11.8,793672,505379808.0,0.84,0.25,0.03,0.36,-2.3022607000311837,3833,7,328909.782397498,98683.71239749805,19363
2017-06-19,600019,11.85,11.97,11.97,11.8,665905,425660096.0,1.43,0.67,0.08,0.3,1548.349331000005,3834,7,330458.13172849803,29616.121728498038,25133
2017-06-20,600019,11.96,11.94,12.03,11.92,449990,290550032.0,0.92,-0.25,-0.03,0.2,-754.0788335999823,3835,3,329704.05289489805,20732.672894898038,25877
2017-06-21,600019,11.98,12.11,12.17,11.94,720897,472275872.0,1.93,1.42,0.17,0.33,4399.089999999967,3836,0,334103.142894898,20732.672894898038,25877
2017-06-22,600019,12.11,12.04,12.18,12.02,596417,391664512.0,1.32,-0.58,-0.07,0.27,-1814.5055908000213,3837,20,332288.637304098,332288.637304098,0
2017-06-23,600019,12.03,11.98,12.04,11.87,464724,299393744.0,1.41,-0.5,-0.06,0.21,-2.3259170000092126,3838,7,332286.311387098,99694.61138709798,19415
2017-06-26,600019,11.98,12.14,12.18,11.94,950254,621718816.0,2.0,1.34,0.16,0.43,3105.4031846,3839,10,335391.714571698,12.074571697958163,27626
2017-06-27,600019,12.15,12.17,12.2,12.06,819495,538526576.0,1.15,0.25,0.03,0.37,827.0989578999579,3840,15,336218.81352959794,168114.60352959798,13813
2017-06-28,600019,12.15,12.28,12.4,12.12,1372867,923471712.0,2.3,0.9,0.11,0.62,1517.9171039999928,3841,9,337736.73063359794,16823.490633597976,26133
2017-06-29,600019,12.29,12.29,12.39,12.23,525690,353287680.0,1.3,0.08,0.01,0.24,259.72418860002654,3842,15,337996.45482219796,177403.02482219797,13067
2017-06-30,600019,12.28,12.29,12.37,12.24,419570,281545872.0,1.06,0.0,0.0,0.19,-0.16050739999627694,3843,11,337996.29431479797,193453.60431479797,11761
2017-07-03,600019,12.34,12.63,12.64,12.3,1697690,1172077424.0,2.77,2.77,0.34,0.77,3997.254585699993,3844,20,341993.54890049796,341993.54890049796,0
2017-07-04,600019,12.65,12.45,12.67,12.42,975778,673338848.0,1.98,-1.43,-0.18,0.44,-500.0,3845,20,341993.54890049796,341993.54890049796,0
2017-07-05,600019,12.46,12.55,12.58,12.44,693220,478638800.0,1.12,0.8,0.1,0.31,0.0,3846,0,341993.54890049796,341993.54890049796,0
2017-07-06,600019,12.52,12.65,12.68,12.48,930935,647913936.0,1.59,0.8,0.1,0.42,-1.0259150000056252,3847,3,341992.52298549796,239401.02298549796,8110
2017-07-07,600019,12.63,12.67,12.7,12.59,730528,511667440.0,0.87,0.16,0.02,0.33,161.99449260003166,3848,12,342154.517478098,259951.55747809797,6488
2017-07-10,600019,12.65,12.96,13.11,12.62,1762878,1273245968.0,3.87,2.29,0.29,0.8,1880.480348800018,3849,4,344034.997826898,155985.39782689797,14510
2017-07-11,600019,13.0,12.9,13.02,12.83,808273,582593584.0,1.47,-0.46,-0.06,0.37,-871.1615370000363,3850,13,343163.83628989797,212138.53628989798,10157
2017-07-12,600019,12.89,12.76,12.97,12.64,1085122,771770880.0,2.56,-1.09,-0.14,0.49,-1421.9799999999814,3851,0,341741.856289898,212138.53628989798,10157
2017-07-13,600019,12.76,12.92,12.97,12.75,828455,596373168.0,1.72,1.25,0.16,0.38,1623.2108115999145,3852,9,343365.0671014979,21217.78710149796,24934
2017-07-14,600019,12.92,12.86,12.95,12.79,460987,331179200.0,1.24,-0.46,-0.06,0.21,-1496.1884043999598,3853,7,341868.87869709794,6377.1986970979615,26088
2017-07-17,600019,12.85,12.79,13.03,12.58,1147310,823059632.0,3.5,-0.54,-0.07,0.52,-1826.493563200056,3854,11,340042.3851338979,39733.18513389796,23480
2017-07-18,600019,12.75,13.02,13.03,12.75,1103530,799009200.0,2.19,1.8,0.23,0.5,5400.241156000062,3855,4,345442.62628989795,23848.626289897962,24700
2017-07-19,600019,13.03,13.36,13.42,13.02,2047957,1545145776.0,3.07,2.61,0.34,0.93,8394.700080000039,3856,20,353837.326369898,353837.326369898,0
2017-07-20,600019,13.35,13.19,13.39,13.17,1039032,780599696.0,1.65,-1.27,-0.17,0.47,-1.769042800005991,3857,5,353835.557327098,176931.27732709798,13412
2017-07-21,600019,13.14,13.23,13.28,13.09,806725,599398992.0,1.44,0.3,0.04,0.37,536.4799999999814,3858,0,354372.03732709796,176931.27732709798,13412
2017-07-24,600019,13.17,13.0,13.23,12.96,1639727,1205511632.0,2.04,-1.74,-0.23,0.74,-3084.7600000000093,3859,0,351287.27732709795,176931.27732709798,13412
2017-07-25,600019,13.0,12.89,13.03,12.79,1152941,829403472.0,1.85,-0.85,-0.11,0.52,-1475.8385646999814,3860,13,349811.438762398,228787.22876239798,9389
2017-07-26,600019,12.87,12.9,13.02,12.81,979791,707771696.0,1.63,0.08,0.01,0.44,93.89000000001397,3861,0,349905.328762398,228787.22876239798,9389
2017-07-27,600019,12.89,12.7,12.94,12.67,1131060,802696240.0,2.09,-1.55,-0.2,0.51,-1878.634643999976,3862,17,348026.694118398,312250.794118398,2817
2017-07-28,600019,12.7,12.79,12.81,12.69,611952,433972944.0,0.94,0.71,0.09,0.28,251.6566487000091,3863,6,348278.350767098,124913.79076709799,17464
2017-07-31,600019,12.87,13.18,13.2,12.85,2025577,1493639744.0,2.74,3.05,0.39,0.92,6809.835877799953,3864,9,355088.18664489797,12500.44664489798,25993
2017-08-01,600019,13.17,13.18,13.37,13.12,1311720,983873536.0,1.9,0.0,0.0,0.59,-0.06247319997055456,3865,5,355088.124171698,6253.06417169798,26467
2017-08-02,600019,13.2,13.33,13.42,13.19,1514254,1147916224.0,1.75,1.14,0.15,0.69,3969.9937474000035,3866,9,359058.117919098,627.7479190979793,26889
2017-08-03,600019,13.25,13.58,13.69,13.23,1760737,1361659040.0,3.45,1.88,0.25,0.8,6722.245111199969,3867,8,365780.363030298,138.86303029797926,26925
2017-08-04,600019,13.62,13.98,14.41,13.62,3084865,2512481728.0,5.82,2.95,0.4,1.4,10769.999301000033,3868,6,376550.362331298,68.96233129797925,26930
2017-08-07,600019,14.39,14.64,14.8,14.01,3590414,3053891488.0,5.65,4.72,0.66,1.63,17773.79999999999,3869,0,394324.162331298,68.96233129797925,26930
2017-08-08,600019,14.59,14.44,15.06,14.27,3327664,2881470144.0,5.4,-1.37,-0.2,1.51,-5386.000433200039,3870,9,388938.16189809795,25.641898097979244,26933
2017-08-09,600019,14.46,14.64,14.73,14.19,2186413,1854788352.0,3.74,1.39,0.2,0.99,5386.600000000035,3871,0,394324.761898098,25.641898097979244,26933
2017-08-10,600019,14.42,14.13,14.51,14.09,1603814,1338522240.0,2.87,-3.48,-0.51,0.73,-13835.829999999958,3872,9,380588.93189809803,25.641898097979244,26933
2017-08-11,600019,13.94,13.51,14.13,13.39,2395604,1886903280.0,5.24,-4.39,-0.62,1.08,-16798.46000000002,3873,9,363890.471898098,25.641898097979244,26933
2017-08-14,600019,13.59,13.61,13.85,13.52,1682344,1323243376.0,2.44,0.74,0.1,0.76,2691.4672773999628,3874,15,366581.939175498,183296.06917549795,13467
2017-08-15,600019,13.48,13.64,13.79,13.29,1223528,946599200.0,3.67,0.22,0.03,0.55,403.64267480000854,3875,12,366985.581850298,220028.22185029794,10774
2017-08-16,600019,13.62,13.67,13.73,13.52,835967,652542272.0,1.54,0.22,0.03,0.38,322.92554819991346,3876,12,367308.5073984979,249473.10739849793,8620
2017-08-17,600019,13.86,13.81,13.97,13.63,1204396,955809600.0,2.49,1.02,0.14,0.55,1205.0538636000128,3877,7,368513.5612620979,74857.72126209791,21264
2017-08-18,600019,13.74,13.64,13.74,13.5,839167,652502336.0,1.74,-1.23,-0.17,0.38,-3614.8800000000047,3878,0,364898.6812620979,74857.72126209791,21264
2017-08-21,600019,13.7,14.02,14.03,13.63,1369956,1099278208.0,2.93,2.79,0.38,0.62,8080.245273399982,3879,1,372978.9265354979,67384.98653549791,21797
2017-08-22,600019,14.02,14.13,14.29,13.86,1134341,928514304.0,3.07,0.78,0.11,0.51,2397.362107300083,3880,11,375376.28864279797,98173.94864279791,19618
2017-08-23,600019,13.86,13.75,13.98,13.7,955194,760327792.0,1.98,-2.69,-0.38,0.43,-7456.728150000039,3881,17,367919.56049279793,286987.06049279793,5886
2017-08-24,600019,13.79,13.91,14.02,13.79,825121,663929792.0,1.67,1.16,0.16,0.37,941.4730366999866,3882,1,368861.0335294979,258290.44352949792,7949
2017-08-25,600019,13.81,13.96,14.16,13.78,1476560,1190635440.0,2.73,0.36,0.05,0.67,397.45000000001164,3883,0,369258.4835294979,258290.44352949792,7949
2017-08-28,600019,13.85,13.86,13.92,13.63,1525131,1214171696.0,2.08,-0.72,-0.1,0.69,-795.4165622,3884,2,368463.0669672979,206633.7069672979,11676
2017-08-29,600019,13.83,13.84,14.08,13.7,1271849,1025560384.0,2.74,-0.14,-0.02,0.58,-234.55315600003814,3885,5,368228.5138112979,103317.0738112979,19141
2017-08-30,600019,13.79,14.23,14.38,13.79,2064251,1685808672.0,4.26,2.82,0.39,0.93,7464.989999999991,3886,0,375693.5038112979,103317.0738112979,19141
2017-08-31,600019,14.17,14.11,14.3,13.91,1714289,1399895408.0,2.74,-0.84,-0.12,0.78,-2297.1900653999764,3887,11,373396.3137458979,130323.3437458979,17227
2017-09-01,600019,14.09,14.56,14.96,14.09,3038424,2599803904.0,6.17,3.19,0.45,1.38,7750.977191999962,3888,9,381147.29093789787,13041.370937897897,25282
2017-09-04,600019,14.74,14.64,14.94,14.3,2035450,1754943696.0,4.4,0.55,0.08,0.92,2022.4948520000326,3889,5,383169.7857898979,6526.505789897896,25727
2017-09-05,600019,14.61,14.34,14.62,14.23,1166259,981249392.0,2.66,-2.05,-0.3,0.53,-7718.106453000044,3890,1,375451.67933689785,5881.199336897896,25772
2017-09-06,600019,14.23,14.34,14.52,14.19,851837,717664816.0,2.3,0.0,0.0,0.39,0.0,3891,0,375451.67933689785,5881.199336897896,25772
2017-09-07,600019,14.33,14.06,14.33,14.01,1203060,986806304.0,2.23,-1.95,-0.28,0.54,-7218.696423999907,3892,17,368232.98291289795,259521.06291289793,7732
2017-09-08,600019,14.05,13.89,14.13,13.84,1149189,930219600.0,2.06,-1.21,-0.17,0.52,-1314.9589303999674,3893,2,366918.023982498,207627.50398249793,11468
2017-09-11,600019,13.8,13.84,13.85,13.62,1153812,908282112.0,1.66,-0.36,-0.05,0.52,-573.4000000000233,3894,0,366344.62398249796,207627.50398249793,11468
2017-09-12,600019,13.96,13.91,14.05,13.8,1113376,894605872.0,1.81,0.51,0.07,0.5,802.1372492999653,3895,3,367146.7612317979,145351.8112317979,15945
2017-09-13,600019,13.92,13.92,14.06,13.8,1194957,963173504.0,1.87,0.07,0.01,0.54,158.8687007999979,3896,4,367305.6299325979,87221.30993259791,20121
2017-09-14,600019,13.91,13.57,13.91,13.5,1877976,1468651888.0,2.95,-2.51,-0.35,0.85,-7042.437119399954,3897,1,360263.19281319797,78509.2828131979,20763
2017-09-15,600019,13.57,13.13,13.58,13.03,2621721,1951792848.0,4.05,-3.24,-0.44,1.19,-9136.81044650008,3898,14,351126.3823666979,187552.8423666979,12458
2017-09-18,600019,13.01,13.09,13.11,13.0,1261219,924562848.0,0.84,-0.3,-0.04,0.57,-498.3199999999488,3899,0,350628.06236669794,187552.8423666979,12458
2017-09-19,600019,13.14,13.08,13.17,13.05,939272,692170128.0,0.92,-0.08,-0.01,0.43,-124.5800000000163,3900,0,350503.4823666979,187552.8423666979,12458
2017-09-20,600019,13.08,13.17,13.19,13.05,888161,657150608.0,1.07,0.69,0.09,0.4,1119.579281400016,3901,20,351623.06164809794,351623.06164809794,0
2017-09-21,600019,13.16,13.03,13.19,13.02,935652,690564256.0,1.29,-1.06,-0.14,0.42,-500.0,3902,15,351623.06164809794,351623.06164809794,0
2017-09-22,600019,12.86,12.85,12.94,12.72,1371284,979176928.0,1.69,-1.38,-0.18,0.62,-1.4064324999926612,3903,4,351621.65521559794,210978.40521559792,10945
2017-09-25,600019,12.83,12.8,12.9,12.78,558306,399169408.0,0.93,-0.39,-0.05,0.25,-548.0937760000234,3904,4,351073.5614395979,126599.9614395979,17537
2017-09-26,600019,12.79,12.97,13.05,12.79,796488,578581312.0,2.03,1.33,0.17,0.36,2980.835142099997,3905,12,354054.3965816979,172085.2965816979,14030
2017-09-27,600019,13.08,13.2,13.24,13.06,1255824,934574304.0,1.39,1.77,0.23,0.57,3226.3838799999794,3906,3,357280.7804616979,120472.78046169791,17940
2017-09-28,600019,13.18,13.06,13.18,13.03,621503,457643408.0,1.14,-1.06,-0.14,0.28,-2512.4431535999756,3907,7,354768.3373080979,36156.57730809791,24396
2017-09-29,600019,13.05,13.12,13.19,13.03,356910,263699734.0,1.23,0.46,0.06,0.16,1463.759999999951,3908,0,356232.0973080979,36156.57730809791,24396
2017-10-09,600019,13.29,13.2,13.35,13.18,698926,524139440.0,1.3,0.61,0.08,0.32,1949.747916000022,3909,16,358181.8452240979,229363.0452240979,9759
2017-10-10,600019,13.17,13.06,13.18,13.01,643873,473103776.0,1.29,-1.06,-0.14,0.29,-1367.279594200023,3910,18,356814.5656298979,331321.4456298979,1952
2017-10-11,600019,13.06,12.98,13.08,12.84,757991,549157056.0,1.84,-0.61,-0.08,0.34,-159.4731449999963,3911,10,356655.0924848979,3.632484897854738,27477
2017-10-12,600019,12.98,13.09,13.11,12.92,676552,494753488.0,1.46,0.85,0.11,0.31,3020.31198259996,3912,16,359675.40446749784,215803.21446749786,10991
2017-10-13,600019,13.12,13.29,13.3,13.09,992076,740452688.0,1.6,1.53,0.2,0.45,2197.7618287000223,3913,13,361873.16629619786,259619.90629619785,7694
2017-10-16,600019,13.34,13.39,13.48,13.31,1003147,764167664.0,1.28,0.75,0.1,0.45,769.1405017999932,3914,1,362642.30679799785,233669.82679799784,9632
2017-10-17,600019,13.35,13.23,13.36,13.2,567921,427057120.0,1.19,-1.19,-0.16,0.26,-1543.222776199982,3915,9,361099.08402179787,23390.10402179783,25526
2017-10-18,600019,13.23,13.13,13.3,13.06,493517,366259920.0,1.81,-0.76,-0.1,0.22,-2554.9460683999932,3916,17,358544.1379533979,257994.59795339787,7658
2017-10-19,600019,13.06,13.19,13.2,13.02,732521,540911424.0,1.37,0.46,0.06,0.33,459.37909649999347,3917,11,359003.51704989787,268084.8470498979,6893
2017-10-20,600019,13.16,13.31,13.33,13.12,488058,365434672.0,1.59,0.91,0.12,0.22,826.6238732000347,3918,2,359830.1409230979,214471.6309230979,10921
2017-10-23,600019,13.29,13.28,13.34,13.2,425321,320107584.0,1.05,-0.23,-0.03,0.19,-328.79014080006164,3919,18,359501.35078229784,330484.55078229785,2185
2017-10-24,600019,13.25,13.44,13.45,13.25,926918,706799632.0,1.51,1.2,0.16,0.42,349.6000000000349,3920,0,359850.9507822979,330484.55078229785,2185
2017-10-25,600019,13.41,13.51,13.53,13.41,588777,453170752.0,0.89,0.52,0.07,0.27,152.92054819996702,3921,11,360003.87133049784,333429.70133049786,1967
2017-10-26,600019,13.47,13.69,13.8,13.44,1045021,819336848.0,2.66,1.33,0.18,0.47,352.72632020001765,3922,4,360356.59765069786,200060.38765069787,11709
2017-10-27,600019,13.74,13.5,13.83,13.47,847910,661720688.0,2.63,-1.39,-0.19,0.38,-2225.9745450000046,3923,18,358130.62310569786,326513.62310569786,2342
2017-10-30,600019,13.64,13.51,13.7,13.31,1082511,829255760.0,2.89,0.07,0.01,0.49,23.13534429995343,3924,19,358153.7584499978,354978.90844999783,235
2017-10-31,600019,13.47,13.46,13.53,13.37,492266,377468048.0,1.18,-0.37,-0.05,0.22,-12.104940199991688,3925,1,358141.6535097978,319484.5335097978,2872
2017-11-01,600019,13.51,13.68,13.77,13.51,981932,769592432.0,1.93,1.63,0.22,0.44,629.2843024000176,3926,8,358770.93781219784,63912.217812197836,21554
2017-11-02,600019,13.7,13.72,13.78,13.55,735918,576925968.0,1.68,0.29,0.04,0.33,861.8404611999867,3927,5,359632.7782733978,31958.018273397833,23883
2017-11-03,600019,13.69,13.7,13.74,13.39,1041407,810348048.0,2.55,-0.15,-0.02,0.47,-478.6414680000162,3928,13,359154.1368053978,130103.83680539782,16719
2017-11-06,600019,13.68,14.0,14.01,13.63,1364918,1088724160.0,2.77,2.19,0.3,0.62,5015.700000000012,3929,0,364169.8368053978,130103.83680539782,16719
2017-11-07,600019,13.97,14.13,14.41,13.94,2055879,1707778112.0,3.36,0.93,0.13,0.93,2173.2098666999955,3930,2,366343.0466720978,104090.24667209781,18560
2017-11-08,600019,14.14,14.13,14.3,13.98,1130647,926924608.0,2.26,0.0,0.0,0.51,-0.6244047000072896,3931,6,366342.4222673978,41649.1522673978,22979
2017-11-09,600019,14.23,14.22,14.39,14.05,1047320,871089136.0,2.41,0.64,0.09,0.47,2065.495937400032,3932,18,368407.91820479784,303052.79820479784,4596
2017-11-10,600019,14.19,14.28,14.31,14.0,919667,754932336.0,2.18,0.42,0.06,0.42,275.7600000000093,3933,0,368683.67820479785,303052.79820479784,4596
2017-11-13,600019,14.29,14.67,14.75,14.24,1958688,1679637408.0,3.57,2.73,0.39,0.89,1789.7127002999769,3934,9,370473.3909050978,30320.100905097846,23187
2017-11-14,600019,14.72,14.88,15.11,14.68,2206682,1957436960.0,2.93,1.43,0.21,1.0,4869.209438400052,3935,2,375342.6003434979,24263.880343497847,23594
2017-11-15,600019,14.73,14.78,14.84,14.53,1497780,1298410688.0,2.08,-0.67,-0.1,0.68,-2359.424239200016,3936,1,372983.17610429786,21839.93610429785,23758
2017-11-16,600019,14.74,14.63,14.77,14.47,1088507,938994320.0,2.03,-1.01,-0.15,0.49,-3563.830938500003,3937,6,369419.34516579786,8745.955165797848,24653
2017-11-17,600019,14.59,14.89,14.91,14.5,1667360,1453531728.0,2.8,1.78,0.26,0.75,6407.944658600027,3938,15,375827.2898243979,192278.25982439786,12327
2017-11-20,600019,14.78,14.68,14.81,14.36,1201633,1032036576.0,3.02,-1.41,-0.21,0.54,-2589.054469200026,3939,2,373238.23535519786,153830.95535519786,14946
2017-11-21,600019,14.68,15.0,15.19,14.64,1722820,1542108640.0,3.75,2.18,0.32,0.78,4781.599050000019,3940,15,378019.8344051979,265924.8344051979,7473
2017-11-22,600019,15.18,15.19,15.3,14.91,1458415,1316274240.0,2.6,1.27,0.19,0.66,1417.2108386000036,3941,10,379437.0452437979,6.035243797872681,24979
2017-11-23,600019,15.14,14.94,15.46,14.77,1567632,1427966544.0,4.54,-1.65,-0.25,0.71,-6344.75,3942,2,373192.2952437979,6.035243797872681,24979
2017-11-24,600019,14.86,14.96,15.01,14.62,1095131,965657616.0,2.61,0.13,0.02,0.5,399.5800000000163,3943,9,373691.8752437979,6.035243797872681,24979
2017-11-27,600019,15.08,14.97,15.24,14.67,1358693,1206431632.0,3.81,0.07,0.01,0.62,249.78999999997905,3944,0,373941.6652437979,6.035243797872681,24979
2017-11-28,600019,14.85,15.23,15.29,14.55,1615777,1434100768.0,4.94,1.74,0.26,0.73,6394.539999999979,3945,4,380436.20524379786,6.035243797872681,24979
2017-11-29,600019,15.2,15.6,15.68,15.2,2369614,2215771920.0,3.15,2.43,0.37,1.07,9142.229999999981,3946,1,389678.43524379784,6.035243797872681,24979
2017-11-30,600019,15.66,15.55,15.73,15.4,1334085,1254037552.0,2.12,-0.32,-0.05,0.6,-1252.4457954999525,3947,19,388425.9894482979,349582.08944829786,2498
2017-12-01,600019,15.44,15.22,15.5,14.96,1788024,1625034208.0,3.47,-2.12,-0.33,0.81,-824.5300978000159,3948,15,387601.45935049787,368591.67935049784,1249
2017-12-04,600019,15.28,15.08,15.33,14.91,1367855,1224846928.0,2.76,-0.92,-0.14,0.62,-177.07148200005759,3949,6,387424.3878684978,147441.26786849782,15914
2017-12-05,600019,14.99,15.08,15.39,14.96,2331671,2122932000.0,2.85,0.0,0.0,1.06,-0.14733160001924261,3950,1,387424.2405368978,132707.96053689782,16891
2017-12-06,600019,14.95,14.47,14.96,14.23,2168402,1850530944.0,4.84,-4.05,-0.61,0.98,-10303.509999999951,3951,0,377120.73053689784,132707.96053689782,16891
2017-12-07,600019,14.35,14.18,14.44,14.16,987073,824396864.0,1.94,-2.0,-0.29,0.45,-4900.066501400026,3952,17,372220.6640354978,300356.4240354978,5068
2017-12-08,600019,14.13,14.35,14.46,13.98,1246786,1036345520.0,3.39,1.2,0.17,0.56,860.0582724999986,3953,5,373080.7223079978,150182.17230799783,15533
2017-12-11,600019,14.38,14.5,14.51,14.35,703550,596620768.0,1.11,1.05,0.15,0.32,2328.44823499996,3954,10,375409.1705429978,4.1705429978028405,25890
2017-12-12,600019,14.5,14.3,14.72,14.29,695990,594955728.0,2.97,-1.38,-0.2,0.32,-5278.0,3955,4,370231.1705429978,4.1705429978028405,25890
2017-12-13,600019,14.24,14.44,14.53,14.19,522405,439493104.0,2.38,0.98,0.14,0.24,3524.5999999999767,3956,9,373855.77054299775,4.1705429978028405,25890
2017-12-14,600019,14.48,14.44,14.5,14.34,403665,341296432.0,1.11,0.0,0.0,0.18,-100.0,3957,5,373855.77054299775,4.1705429978028405,25890
2017-12-15,600019,14.39,14.13,14.41,14.05,698441,577388672.0,2.49,-2.15,-0.31,0.32,-8125.899999999907,3958,4,365829.87054299784,4.1705429978028405,25890
2017-12-18,600019,14.23,14.35,14.36,14.08,576918,478557088.0,1.98,1.56,0.22,0.26,5694.685435499938,3959,13,371524.5559784978,111459.50597849781,18123
2017-12-19,600019,14.28,14.47,14.48,14.25,587293,493838816.0,1.6,0.84,0.12,0.27,2174.3143240000936,3960,4,373698.8703024979,66891.46030249781,21203
2017-12-20,600019,14.47,14.16,14.48,14.12,684489,568233040.0,2.49,-2.14,-0.31,0.31,-6573.531800000113,3961,9,367125.33850249776,6710.858502497809,25453
2017-12-21,600019,14.14,14.36,14.41,14.12,532807,445771520.0,2.05,1.41,0.2,0.24,5089.503614000045,3962,13,372214.8421164978,116348.36211649781,17818
2017-12-22,600019,14.41,14.39,14.47,14.31,461115,389276256.0,1.11,0.21,0.03,0.21,534.28371410002,3963,11,372749.1258305978,141976.6958305978,16037
2017-12-25,600019,14.35,14.27,14.42,14.23,473273,397283712.0,1.32,-0.83,-0.12,0.21,-1926.0418075000634,3964,17,370823.08402309776,302155.8440230978,4812
2017-12-26,600019,14.23,14.29,14.33,14.14,355345,295217760.0,1.33,0.14,0.02,0.16,94.4271705999854,3965,6,370917.51119369775,120871.09119369776,17498
2017-12-27,600019,14.28,14.31,14.5,14.23,630843,531612176.0,1.89,0.14,0.02,0.29,349.96000000002095,3966,0,371267.47119369777,120871.09119369776,17498
2017-12-28,600019,14.25,14.66,14.7,14.22,948683,811240048.0,3.35,2.45,0.35,0.43,6124.299999999988,3967,0,377391.77119369776,120871.09119369776,17498
2017-12-29,600019,14.64,14.64,14.78,14.61,436796,378680432.0,1.16,-0.14,-0.02,0.2,-352.5217071999796,3968,20,377039.2494864978,377039.2494864978,0
2018-01-02,600019,14.7,15.03,15.07,14.67,1091647,969133312.0,2.73,2.66,0.39,0.49,-500.0,3969,14,377039.2494864978,377039.2494864978,0
2018-01-03,600019,15.06,15.0,15.33,14.94,842728,760909984.0,2.59,-0.2,-0.03,0.38,-1.1309999999939464,3970,3,377038.1184864978,263938.1184864978,7540
2018-01-04,600019,14.97,15.01,15.25,14.96,748725,673249360.0,1.93,0.07,0.01,0.34,75.40000000002328,3971,0,377113.5184864978,263938.1184864978,7540
2018-01-05,600019,15.03,14.92,15.11,14.85,646156,575547760.0,1.73,-0.6,-0.09,0.29,-680.975413200038,3972,9,376432.54307329777,26394.423073297774,23461
2018-01-08,600019,14.92,15.44,15.5,14.88,1434779,1315746832.0,4.16,3.49,0.52,0.65,12197.184443200065,3973,17,388629.72751649783,279947.5675164978,7039
2018-01-09,600019,15.44,15.2,15.44,15.09,1025351,934047232.0,2.27,-1.55,-0.24,0.46,-1689.3600000000442,3974,0,386940.3675164978,279947.5675164978,7039
2018-01-10,600019,15.08,15.14,15.24,15.01,686459,619455712.0,1.51,-0.39,-0.06,0.31,-422.44643419998465,3975,11,386517.9210822978,290590.8810822978,6336
2018-01-11,600019,15.14,14.88,15.16,14.81,846261,750507920.0,2.31,-1.72,-0.26,0.38,-1648.5222768000094,3976,4,384869.3988054978,174362.0388054978,14147
2018-01-12,600019,14.94,15.19,15.22,14.85,954941,858090336.0,2.49,2.08,0.31,0.43,4384.524016600044,3977,6,389253.92282209784,69762.6528220978,21033
2018-01-15,600019,15.12,14.86,15.13,14.78,1052896,934450848.0,2.3,-2.17,-0.33,0.48,-6941.827517400088,3978,13,382312.09530469775,163513.4553046978,14724
2018-01-16,600019,14.86,14.92,14.95,14.78,719909,634314432.0,1.14,0.4,0.06,0.33,883.0007552000461,3979,12,383195.0960598978,207437.4960598978,11780
2018-01-17,600019,14.9,15.02,15.19,14.81,1047563,934603792.0,2.55,0.67,0.1,0.47,1176.2306439999957,3980,20,384371.3267038978,384371.3267038978,0
2018-01-18,600019,15.02,15.35,15.5,14.91,2322397,2126550272.0,3.93,2.2,0.33,1.05,-0.3843639999977313,3981,1,384370.9423398978,345934.5423398978,2504
2018-01-19,600019,15.39,15.46,15.88,15.27,4229888,3952057824.0,3.97,0.72,0.11,1.91,273.01865479996195,3982,7,384643.96099469776,103797.60099469774,18166
2018-01-22,600019,15.57,15.47,15.7,15.36,2897357,2708205328.0,2.2,0.06,0.01,1.31,180.81703969999216,3983,13,384824.77803439775,188092.78803439776,12717
2018-01-23,600019,15.46,15.38,15.49,15.24,2852062,2630078720.0,1.62,-0.58,-0.09,1.29,-1145.5078604000155,3984,15,383679.27017399773,285877.85017399775,6359
2018-01-24,600019,15.4,15.45,15.66,15.31,2325136,2163805584.0,2.28,0.46,0.07,1.05,444.9336304999888,3985,12,384124.2038044977,305514.60380449775,5088
2018-01-25,600019,15.46,15.99,16.02,15.4,3091455,2950193696.0,4.01,3.5,0.54,1.4,2746.869207000069,3986,18,386871.0730114978,370593.2530114978,1018
2018-01-26,600019,15.97,15.95,16.25,15.74,3255863,3177868368.0,3.19,-0.25,-0.04,1.47,-41.46103700000094,3987,2,386829.6119744978,296488.8119744978,5664
2018-01-29,600019,16.14,16.31,16.56,16.13,2592558,2604871856.0,2.7,2.26,0.36,1.17,2036.3716839999543,3988,9,388865.98365849775,29654.5436584978,22024
2018-01-30,600019,16.31,16.02,16.51,15.97,1781167,1770091072.0,3.31,-1.78,-0.29,0.81,-6389.782563799934,3989,18,382476.2010946978,311908.10109469783,4405
2018-01-31,600019,15.97,16.28,16.34,15.79,1620565,1596515712.0,3.43,1.62,0.26,0.73,1144.0524636000046,3990,4,383620.2535582978,187153.2135582978,12068
2018-02-01,600019,16.52,16.64,16.97,16.34,2209585,2271897952.0,3.87,2.21,0.36,1.0,4343.357132799982,3991,6,387963.6106910978,74865.37069109779,18816
2018-02-02,600019,16.52,17.64,17.68,16.31,2784746,2964649344.0,8.23,6.01,1.0,1.26,18816.0,3992,0,406779.6106910978,74865.37069109779,18816
2018-02-05,600019,17.43,17.8,18.07,17.36,2681711,2978067648.0,4.02,0.91,0.16,1.21,3010.485239999951,3993,1,409790.09593109775,67389.29593109779,19236
2018-02-06,600019,17.34,17.61,17.64,17.16,3226768,3517073840.0,2.7,-1.07,-0.19,1.46,-3655.176879299921,3994,5,406134.9190517978,33701.029051797785,21149
2018-02-07,600019,17.89,17.1,18.11,16.82,3241323,3555680272.0,7.33,-2.9,-0.51,1.47,-10785.98999999999,3995,0,395348.92905179784,33701.029051797785,21149
2018-02-08,600019,16.79,16.47,16.9,16.08,2504293,2536757664.0,4.8,-3.68,-0.63,1.13,-13323.870000000112,3996,0,382025.0590517977,33701.029051797785,21149
2018-02-09,600019,16.06,16.3,16.38,15.38,3293746,3170211520.0,6.07,-1.03,-0.17,1.49,-3597.053561999928,3997,15,378428.0054897978,206055.5054897978,10575
2018-02-12,600019,16.01,16.29,16.36,15.83,1615429,1589300176.0,3.25,-0.06,-0.01,0.73,-106.16197410004679,3998,2,378321.84351569775,164857.6835156978,13104
2018-02-13,600019,16.35,16.29,16.61,16.1,1619509,1626347184.0,3.13,0.0,0.0,0.73,0.0,3999,0,378321.84351569775,164857.6835156978,13104
2018-02-14,600019,16.29,16.64,16.73,16.21,1159479,1179758144.0,3.19,2.15,0.35,0.52,4586.235264000017,4000,1,382908.07877969777,148383.9187796978,14094
2018-02-22,600019,16.8,16.82,16.86,16.34,1628218,1671300352.0,3.13,1.08,0.18,0.74,2536.920000000042,4001,0,385444.9987796978,148383.9187796978,14094
2018-02-23,600019,16.68,16.91,16.99,16.6,1367479,1417090064.0,2.32,0.54,0.09,0.62,1268.4599999999627,4002,0,386713.4587796978,148383.9187796978,14094
2018-02-26,600019,17.22,17.06,17.44,16.94,1586879,1697137984.0,2.96,0.89,0.15,0.72,2114.0999999999767,4003,0,388827.55877969775,148383.9187796978,14094
2018-02-27,600019,17.0,16.47,17.03,16.27,2157809,2203169920.0,4.45,-3.46,-0.59,0.98,-8315.459999999963,4004,0,380512.0987796978,148383.9187796978,14094
2018-02-28,600019,16.33,16.35,16.46,16.06,1308824,1305142112.0,2.43,-0.73,-0.12,0.59,-1691.2799999999697,4005,0,378820.8187796978,148383.9187796978,14094
2018-03-01,600019,16.24,16.3,16.44,16.18,1032073,1030821136.0,1.59,-0.31,-0.05,0.47,-704.848330000008,4006,1,378115.9704496978,133550.7704496978,15004
2018-03-02,600019,16.05,15.83,16.05,15.64,1405199,1351984560.0,2.52,-2.88,-0.47,0.64,-7052.1470520999865,4007,2,371063.8233975978,106845.2933975978,16691
2018-03-05,600019,15.84,15.7,15.88,15.49,1359953,1285948896.0,2.46,-0.82,-0.13,0.62,-2169.8300000000163,4008,0,368893.9933975978,106845.2933975978,16691
2018-03-06,600019,15.78,15.86,15.92,15.55,1210461,1156442704.0,2.36,1.02,0.16,0.55,2669.236482999986,4009,15,371563.2298805978,239195.6698805978,8346
2018-03-07,600019,15.83,15.6,15.89,15.52,801308,761943664.0,2.33,-1.64,-0.26,0.36,-2170.916591999994,4010,4,369392.3132885978,143535.5132885978,14478
2018-03-08,600019,15.55,15.55,15.63,15.42,730813,683830176.0,1.35,-0.32,-0.05,0.33,-723.8999999999651,4011,0,368668.41328859783,143535.5132885978,14478
2018-03-09,600019,15.6,15.2,15.61,15.08,1766723,1609487216.0,3.41,-2.25,-0.35,0.8,-5068.017592000018,4012,5,363600.3956965978,71775.59569659781,19199
2018-03-12,600019,15.22,15.34,15.42,15.09,1413940,1293388672.0,2.17,0.92,0.14,0.64,2687.5729886000045,4013,4,366287.9686851978,43074.16868519781,21070
2018-03-13,600019,15.3,15.36,15.52,15.25,1019732,947021360.0,1.76,0.13,0.02,0.46,418.48728320002556,4014,19,366706.45596839784,334342.9359683978,2107
2018-03-14,600019,15.31,15.73,15.79,15.23,1273802,1195741616.0,3.65,2.41,0.37,0.58,779.4243630999699,4015,15,367485.8803314978,350906.46033149783,1054
2018-03-15,600019,15.67,15.74,15.8,15.53,809777,768466736.0,1.72,0.06,0.01,0.37,10.407311800052412,4016,18,367496.28764329787,364175.14764329785,211
2018-03-16,600019,15.75,15.58,15.8,15.57,651215,618533792.0,1.46,-1.02,-0.16,0.29,-37.037408800038975,4017,9,367459.2502344978,36430.99023449782,21247
2018-03-19,600019,15.42,15.23,15.42,15.17,895296,818884176.0,1.6,-2.25,-0.35,0.41,-7436.777749600005,4018,9,360022.4724848978,3655.702484897818,23399
2018-03-20,600019,15.09,15.29,15.35,15.07,552739,504108416.0,1.84,0.39,0.06,0.25,1403.929144099995,4019,3,361426.4016289978,2570.101628997818,23470
2018-03-21,600019,15.31,15.28,15.36,15.13,671542,613287424.0,1.5,-0.07,-0.01,0.3,-234.70000000001164,4020,0,361191.7016289978,2570.101628997818,23470
2018-03-22,600019,15.27,15.14,15.29,15.08,589295,535160800.0,1.37,-0.92,-0.14,0.27,-3285.823012799956,4021,9,357905.87861619785,268.7986161978174,23622
2018-03-23,600019,14.59,14.69,14.72,14.29,2083090,1770637584.0,2.84,-2.97,-0.45,0.94,-10632.328991500079,4022,17,347273.5496246978,243165.5196246978,7087
2018-03-26,600019,14.47,14.27,14.47,14.08,1440480,1195553024.0,2.65,-2.86,-0.42,0.65,-2976.783160799998,4023,1,344296.7664638978,218849.1964638978,8791
2018-03-27,600019,14.39,14.35,14.46,14.28,876992,738287824.0,1.26,0.56,0.08,0.4,702.1858125000144,4024,5,344998.9522763978,109429.35227639778,16416
2018-03-28,600019,14.11,14.29,14.48,14.08,615177,513865328.0,2.79,-0.42,-0.06,0.28,-985.50702119997,4025,5,344013.4452551978,54726.685255197786,20244
2018-03-29,600019,14.41,14.64,14.7,14.19,1016190,868065312.0,3.57,2.45,0.35,0.46,7083.32551200001,4026,17,351096.7707671978,262173.41076719784,6074
2018-03-30,600019,14.66,14.5,14.69,14.35,805084,684816288.0,2.32,-0.96,-0.14,0.36,-852.1951199999894,4027,7,350244.57564719784,78659.57564719784,18730
2018-04-02,600019,14.58,14.55,14.81,14.52,849300,735271680.0,2.0,0.34,0.05,0.38,936.5,4028,0,351181.07564719784,78659.57564719784,18730
2018-04-03,600019,14.46,14.31,14.48,14.29,572490,481284688.0,1.31,-1.65,-0.24,0.26,-4495.750505700009,4029,7,346685.32514149783,23608.455141497834,22577
2018-04-04,600019,14.38,14.14,14.44,14.12,572379,478522656.0,2.24,-1.19,-0.17,0.26,-3838.0899999999674,4030,0,342847.23514149786,23608.455141497834,22577
2018-04-09,600019,14.18,14.55,14.57,14.18,764064,646834144.0,2.76,2.9,0.41,0.35,9256.42842849996,4031,6,352103.6635699978,9451.163569997832,23550
2018-04-10,600019,14.63,14.94,14.96,14.63,1001821,880718992.0,2.27,2.68,0.39,0.45,9184.490587799984,4032,1,361288.1541577978,8509.934157797832,23613
2018-04-11,600019,14.99,14.81,15.14,14.79,751744,667578736.0,2.34,-0.87,-0.13,0.34,-3071.438468599925,4033,15,358216.7156891979,183355.04568919787,11807
2018-04-12,600019,14.85,14.74,14.85,14.7,376829,328995472.0,1.01,-0.47,-0.07,0.17,-827.9567773999879,4034,8,357388.7589117979,36675.83891179788,21758
2018-04-13,600019,14.83,14.78,14.85,14.66,483769,422305552.0,1.29,0.27,0.04,0.22,869.9901104000164,4035,9,358258.7490221979,3686.549022197876,23990
2018-04-16,600019,14.73,14.47,14.78,14.3,858645,728702848.0,3.25,-2.1,-0.31,0.39,-7440.024217700004,4036,19,350818.7248044979,316105.19480449794,2399
2018-04-17,600019,14.44,14.41,14.62,14.31,548666,466813872.0,2.14,-0.41,-0.06,0.25,-144.11277589999372,4037,15,350674.6120285979,333382.6120285979,1200
2018-04-18,600019,14.64,14.77,15.03,14.64,1081554,951652192.0,2.71,2.5,0.36,0.49,431.9822759999661,4038,11,351106.5943045979,335154.9943045979,1080
2018-04-19,600019,14.94,15.23,15.24,14.85,1092413,984395760.0,2.64,3.11,0.46,0.49,496.1297277000267,4039,2,351602.7240322979,268127.0940322979,5481
2018-04-20,600019,15.14,15.19,15.4,15.03,869347,789043104.0,2.43,-0.26,-0.04,0.39,-220.84862100001192,4040,6,351381.8754112979,107263.38541129787,16071
2018-04-23,600019,15.14,15.24,15.44,15.09,614940,562627328.0,2.3,0.33,0.05,0.28,803.33557320002,4041,2,352185.2109844979,85820.49098449787,17478
2018-04-24,600019,15.45,15.39,15.77,15.34,1182230,1110958592.0,2.82,0.98,0.15,0.54,2621.6999999999534,4042,0,354806.91098449787,85820.49098449787,17478
2018-04-25,600019,15.29,15.34,15.38,15.16,469179,429334416.0,1.43,-0.32,-0.05,0.21,-874.3290598000167,4043,5,353932.58192469785,42914.081924697864,20275
2018-04-26,600019,15.36,15.31,15.41,15.12,525273,479498848.0,1.89,-0.2,-0.03,0.24,-609.1811541999923,4044,13,353323.40077049786,136028.57077049787,14193
2018-04-27,600019,15.33,15.38,15.45,15.06,603826,552392320.0,2.55,0.46,0.07,0.27,992.9660094000283,4045,4,354316.3667798979,81628.96677989786,17730
2018-05-02,600019,15.08,14.83,15.3,14.61,1356655,1195465280.0,4.49,-3.58,-0.55,0.61,-9752.152964900015,4046,8,344564.2138149979,16331.823814997857,22133
2018-05-03,600019,14.84,15.01,15.02,14.78,661851,586672176.0,1.62,1.21,0.18,0.3,3983.275657399965,4047,12,348547.48947239784,82765.41947239786,17707
2018-05-04,600019,15.03,15.08,15.18,14.97,554762,498934560.0,1.4,0.47,0.07,0.25,1238.9935664000222,4048,6,349786.48303879786,33121.56303879785,20999
2018-05-07,600019,15.12,15.14,15.27,14.9,495807,447743792.0,2.45,0.4,0.06,0.22,1258.3504514000379,4049,15,351044.8334901979,192074.83349019787,10500
2018-05-08,600019,15.18,15.17,15.29,15.12,509767,463749328.0,1.12,0.2,0.03,0.23,314.80794779997086,4050,1,351359.64143799787,172869.42143799787,11766
2018-05-09,600019,15.19,14.96,15.24,14.84,685065,612388720.0,2.64,-1.38,-0.21,0.31,-2472.268035199959,4051,18,348887.3734027979,313671.5334027979,2354
2018-05-10,600019,14.97,15.0,15.06,14.9,317106,282885184.0,1.07,0.27,0.04,0.14,94.15999999997439,4052,0,348981.5334027979,313671.5334027979,2354
2018-05-11,600019,15.08,15.09,15.13,14.91,519224,465081344.0,1.47,0.6,0.09,0.24,211.85999999998603,4053,0,349193.39340279787,313671.5334027979,2354
2018-05-14,600019,15.11,15.25,15.27,15.08,599253,543734608.0,1.26,1.06,0.16,0.27,376.64000000001397,4054,0,349570.0334027979,313671.5334027979,2354
2018-05-15,600019,15.28,15.06,15.28,14.91,799984,716112560.0,2.43,-1.25,-0.19,0.36,-447.61451240000315,4055,20,349122.4188903979,349122.4188903979,0
2018-05-16,600019,14.97,14.91,15.01,14.86,424233,376407024.0,1.0,-1.0,-0.15,0.19,-500.0,4056,11,349122.4188903979,349122.4188903979,0
2018-05-17,600019,14.91,14.73,14.95,14.72,453539,397569568.0,1.54,-1.21,-0.18,0.21,-1.3964039999991655,4057,4,349121.0224863979,209480.6224863979,9480
2018-05-18,600019,14.73,14.81,14.85,14.64,432512,377049840.0,1.43,0.54,0.08,0.2,757.5576071999967,4058,16,349878.5800935979,293719.06009359786,3792
2018-05-21,600019,14.92,14.81,15.0,14.72,644492,568402864.0,1.89,0.0,0.0,0.29,-2.6432888000272214,4059,9,349875.93680479785,29387.536804797826,21640
2018-05-22,600019,14.81,14.63,14.83,14.58,479883,414960304.0,1.69,-1.22,-0.18,0.22,-3896.149779599975,4060,13,345979.7870251979,124364.54702519784,15148
2018-05-23,600019,14.63,14.41,14.63,14.39,488457,414508912.0,1.64,-1.5,-0.22,0.22,-3332.9964789000223,4061,12,342646.79054629785,168012.00054629784,12119
2018-05-24,600019,14.42,14.42,14.47,14.36,254683,215602243.0,0.76,0.07,0.01,0.12,120.3500350000104,4062,5,342767.14058129786,84014.66058129784,17944
2018-05-25,600019,14.45,14.42,14.51,14.27,459937,387436000.0,1.66,0.0,0.0,0.21,-0.33598600002005696,4063,4,342766.80459529784,50415.724595297834,20274
2018-05-28,600019,14.39,14.38,14.47,14.33,278266,234790272.0,0.97,-0.28,-0.04,0.13,-810.960000000021,4064,0,341955.8445952978,50415.724595297834,20274
2018-05-29,600019,14.35,14.56,14.62,14.27,653365,554846784.0,2.43,1.25,0.18,0.3,3649.1184896000195,4065,4,345604.96308489784,30264.48308489783,21658
2018-05-30,600019,14.42,14.17,14.45,14.16,577515,482617056.0,1.99,-2.68,-0.39,0.26,-8446.619999999995,4066,0,337158.34308489785,30264.48308489783,21658
2018-05-31,600019,14.23,14.38,14.4,14.22,571028,478120928.0,1.27,1.48,0.21,0.26,4546.3114628000185,4067,16,341704.65454769786,217116.33454769783,8664
2018-06-01,600019,14.33,14.51,14.66,14.31,584766,500820880.0,2.43,0.9,0.13,0.26,1126.1029303999385,4068,1,342830.7574780978,195409.15747809783,10160
2018-06-04,600019,14.68,14.8,14.85,14.62,745322,651205728.0,1.59,2.0,0.29,0.34,2946.204640000011,4069,1,345776.9621180978,175872.9621180978,11480
2018-06-05,600019,14.84,14.81,14.85,14.72,420423,367858528.0,0.88,0.07,0.01,0.19,113.94990600005258,4070,15,345890.91202409787,260881.51202409784,5740
2018-06-06,600019,14.84,14.96,14.99,14.83,627744,557317424.0,1.08,1.01,0.15,0.28,860.4847776000388,4071,16,346751.3968016979,312403.2368016979,2296
2018-06-07,600019,15.02,15.31,15.36,15.02,1056240,966063648.0,2.27,2.34,0.35,0.48,803.3539682999835,4072,17,347554.7507699979,337006.16076999786,689
2018-06-08,600019,15.29,15.28,15.34,15.11,742799,643168544.0,1.5,-0.2,-0.03,0.34,-20.701476800022647,4073,13,347534.04929319787,340153.8092931979,483
2018-06-11,600019,15.18,15.41,15.63,15.16,670886,592700288.0,3.08,0.85,0.13,0.3,60.74925369996345,4074,6,347594.79854689783,136077.13854689786,13726
2018-06-12,600019,15.46,15.55,15.6,15.25,518511,459071728.0,2.27,0.91,0.14,0.23,1920.6875625000102,4075,7,349515.48610939784,40832.43610939785,19851
2018-06-13,600019,15.41,15.53,15.72,15.39,603520,537963152.0,2.12,-0.13,-0.02,0.27,-398.5613524999935,4076,15,349116.92475689785,194966.14475689785,9926
2018-06-14,600019,15.45,15.52,15.69,15.19,841674,742162352.0,3.22,-0.06,-0.01,0.38,-99.64986240002327,4077,2,349017.2748944978,155979.51489449784,12438
2018-06-15,600019,15.46,15.6,15.7,15.41,865546,774568960.0,1.87,0.52,0.08,0.39,993.681864000042,4078,17,350010.95675849786,291791.75675849785,3732
2018-06-19,600019,15.41,15.12,15.56,14.94,1095335,950991168.0,3.97,-3.08,-0.48,0.5,-1793.6942256000475,4079,8,348217.2625328978,58366.86253289785,19170
2018-06-20,600019,15.14,15.22,15.27,14.94,602398,516770400.0,2.18,0.66,0.1,0.27,1915.8329304000363,4080,14,350133.09546329785,175072.65546329785,11502
2018-06-21,600019,15.17,15.25,15.57,15.16,692195,609194736.0,2.69,0.2,0.03,0.31,344.1829724999843,4081,15,350477.27843579784,262774.52843579784,5751
2018-06-22,600019,15.17,15.25,15.33,14.91,596383,510764288.0,2.75,0.0,0.0,0.27,-0.1753749999916181,4082,12,350477.10306079785,280311.85306079785,4601
2018-06-25,600019,15.24,14.97,15.29,14.96,584511,502744576.0,2.16,-1.84,-0.28,0.26,-1288.3488619999844,4083,11,349188.75419879786,287197.98419879784,4141
2018-06-26,600019,14.84,14.52,14.84,14.38,718829,583269168.0,3.07,-3.01,-0.45,0.33,-1863.8707896000124,4084,17,347324.88340919785,329276.52340919786,1243
2018-06-27,600019,14.52,14.08,14.58,14.06,877985,690452368.0,3.58,-3.03,-0.44,0.4,-548.5662336000241,4085,5,346776.3171755978,164651.51717559784,12935
2018-06-28,600019,14.13,14.0,14.25,13.92,622506,482951840.0,2.34,-0.57,-0.08,0.28,-1035.952479999978,4086,7,345740.36469559785,49402.36469559783,21167
2018-06-29,600019,14.05,14.16,14.22,13.94,690496,535583376.0,2.0,1.14,0.16,0.31,3386.7200000000303,4087,0,349127.0846955979,49402.36469559783,21167
2018-07-02,600019,14.09,13.61,14.12,13.53,662204,497850336.0,4.17,-3.88,-0.55,0.3,-11641.850000000035,4088,0,337485.23469559784,49402.36469559783,21167
2018-07-03,600019,13.67,13.5,13.72,13.17,826468,593354896.0,4.04,-0.81,-0.11,0.37,-2330.084499999997,4089,16,335155.15019559785,220850.65019559785,8467
2018-07-04,600019,13.5,13.52,13.79,13.48,565705,415442624.0,2.3,0.15,0.02,0.26,168.99659200001042,4090,13,335324.14678759786,255191.10678759785,5927
2018-07-05,600019,13.45,13.29,13.48,13.2,454994,323783984.0,2.07,-1.7,-0.23,0.21,-1364.4858400000376,4091,5,333959.6609475978,127605.83094759786,15527
2018-07-06,600019,13.3,13.44,13.53,13.25,559628,401170704.0,2.11,1.13,0.15,0.25,2327.7979295999976,4092,16,336287.4588771978,252811.61887719785,6211
2018-07-09,600019,13.5,13.79,13.84,13.47,628612,463268320.0,2.75,2.6,0.35,0.28,2173.4218205000507,4093,15,338460.88069769787,295629.1406976979,3106
2018-07-10,600019,13.78,13.94,14.0,13.72,774894,585755648.0,2.03,1.09,0.15,0.35,465.9000000000233,4094,0,338926.7806976979,295629.1406976979,3106
2018-07-11,600019,13.68,13.7,13.78,13.52,476743,351929456.0,1.87,-1.72,-0.24,0.22,-746.0311550000333,4095,2,338180.74954269786,236513.04954269787,7421
2018-07-12,600019,13.8,13.94,14.02,13.8,610362,464363152.0,1.61,1.75,0.24,0.28,1780.005512600008,4096,20,339960.75505529786,339960.75505529786,0
2018-07-13,600019,14.02,13.97,14.07,13.87,454343,347312192.0,1.43,0.22,0.03,0.21,-3.059430000022985,4097,9,339957.69562529784,34014.69562529784,21900
2018-07-16,600019,13.98,13.81,14.0,13.7,435398,326760272.0,2.15,-1.15,-0.16,0.2,-3504.9073169999756,4098,13,336452.78830829787,124745.48830829785,15330
2018-07-17,600019,13.75,13.62,13.81,13.52,447855,329985808.0,2.1,-1.38,-0.19,0.2,-2913.117589200032,4099,12,333539.67071909783,166503.99071909784,12264
2018-07-18,600019,13.68,13.66,13.85,13.64,518425,386833696.0,1.54,0.29,0.04,0.23,490.0605904000113,4100,3,334029.73130949785,116562.53130949783,15920
2018-07-19,600019,13.79,14.08,14.09,13.77,1283208,983750448.0,2.34,3.07,0.42,0.58,6685.70078720001,4101,6,340715.43209669786,46640.55209669784,20886
2018-07-20,600019,14.07,14.29,14.34,13.96,816999,633214752.0,2.7,1.49,0.21,0.37,4385.164731499972,4102,13,345100.5968281978,136166.50682819783,14621
2018-07-23,600019,14.2,14.63,14.77,14.17,748376,603328704.0,4.2,2.38,0.34,0.34,4969.914591200068,4103,9,350070.5114193979,13624.401419397822,22997
2018-07-24,600019,14.99,15.07,15.5,14.99,1420257,1229196320.0,3.49,3.01,0.44,0.64,10118.652873999963,4104,2,360189.16429339786,10911.774293397822,23177
2018-07-25,600019,15.17,15.17,15.34,15.0,741413,639869632.0,2.26,0.66,0.1,0.34,2316.9968704999774,4105,12,362506.16116389784,81224.02116389782,18542
2018-07-26,600019,15.18,14.89,15.27,14.77,738059,621715056.0,3.3,-1.85,-0.28,0.33,-5192.312121200026,4106,12,357313.8490426978,136435.58904269783,14834
2018-07-27,600019,15.07,15.05,15.12,14.84,506239,429537120.0,1.88,1.07,0.16,0.23,2372.485077499994,4107,7,359686.3341201978,40942.38412019782,21179
2018-07-30,600019,15.06,15.35,15.57,15.02,1048764,919319296.0,3.65,1.99,0.3,0.47,6352.0745885000215,4108,15,366038.4087086978,203481.90870869783,10590
2018-07-31,600019,15.27,15.25,15.35,15.08,400912,346884928.0,1.76,-0.65,-0.1,0.18,-1059.0,4109,0,364979.4087086978,203481.90870869783,10590
2018-08-01,600019,15.49,14.85,15.56,14.8,931314,804761904.0,4.98,-2.62,-0.4,0.42,-4236.471784499998,4110,13,360742.9369241978,250659.88692419784,7413
2018-08-02,600019,14.85,14.75,15.01,14.62,925692,768039088.0,2.63,-0.67,-0.1,0.42,-743.5557175000431,4111,9,359999.3812066978,25085.881206697813,22706
2018-08-03,600019,14.81,14.77,15.07,14.73,543931,457230848.0,2.31,0.14,0.02,0.25,453.4492942999932,4112,12,360452.8305009978,92155.7805009978,18165
2018-08-06,600019,14.81,14.63,14.91,14.36,497306,406955104.0,3.72,-0.95,-0.14,0.23,-2544.4286965999636,4113,15,357908.4018043978,225024.11180439783,9083
2018-08-07,600019,14.72,15.09,15.12,14.67,595072,501716768.0,3.08,3.14,0.46,0.27,4175.929930100043,4114,10,362084.33173449786,14.87173449783586,23994
2018-08-08,600019,15.14,15.22,15.42,15.07,780319,676238368.0,2.32,0.86,0.13,0.35,3115.9333931999863,4115,19,365200.26512769784,328672.26512769784,2400
2018-08-09,600019,15.12,15.23,15.35,14.94,562951,485485552.0,2.69,0.07,0.01,0.25,23.81724000000395,4116,15,365224.08236769785,346948.08236769785,1200
2018-08-10,600019,15.25,15.13,15.29,15.05,351034,301941600.0,1.58,-0.66,-0.1,0.16,-121.73465450003278,4117,5,365102.3477131978,173480.89771319783,12665
2018-08-13,600019,15.02,15.28,15.33,14.92,564428,482905200.0,2.71,0.99,0.15,0.26,1898.2018304000376,4118,18,367000.54954359785,328296.30954359786,2533
2018-08-14,600019,15.24,14.97,15.24,14.92,644553,549490144.0,2.09,-2.03,-0.31,0.29,-785.2299999999814,4119,0,366215.31954359787,328296.30954359786,2533
2018-08-15,600019,15.0,14.69,15.03,14.68,417308,346783248.0,2.34,-1.87,-0.28,0.19,-710.5531391000259,4120,4,365504.76640449784,196981.08640449785,11472
2018-08-16,600019,14.58,14.51,14.7,14.38,510083,413103856.0,2.18,-1.23,-0.18,0.23,-2065.958723299962,4121,16,363438.8076811979,296852.41768119787,4589
2018-08-17,600019,14.67,14.53,14.72,14.48,358923,292957904.0,1.65,0.14,0.02,0.16,91.6467598999734,4122,12,363530.45444109786,310176.2944410979,3672
2018-08-20,600019,14.66,14.84,14.84,14.55,447505,366821072.0,2.0,2.13,0.31,0.2,1137.0793760000379,4123,4,364667.5338170979,186112.6538170979,12032
2018-08-21,600019,14.83,14.84,15.01,14.79,475820,399937248.0,1.48,0.0,0.0,0.22,-0.8927744000102393,4124,15,364666.6410426979,275389.2010426979,6016
2018-08-22,600019,14.78,14.81,14.94,14.78,235075,196508191.0,1.08,-0.2,-0.03,0.11,-182.95830540003954,4125,9,364483.68273729784,27556.182737297844,22750
2018-08-23,600019,14.79,14.56,14.81,14.48,520678,423857824.0,2.23,-1.69,-0.25,0.24,-5688.493720000028,4126,13,358795.1890172978,126927.18901729785,15925
2018-08-24,600019,14.52,14.5,14.61,14.42,378690,305576320.0,1.3,-0.41,-0.06,0.17,-955.5,4127,0,357839.6890172978,126927.18901729785,15925
2018-08-27,600019,14.55,14.64,14.69,14.41,546835,444583152.0,1.93,0.97,0.14,0.25,2229.5,4128,0,360069.1890172978,126927.18901729785,15925
2018-08-28,600019,14.66,14.63,14.72,14.55,549087,448807952.0,1.16,-0.07,-0.01,0.25,-160.01149149995763,4129,6,359909.17752579786,50777.277525797836,21130
2018-08-29,600019,14.59,14.48,14.62,14.45,369031,299280208.0,1.16,-1.03,-0.15,0.17,-3169.855339200003,4130,7,356739.32218659786,15243.002186597834,23584
2018-08-30,600019,14.48,14.33,14.52,14.23,736309,584298624.0,2.0,-1.04,-0.15,0.33,-3537.660902499978,4131,4,353201.6612840979,9152.691284097833,24009
2018-08-31,600019,14.28,14.27,14.31,14.12,595635,467147616.0,1.33,-0.42,-0.06,0.27,-1441.567725400033,4132,13,351760.09355869784,111924.20355869783,16807
2018-09-03,600019,14.18,14.03,14.23,13.94,489067,375972544.0,2.03,-1.68,-0.24,0.22,-4034.3514758000383,4133,6,347725.7420828978,44775.95208289783,21593
2018-09-04,600019,14.01,14.14,14.19,13.96,400250,309370480.0,1.64,0.78,0.11,0.18,2374.619434799999,4134,12,350100.3615176978,105831.86151769783,17275
2018-09-05,600019,14.09,13.86,14.13,13.86,459761,352183232.0,1.91,-1.98,-0.28,0.21,-4837.846568799927,4135,8,345262.5149488979,21174.134948897845,23383
2018-09-06,600019,13.81,13.73,13.97,13.68,525204,394046192.0,2.09,-0.94,-0.13,0.24,-3039.832288400037,4136,2,342222.68266049784,16945.252660497845,23691
2018-09-07,600019,13.83,13.87,14.01,13.81,463752,352188080.0,1.46,1.02,0.14,0.21,3316.689235799946,4137,3,345539.3718962978,11868.781896297845,24057
2018-09-10,600019,13.92,13.94,14.0,13.83,337637,256720998.0,1.23,0.5,0.07,0.15,1682.3132968000136,4138,15,347221.6851930978,179537.42519309785,12029
2018-09-11,600019,13.86,13.4,13.86,13.34,1232654,890997872.0,3.73,-3.87,-0.54,0.56,-6496.465875999944,4139,15,340725.21931709786,260124.21931709786,6015
2018-09-12,600019,13.37,13.44,13.51,13.25,540912,388316672.0,1.94,0.3,0.04,0.24,239.55960959993536,4140,4,340964.7789266978,156084.13892669784,13756
2018-09-13,600019,13.56,13.48,13.59,13.35,444035,319941952.0,1.79,0.3,0.04,0.2,549.3036792000639,4141,6,341514.08260589786,62451.122605897835,20702
2018-09-14,600019,13.5,13.61,13.61,13.41,413232,300609216.0,1.48,0.96,0.13,0.19,2691.0102564999834,4142,4,344205.09286239784,37476.52286239783,22537
2018-09-17,600019,13.57,13.47,13.57,13.46,248539,180355674.0,0.81,-1.03,-0.14,0.11,-3158.2157338999677,4143,20,341046.8771284979,341046.8771284979,0
2018-09-18,600019,13.51,13.91,13.94,13.47,583174,433870192.0,3.49,3.27,0.44,0.26,-500.0,4144,11,341046.8771284979,341046.8771284979,0
2018-09-19,600019,13.87,14.01,14.07,13.86,567436,434843664.0,1.51,0.72,0.1,0.26,0.0,4145,0,341046.8771284979,341046.8771284979,0
2018-09-20,600019,14.01,14.05,14.12,13.94,293743,225707503.0,1.28,0.29,0.04,0.13,-500.0,4146,19,341046.8771284979,341046.8771284979,0
2018-09-21,600019,14.02,14.35,14.42,13.97,465980,365461248.0,3.2,2.14,0.3,0.21,-500.0,4147,16,341046.8771284979,341046.8771284979,0
2018-09-25,600019,14.24,14.16,14.24,14.11,261480,203907344.0,0.91,-1.32,-0.19,0.12,-3.06917999999132,4148,9,341043.8079484979,34125.80794849788,21675
2018-09-26,600019,14.35,14.27,14.44,14.27,573361,455753840.0,1.2,0.78,0.11,0.26,2382.7035600999952,4149,15,343426.5115085979,188768.25150859787,10838
2018-09-27,600019,14.35,14.3,14.4,14.28,304756,241972438.0,0.84,0.21,0.03,0.14,324.1962000000058,4150,5,343750.7077085979,94387.30770859786,17438
2018-09-28,600019,14.19,14.23,14.29,14.02,640993,498678080.0,1.89,-0.49,-0.07,0.29,-1221.4043713000137,4151,13,342529.30333729787,168823.69333729788,12207
2018-10-08,600019,14.0,13.64,14.08,13.53,939433,703704144.0,3.87,-4.15,-0.59,0.43,-7202.974043199967,4152,5,335326.3292940979,84418.52929409787,18395
2018-10-09,600019,13.62,13.66,13.7,13.61,414761,306246560.0,0.66,0.15,0.02,0.19,367.14036739995936,4153,9,335693.46966149786,8454.509661497868,23956
2018-10-10,600019,13.67,13.78,13.85,13.66,422673,314887584.0,1.39,0.88,0.12,0.19,2874.669427399989,4154,6,338568.13908889785,3397.199088897868,24323
2018-10-11,600019,13.52,13.41,13.62,13.36,612347,442481408.0,1.89,-2.69,-0.37,0.28,-9001.140790099977,4155,15,329566.9982987979,166474.5782987979,12162
2018-10-12,600019,13.46,13.78,13.8,13.35,704500,517493664.0,3.36,2.76,0.37,0.32,4499.107688000018,4156,5,334066.1059867979,83242.5459867979,18202
2018-10-15,600019,13.78,13.56,13.8,13.5,438868,322628848.0,2.18,-1.6,-0.22,0.2,-4006.9081911999965,4157,20,330059.1977955979,330059.1977955979,0
2018-10-16,600019,13.56,13.5,13.77,13.45,372322,272313264.0,2.36,-0.44,-0.06,0.17,0.0,4158,0,330059.1977955979,330059.1977955979,0
2018-10-17,600019,13.62,13.69,13.7,13.5,381428,280010064.0,1.48,1.41,0.19,0.17,-500.0,4159,13,330059.1977955979,330059.1977955979,0
2018-10-18,600019,13.57,13.42,13.64,13.4,443292,321946864.0,1.75,-1.97,-0.27,0.2,-1.3201254000305198,4160,4,330057.87767019786,198045.33767019789,9837
2018-10-19,600019,13.36,13.7,13.7,13.26,501972,365425728.0,3.28,2.09,0.28,0.23,2754.0905210000346,4161,12,332811.9681911979,224992.9681911979,7870
2018-10-22,600019,13.81,14.12,14.13,13.73,994507,759347040.0,2.92,3.07,0.42,0.45,3304.2750595999532,4162,5,336116.24325079785,112497.8032507979,15837
2018-10-23,600019,14.02,13.7,14.06,13.64,745779,561864464.0,2.97,-2.97,-0.42,0.34,-6652.1023849999765,4163,5,329464.1408657979,56258.74086579789,19942
2018-10-24,600019,13.7,13.75,13.96,13.62,564236,422141984.0,2.48,0.36,0.05,0.26,995.7289875000133,4164,15,330459.8698532979,193358.6198532979,9971
2018-10-25,600019,13.56,13.87,13.9,13.45,548505,405311184.0,3.27,0.87,0.12,0.25,1195.7466087999637,4165,4,331655.61646209785,116018.72646209788,15547
2018-10-26,600019,13.91,13.9,14.09,13.83,479058,365281344.0,1.87,0.22,0.03,0.22,465.5456980000017,4166,14,332121.16216009785,202448.06216009788,9329
2018-10-29,600019,13.92,13.67,13.96,13.62,418746,313093504.0,2.45,-1.65,-0.23,0.19,-2146.4796741000027,4167,4,329974.68248599785,121479.84248599787,15252
2018-10-30,600019,13.74,13.81,13.87,13.67,437040,327586368.0,1.46,1.02,0.14,0.2,2134.3083284000168,4168,8,332108.99081439787,24311.710814397855,22288
2018-10-31,600019,13.8,13.98,14.05,13.73,612806,466168208.0,2.32,1.23,0.17,0.28,3788.9599999999627,4169,0,335897.95081439783,24311.710814397855,22288
2018-11-01,600019,14.11,13.89,14.13,13.86,532848,408203344.0,1.93,-0.64,-0.09,0.24,-2006.1387675000005,4170,9,333891.81204689783,2434.7420468978526,23863
2018-11-02,600019,13.98,14.09,14.11,13.86,521583,400614272.0,1.8,1.44,0.2,0.24,4772.587882599968,4171,5,338664.3999294978,1222.9899294978525,23949
2018-11-05,600019,14.05,14.0,14.09,13.89,373380,285274368.0,1.42,-0.64,-0.09,0.17,-2155.414759999956,4172,4,336508.98516949784,746.9851694978524,23983
2018-11-06,600019,13.98,13.95,13.98,13.87,230621,175709134.0,0.79,-0.36,-0.05,0.1,-1201.157265499991,4173,16,335307.82790399785,201471.52790399783,9594
2018-11-07,600019,13.98,13.86,14.05,13.81,267781,203809518.0,1.72,-0.65,-0.09,0.12,-863.5929174000048,4174,11,334444.23498659785,214763.13498659784,8635
2018-11-08,600019,13.94,13.87,13.96,13.8,292070,221397711.0,1.15,0.07,0.01,0.13,85.99076699995203,4175,13,334530.2257535978,250686.07575359783,6045
2018-11-09,600019,13.83,13.77,13.92,13.77,222030,166770516.0,1.08,-0.72,-0.1,0.1,-604.83295859996,4176,14,333925.39279499784,283981.60279499786,3627
2018-11-12,600019,13.73,13.79,13.8,13.67,225810,168626463.0,0.94,0.15,0.02,0.1,72.28998729999876,4177,15,333997.68278229784,308982.62278229784,1814
2018-11-13,600019,13.69,13.78,13.85,13.68,331807,247676291.0,1.23,-0.07,-0.01,0.15,-19.684875799983274,4178,5,333977.99790649785,154493.49790649785,13025
2018-11-14,600019,13.77,13.72,13.91,13.69,432337,324006176.0,1.6,-0.44,-0.06,0.2,-782.9296240000403,4179,18,333195.0682824978,297454.46828249784,2605
2018-11-15,600019,13.72,13.78,13.79,13.67,302254,224672230.0,0.87,0.44,0.06,0.14,154.81286240002373,4180,5,333349.88114489784,148739.22114489783,13397
2018-11-16,600019,13.77,13.72,13.79,13.69,305665,227794091.0,0.73,-0.44,-0.06,0.14,-804.8610736000119,4181,7,332545.0200712978,44630.82007129783,20985
2018-11-19,600019,13.74,13.74,13.78,13.63,474670,351518224.0,1.09,0.15,0.02,0.21,419.70000000001164,4182,0,332964.72007129784,44630.82007129783,20985
2018-11-20,600019,13.68,13.56,13.68,13.52,555884,407199600.0,1.16,-1.31,-0.18,0.25,-3777.7015115999966,4183,9,329187.01855969784,4479.258559697824,23946
2018-11-21,600019,13.42,13.72,13.86,13.41,747939,551460880.0,3.32,1.18,0.16,0.34,3831.359999999986,4184,0,333018.3785596978,4479.258559697824,23946
2018-11-22,600019,13.56,13.52,13.61,13.5,412874,300502496.0,0.8,-1.46,-0.2,0.19,-4790.1711416000035,4185,13,328228.2074180978,101592.44741809784,16763
2018-11-23,600019,13.5,13.33,13.52,13.33,427987,307144656.0,1.41,-1.41,-0.19,0.19,-3185.477872999967,4186,5,325042.72954509786,50804.63954509784,20573
2018-11-26,600019,13.3,13.12,13.3,13.09,482943,338071472.0,1.58,-1.58,-0.21,0.22,-4320.431548800087,4187,2,320722.29799629777,40649.657996297836,21347
2018-11-27,600019,13.16,13.0,13.18,12.96,371495,255572609.0,1.68,-0.91,-0.12,0.17,-2561.6399999999558,4188,0,318160.6579962978,40649.657996297836,21347
2018-11-28,600019,12.98,13.01,13.03,12.92,341969,233562917.0,0.85,0.08,0.01,0.15,212.91460310004186,4189,12,318373.57259939786,96188.79259939784,17078
2018-11-29,600019,13.09,12.83,13.09,12.83,416775,283163776.0,2.0,-1.38,-0.18,0.19,-3075.3545618000207,4190,16,315298.21803759784,227643.65803759784,6832
2018-11-30,600019,12.8,12.85,12.89,12.73,429626,287020976.0,1.25,0.16,0.02,0.19,134.3636224999791,4191,10,315432.5816600978,3.6316600978316274,24547
2018-12-03,600019,13.02,13.0,13.08,12.97,665132,456263872.0,0.86,1.17,0.15,0.3,3680.4545100000105,4192,15,319113.0361700978,159551.03617009782,12274
2018-12-04,600019,13.02,13.19,13.25,12.98,688046,478948336.0,2.08,1.46,0.19,0.31,2330.4410594000365,4193,20,321443.47722949786,321443.47722949786,0
2018-12-05,600019,13.07,13.12,13.17,13.03,337605,233719078.0,1.06,-0.53,-0.07,0.15,-2.8929600000265054,4194,9,321440.58426949783,32144.584269497835,22050
2018-12-06,600019,13.03,13.05,13.09,13.0,254477,175037310.0,0.69,-0.53,-0.07,0.12,-1543.6285425000242,4195,4,319896.9557269978,19290.205726997832,23035
2018-12-07,600019,13.05,13.09,13.12,13.01,233358,160975614.0,0.84,0.31,0.04,0.11,921.2844153000042,4196,6,320818.2401422978,7731.620142297832,23918
2018-12-10,600019,13.01,13.07,13.07,12.9,269565,183943345.0,1.3,-0.15,-0.02,0.12,-478.41397910000524,4197,7,320339.8261631978,2333.656163197832,24331
2018-12-11,600019,13.01,13.06,13.06,12.96,217424,148836792.0,0.77,-0.08,-0.01,0.1,-243.31457099993713,4198,2,320096.5115921979,1876.551592197832,24366
2018-12-12,600019,13.13,12.98,13.13,12.97,211535,145011006.0,1.23,-0.61,-0.08,0.1,-1949.2929800000275,4199,7,318147.21861219784,578.5386121978318,24466
2018-12-13,600019,13.0,13.08,13.13,12.92,404867,278919440.0,1.62,0.77,0.1,0.18,2446.5948988000164,4200,9,320593.81351099786,68.41351099783174,24505
2018-12-14,600019,13.03,12.91,13.06,12.89,526944,357417264.0,1.3,-1.3,-0.17,0.24,-4265.850000000035,4201,1,316427.9635109978,68.41351099783174,24505
2018-12-17,600019,12.9,12.95,12.97,12.87,305999,207811890.0,0.77,0.31,0.04,0.14,880.2000000000116,4202,1,317408.16351099784,68.41351099783174,24505
2018-12-18,600019,12.87,12.84,12.95,12.79,287712,193625227.0,1.24,-0.85,-0.11,0.13,-2695.550256800023,4203,4,314712.6132541978,42.733254197831734,24507
2018-12-19,600019,12.83,12.76,12.89,12.76,267841,179634138.0,1.01,-0.62,-0.08,0.12,-1960.56025520002,4204,9,312752.0529989978,17.212998997831733,24509
2018-12-20,600019,12.73,12.68,12.79,12.67,363935,240494338.0,0.94,-0.63,-0.08,0.16,-1962.5845939999563,4205,16,310789.46840499784,186474.74840499784,9804
2018-12-21,600019,12.68,12.73,12.76,12.64,353770,233546198.0,0.95,0.39,0.05,0.16,489.82713829999557,4206,2,311279.29554329783,149188.20554329784,12733
2018-12-24,600019,12.68,12.73,12.75,12.67,226302,149358185.0,0.63,0.0,0.0,0.1,-0.8103917999542318,4207,15,311278.4851514979,230226.57515149785,6367
2018-12-25,600019,12.67,12.45,12.69,12.35,503209,321442320.0,2.67,-2.2,-0.28,0.23,-1782.7600000000093,4208,0,309495.72515149787,230226.57515149785,6367
2018-12-26,600019,12.45,12.37,12.47,12.36,234344,149063821.0,0.88,-0.64,-0.08,0.11,-509.36000000004424,4209,0,308986.3651514978,230226.57515149785,6367
2018-12-27,600019,12.47,12.5,12.64,12.45,503431,325667952.0,1.54,1.05,0.13,0.23,825.6381249999977,4210,9,309812.0032764978,23037.003276497824,22942
2018-12-28,600019,12.51,12.58,12.63,12.5,364660,236762094.0,1.04,0.64,0.08,0.16,1835.1988502000459,4211,7,311647.20212669787,6921.862126697824,24223
2019-01-02,600019,12.53,12.4,12.59,12.34,375813,238962165.0,1.99,-1.43,-0.18,0.17,-4360.140000000014,4212,0,307287.06212669786,6921.862126697824,24223
2019-01-03,600019,12.39,12.5,12.51,12.37,246503,157521538.0,1.13,0.81,0.1,0.11,2422.23087499995,4213,10,309709.2930016978,9.293001697823456,24776
2019-01-04,600019,12.44,12.59,12.63,12.41,421532,272153920.0,1.76,0.72,0.09,0.19,2129.8399999999674,4214,6,311939.1330016978,9.293001697823456,24776
2019-01-07,600019,12.67,12.67,12.73,12.62,461664,303430272.0,0.87,0.64,0.08,0.21,1981.1383656000835,4215,13,313920.27136729786,94171.79136729783,17344
2019-01-08,600019,12.72,12.75,12.84,12.68,341904,227252506.0,1.26,0.63,0.08,0.15,1385.308640000003,4216,20,315305.58000729786,315305.58000729786,0
2019-01-09,600019,12.84,12.86,13.01,12.8,451904,306240016.0,1.65,0.86,0.11,0.2,-500.0,4217,15,315305.58000729786,315305.58000729786,0
2019-01-10,600019,12.85,12.8,12.95,12.79,300894,202619975.0,1.24,-0.47,-0.06,0.14,-500.0,4218,18,315305.58000729786,315305.58000729786,0
2019-01-11,600019,12.84,12.87,12.94,12.83,244867,165127358.0,0.86,0.55,0.07,0.11,-0.31518630002392456,4219,1,315305.26482099784,283786.63482099783,2449
2019-01-14,600019,12.87,12.89,12.98,12.81,293637,198505844.0,1.32,0.16,0.02,0.13,48.72748489998048,4220,18,315353.9923058978,309037.89230589784,490
2019-01-15,600019,12.9,12.94,12.97,12.87,304009,206391965.0,0.78,0.39,0.05,0.14,23.572978400043212,4221,3,315377.56528429786,216334.80528429785,7654
2019-01-16,600019,12.92,12.96,12.98,12.9,237019,161236546.0,0.62,0.15,0.02,0.11,152.88171200000215,4222,12,315530.44699629786,236163.40699629785,6124
2019-01-17,600019,13.02,12.91,13.03,12.9,272193,185022323.0,1.0,-0.39,-0.05,0.12,-306.6722477999865,4223,2,315223.7747484979,188938.15474849785,9782
2019-01-18,600019,12.97,13.11,13.17,12.91,650356,448427280.0,2.01,1.55,0.2,0.29,1954.510717899946,4224,10,317178.2854663978,8.055466397840064,24193
2019-01-21,600019,13.12,13.28,13.31,13.12,515033,363088352.0,1.45,1.3,0.17,0.23,4112.488756800012,4225,11,321290.77422319783,32132.05422319784,21774
2019-01-22,600019,13.3,13.13,13.3,13.13,269434,188389550.0,1.28,-1.13,-0.15,0.12,-3266.0999999999767,4226,0,318024.67422319786,32132.05422319784,21774
2019-01-23,600019,13.11,13.05,13.17,12.96,365602,251580603.0,1.6,-0.61,-0.08,0.17,-1743.9089505000156,4227,17,316280.76527269784,231025.11527269785,6533
2019-01-24,600019,13.08,13.03,13.08,12.9,347645,237513077.0,1.38,-0.15,-0.02,0.16,-130.6599999999744,4228,0,316150.10527269787,231025.11527269785,6533
2019-01-25,600019,13.05,13.13,13.17,13.05,352721,244969273.0,0.92,0.77,0.1,0.16,651.2208644999773,4229,9,316801.32613719784,23109.48613719782,22368
2019-01-28,600019,13.12,13.01,13.22,12.97,447028,309362608.0,1.9,-0.91,-0.12,0.2,-2684.183027699997,4230,1,314117.14310949785,20806.693109497817,22545
2019-01-29,600019,12.98,13.16,13.18,12.95,431504,297580016.0,1.77,1.15,0.15,0.2,3380.266604799952,4231,15,317497.4097142978,169144.7297142978,11273
2019-01-30,600019,13.11,13.12,13.22,13.05,307744,213351322.0,1.29,-0.3,-0.04,0.14,-452.10316160001094,4232,18,317045.3065526978,287459.7065526978,2255
2019-01-31,600019,13.13,13.2,13.23,13.12,389892,272627920.0,0.84,0.61,0.08,0.18,180.1126360000344,4233,1,317225.4191886978,258723.0191886978,4432
2019-02-01,600019,13.26,13.28,13.29,13.17,298839,210081906.0,0.91,0.61,0.08,0.14,353.2665280000074,4234,5,317578.68571669783,129374.5257166978,14172
2019-02-11,600019,13.28,13.3,13.37,13.22,455705,322632208.0,1.13,0.15,0.02,0.21,283.4399999999441,4235,0,317862.1257166978,129374.5257166978,14172
2019-02-12,600019,13.28,13.26,13.31,13.19,504846,356032736.0,0.9,-0.3,-0.04,0.23,-568.0074977999902,4236,16,317294.1182188978,242123.17821889778,5669
2019-02-13,600019,13.29,13.4,13.44,13.23,590487,420172560.0,1.58,1.06,0.14,0.27,793.2802440000232,4237,15,318087.3984628978,280098.3984628978,2835
2019-02-14,600019,13.35,13.41,13.46,13.33,519433,371704464.0,0.97,0.07,0.01,0.24,27.789864299993496,4238,2,318115.1883271978,224084.26832719782,7012
2019-02-15,600019,13.39,13.22,13.39,13.19,467519,330571072.0,1.49,-1.42,-0.19,0.21,-1332.7281579999835,4239,2,316782.4601691978,179268.0201691978,10402
2019-02-18,600019,13.24,13.35,13.37,13.24,625428,444315056.0,0.98,0.98,0.13,0.28,1351.7222620000248,4240,3,318134.18243119784,125493.68243119781,14430
2019-02-19,600019,13.37,13.36,13.45,13.34,620184,443952000.0,0.82,0.07,0.01,0.28,144.04909919993952,4241,2,318278.2315303978,100403.3515303978,16308
2019-02-20,600019,13.39,13.41,13.44,13.34,372850,267253680.0,0.75,0.37,0.05,0.17,813.6505314000533,4242,18,319091.88206179783,275348.46206179785,3262
2019-02-21,600019,13.4,13.33,13.45,13.29,444507,318153456.0,1.19,-0.6,-0.08,0.2,-262.6119869000395,4243,6,318829.2700748978,110148.12007489783,15655
2019-02-22,600019,13.37,13.37,13.39,13.26,399936,284512784.0,0.98,0.3,0.04,0.18,625.1535301000113,4244,15,319454.4236049978,214794.06360499782,7828
2019-02-25,600019,13.4,13.89,14.02,13.39,1301555,963491536.0,4.71,3.89,0.52,0.59,4069.4861641000025,4245,5,323523.9097690978,107409.3997690978,15559
2019-02-26,600019,13.92,13.97,14.3,13.85,1558758,1204194592.0,3.24,0.58,0.08,0.71,1244.719999999972,4246,0,324768.6297690978,107409.3997690978,15559
2019-02-27,600019,13.95,13.84,14.11,13.75,786883,597744688.0,2.58,-0.93,-0.13,0.36,-2022.6699999999837,4247,0,322745.9597690978,107409.3997690978,15559
2019-02-28,600019,13.84,13.8,13.96,13.75,534831,403180128.0,1.52,-0.29,-0.04,0.24,-623.4335019999999,4248,15,322122.5262670978,214758.5262670978,7780
2019-03-01,600019,13.87,13.94,13.96,13.78,710401,536457456.0,1.3,1.01,0.14,0.32,1087.2673583999276,4249,9,323209.7936254977,21492.433625497768,21644
2019-03-04,600019,14.0,14.05,14.19,13.95,922843,712063760.0,1.72,0.79,0.11,0.42,2380.732658000081,4250,5,325590.5262834978,10758.126283497766,22408
2019-03-05,600019,14.03,14.06,14.07,13.97,534986,410609488.0,0.71,0.07,0.01,0.24,224.00477899995167,4251,7,325814.53106249776,3235.9510624977656,22943
2019-03-06,600019,14.03,14.19,14.28,13.97,1068239,831788016.0,2.2,0.92,0.13,0.48,2982.577087099955,4252,4,328797.1081495977,1944.6481495977655,23034
2019-03-07,600019,14.19,14.14,14.23,14.07,923536,718661056.0,1.13,-0.35,-0.05,0.42,-1152.0256441999227,4253,11,327645.0825053978,34508.74250539777,20731
2019-03-08,600019,13.9,13.66,13.98,13.58,854190,640263120.0,2.83,-3.39,-0.48,0.39,-9951.017966000014,4254,4,317694.0645393978,20712.00453939777,21741
2019-03-11,600019,13.63,13.69,13.73,13.57,745901,550359504.0,1.17,0.22,0.03,0.34,652.2299999999814,4255,0,318346.29453939776,20712.00453939777,21741
2019-03-12,600019,13.81,13.78,13.95,13.69,861886,650036336.0,1.9,0.66,0.09,0.39,1956.6900000000023,4256,0,320302.98453939776,20712.00453939777,21741
2019-03-13,600019,13.75,13.67,13.78,13.59,613613,453214048.0,1.38,-0.8,-0.11,0.28,-2393.590300599928,4257,17,317909.39423879783,228739.9842387978,6523
2019-03-14,600019,13.64,13.56,13.75,13.51,657805,483715280.0,1.76,-0.8,-0.11,0.3,-717.7586215999909,4258,1,317191.63561719784,205877.5956171978,8209
2019-03-15,600019,13.56,13.58,13.66,13.53,625540,458719520.0,0.96,0.15,0.02,0.28,163.56238159991335,4259,3,317355.19799879775,144115.13799879779,12757
2019-03-18,600019,13.61,13.89,13.9,13.61,992562,740639344.0,2.14,2.28,0.31,0.45,3953.6613082000404,4260,7,321308.8593069978,43244.949306997776,20019
2019-03-19,600019,13.84,13.81,13.9,13.77,672943,505625152.0,0.94,-0.58,-0.08,0.3,-1602.902242900047,4261,15,319705.95706409775,181467.85706409777,10010
2019-03-20,600019,13.81,13.74,13.9,13.66,625653,467097888.0,1.74,-0.51,-0.07,0.28,-702.514641799964,4262,10,319003.4424222978,1.8624222977668978,23217
2019-03-21,600019,13.77,13.7,13.81,13.69,680794,507438368.0,0.87,-0.29,-0.04,0.31,-930.2702960000024,4263,15,318073.1721262978,159029.8721262978,11609
2019-03-22,600019,13.7,13.69,13.73,13.58,472901,349139296.0,1.09,-0.07,-0.01,0.21,-116.56695960002253,4264,3,317956.60516669776,111333.43516669779,15093
2019-03-25,600019,13.56,13.44,13.62,13.44,775310,563649488.0,1.31,-1.83,-0.25,0.35,-3774.4669920000015,4265,16,314182.13817469776,233031.41817469778,6038
2019-03-26,600019,13.48,13.31,13.51,13.29,567288,406256640.0,1.64,-0.97,-0.13,0.26,-787.037123600021,4266,9,313395.10105109774,23316.96105109775,21794
2019-03-27,600019,13.36,13.35,13.37,13.29,412888,293735616.0,0.6,0.3,0.04,0.19,870.8871770000551,4267,13,314265.9882280978,110598.38822809776,15256
2019-03-28,600019,13.31,13.29,13.34,13.25,359576,254528190.0,0.67,-0.45,-0.06,0.16,-915.4705728000263,4268,1,313350.51765529776,99540.99765529776,16088
2019-03-29,600019,13.28,13.47,13.5,13.28,762022,546833584.0,1.66,1.35,0.18,0.34,2895.8400000000256,4269,0,316246.3576552978,99540.99765529776,16088
2019-04-01,600019,13.52,13.85,13.89,13.52,1528881,1137026704.0,2.75,2.82,0.38,0.69,6111.880351500004,4270,17,322358.2380067978,255504.28800679778,4827
2019-04-02,600019,13.85,13.9,13.94,13.78,1017798,769040880.0,1.16,0.36,0.05,0.46,240.8390359999612,4271,2,322599.07704279775,204407.37704279777,8503
2019-04-03,600019,13.92,14.14,14.2,13.87,1078276,834163824.0,2.37,1.73,0.24,0.49,2039.8783872000058,4272,17,324638.95542999776,288567.81542999775,2551
2019-04-04,600019,14.14,14.12,14.27,14.02,1005089,780134880.0,1.77,-0.14,-0.02,0.45,-52.75125319999643,4273,6,324586.20417679776,115440.76417679776,14812
2019-04-08,600019,14.17,14.39,14.41,14.07,1395185,1099735648.0,2.41,1.91,0.27,0.63,3999.2399999999907,4274,0,328585.44417679776,115440.76417679776,14812
2019-04-09,600019,14.4,14.22,14.4,14.14,817107,640406576.0,1.81,-1.18,-0.17,0.37,-2518.732513999974,4275,6,326066.7116627978,46188.671662797744,19682
2019-04-10,600019,14.14,14.18,14.33,14.08,659505,515096352.0,1.76,-0.28,-0.04,0.3,-787.6031622000737,4276,7,325279.1085005977,13872.12850059774,21961
2019-04-11,600019,14.22,14.02,14.28,14.0,538366,417663664.0,1.97,-1.13,-0.16,0.24,-3513.870898199966,4277,8,321765.23760239774,2782.1976023977404,22752
2019-04-12,600019,13.98,13.89,14.0,13.83,595309,450786448.0,1.21,-0.93,-0.13,0.27,-2957.776667999977,4278,6,318807.46093439776,1115.38093439774,22872
2019-04-15,600019,14.05,13.83,14.11,13.8,567897,434846496.0,2.23,-0.43,-0.06,0.26,-1374.2178909000359,4279,16,317433.2430434977,190902.57304349774,9149
2019-04-16,600019,13.8,14.01,14.02,13.77,530981,401941008.0,1.81,1.3,0.18,0.24,1646.2474113000208,4280,3,319079.49045479775,133643.13045479773,13236
2019-04-17,600019,14.02,14.0,14.05,13.92,445021,340558816.0,0.93,-0.07,-0.01,0.2,-132.35999999998603,4281,0,318947.13045479776,133643.13045479773,13236
2019-04-18,600019,14.0,14.07,14.19,13.97,485861,376616592.0,1.57,0.5,0.07,0.22,925.2164145000279,4282,17,319872.3468692978,264000.37686929776,3971
2019-04-19,600019,14.12,14.09,14.18,13.98,406366,313486784.0,1.42,0.14,0.02,0.18,79.4199999999837,4283,0,319951.7668692978,264000.37686929776,3971
2019-04-22,600019,14.09,13.9,14.12,13.86,455896,348870752.0,1.85,-1.35,-0.19,0.21,-754.7659149999963,4284,15,319197.0009542978,291591.60095429776,1986
2019-04-23,600019,13.9,13.86,13.95,13.8,427460,323106864.0,1.08,-0.29,-0.04,0.19,-79.68767820001813,4285,19,319117.31327609776,316359.17327609775,199
2019-04-24,600019,13.87,13.87,13.91,13.8,327134,246668597.0,0.79,0.07,0.01,0.15,1.673763999948278,4286,1,319118.9870400977,284735.2570400977,2479
2019-04-25,600019,13.74,13.47,13.75,13.45,1049120,766663680.0,2.16,-2.88,-0.4,0.47,-991.8337044999935,4287,17,318127.1533355977,308105.4733355977,744
2019-04-26,600019,13.42,13.42,13.52,13.36,522872,375996464.0,1.19,-0.37,-0.05,0.24,-37.50798900000518,4288,1,318089.6453465977,277306.2653465977,3039
2019-04-29,600019,13.48,13.39,13.5,13.37,437894,314654448.0,0.97,-0.22,-0.03,0.2,-91.49551089998567,4289,18,317998.1498356977,309857.02983569773,608
2019-04-30,600019,13.37,13.4,13.46,13.37,306534,220314524.0,0.67,0.07,0.01,0.14,6.080000000016298,4290,0,318004.22983569774,309857.02983569773,608
2019-05-06,600019,13.29,13.07,13.29,12.9,887207,612300512.0,2.91,-2.46,-0.33,0.4,-200.6797327999957,4291,15,317803.55010289775,313830.2701028977,304
2019-05-07,600019,13.11,13.03,13.14,12.95,551464,379531168.0,1.45,-0.31,-0.04,0.25,-12.473762400040869,4292,1,317791.0763404977,282453.7163404977,2712
2019-05-08,600019,12.92,12.87,12.95,12.81,493348,332838064.0,1.07,-1.23,-0.16,0.22,-434.26903440000024,4293,20,317356.8073060977,317356.8073060977,0
2019-05-09,600019,12.89,12.8,12.92,12.75,374967,251332964.0,1.32,-0.54,-0.07,0.17,-500.0,4294,17,317356.8073060977,317356.8073060977,0
2019-05-10,600019,12.87,13.03,13.05,12.8,585066,398508544.0,1.95,1.8,0.23,0.26,-500.0,4295,12,317356.8073060977,317356.8073060977,0
2019-05-13,600019,12.94,12.9,12.98,12.89,317038,215255446.0,0.69,-1.0,-0.13,0.14,-3.1735290000215173,4296,10,317353.6337770977,0.7337770976591855,24601
2019-05-14,600019,12.8,12.79,12.94,12.78,416764,279883504.0,1.24,-0.85,-0.11,0.19,-2806.1100000000442,4297,1,314647.52377709764,0.7337770976591855,24601
2019-05-15,600019,12.81,12.95,12.98,12.81,362242,244965598.0,1.33,1.25,0.16,0.16,3936.1599999999744,4298,0,318583.6837770976,0.7337770976591855,24601
2019-05-16,600019,12.94,13.0,13.09,12.91,385593,264440737.0,1.39,0.39,0.05,0.17,1229.090600000054,4299,13,319812.77437709767,95939.77437709767,17221
2019-05-17,600019,13.01,12.9,13.03,12.87,366049,248496780.0,1.23,-0.77,-0.1,0.17,-1722.6755980000016,4300,6,318090.09877909767,38379.39877909766,21683
2019-05-20,600019,12.86,12.89,12.97,12.84,323773,218904428.0,1.01,-0.08,-0.01,0.15,-217.17532310000388,4301,9,317872.92345599766,3846.7434559976537,24362
2019-05-21,600019,12.86,12.9,12.95,12.85,521685,352235632.0,0.78,0.08,0.01,0.24,242.04865099996096,4302,15,318114.9721069976,160980.07210699766,12181
2019-05-22,600019,12.89,12.78,12.9,12.75,565289,378135552.0,1.16,-0.93,-0.12,0.26,-1462.0419281999348,4303,2,316652.9301787977,128786.93017879766,14700
2019-05-23,600019,12.74,12.73,12.79,12.69,326305,215962781.0,0.78,-0.39,-0.05,0.15,-735.7485240000533,4304,14,315917.18165479763,203638.58165479766,8820
2019-05-24,600019,12.74,12.78,12.81,12.73,196125,130495051.0,0.63,0.39,0.05,0.09,441.0,4305,0,316358.18165479763,203638.58165479766,8820
2019-05-27,600019,12.81,12.89,12.92,12.79,464532,312998464.0,1.02,0.86,0.11,0.21,969.1818189000478,4306,5,317327.3634736977,101819.45347369765,16719
2019-05-28,600019,12.92,13.19,13.19,12.92,889129,615797168.0,2.09,2.33,0.3,0.4,5015.25905829994,4307,12,322342.6225319976,145913.18253199765,13376
2019-05-29,600019,13.16,13.12,13.17,13.08,343636,238523247.0,0.68,-0.53,-0.07,0.16,-936.757683200005,4308,3,321405.8648487976,102144.42484879764,16712
2019-05-30,600019,13.08,13.09,13.17,13.07,455310,315589856.0,0.76,-0.23,-0.03,0.21,-502.38141269999323,4309,10,320903.4834360976,2.1334360976325115,24515
2019-05-31,600019,13.09,12.95,13.11,12.95,601337,380620880.0,1.22,-1.07,-0.14,0.27,-3532.0999999999767,4310,9,317471.38343609765,2.1334360976325115,24515
2019-06-03,600019,13.0,13.05,13.09,12.96,320761,204097072.0,1.0,0.77,0.1,0.15,2448.3007925000275,4311,20,319919.6842285977,319919.6842285977,0
2019-06-04,600019,13.03,13.01,13.06,12.95,186373,117986827.0,0.84,-0.31,-0.04,0.08,0.0,4312,0,319919.6842285977,319919.6842285977,0
2019-06-05,600019,13.07,13.0,13.09,12.98,205906,131217938.0,0.85,-0.08,-0.01,0.09,-500.0,4313,12,319919.6842285977,319919.6842285977,0
2019-06-06,600019,13.05,12.95,13.05,12.95,186694,118217864.0,0.77,-0.38,-0.05,0.08,-500.0,4314,13,319919.6842285977,319919.6842285977,0
2019-06-10,600019,13.02,13.01,13.05,12.95,260817,165273767.0,0.77,0.46,0.06,0.12,-0.9597477000206709,4315,3,319918.72448089765,223943.95448089766,7377
2019-06-11,600019,13.01,13.16,13.18,13.01,492857,317063072.0,1.31,1.15,0.15,0.22,1105.2064955999958,4316,6,321023.93097649765,89592.17097649764,17586
2019-06-12,600019,13.12,13.07,13.13,13.05,256622,164653177.0,0.61,-0.68,-0.09,0.12,-1583.098248699971,4317,4,319440.8327277977,53766.942727797636,20327
2019-06-13,600019,13.07,13.06,13.12,13.0,269166,171981431.0,0.92,-0.08,-0.01,0.12,-204.06639880000148,4318,13,319236.7663289977,133406.02632899763,14229
2019-06-14,600019,13.06,13.05,13.08,13.03,236699,151302089.0,0.38,-0.08,-0.01,0.11,-143.4040784999961,4319,16,319093.3622504977,244812.76225049765,5692
2019-06-17,600019,13.06,13.09,13.14,13.02,253111,162983559.0,0.92,0.31,0.04,0.11,227.30745859997114,4320,15,319320.66970909765,282066.52970909764,2846
2019-06-18,600019,13.14,13.09,13.14,13.06,198613,127578456.0,0.61,0.0,0.0,0.09,-0.07448210002621636,4321,12,319320.5952269976,289514.66522699763,2277
2019-06-19,600019,13.2,13.14,13.25,13.12,280458,181914473.0,0.99,0.38,0.05,0.13,113.67050760000711,4322,16,319434.26573459763,307463.72573459765,911
2019-06-20,600019,13.14,13.2,13.25,13.07,410151,266060834.0,1.37,0.46,0.06,0.19,54.62396399996942,4323,13,319488.8896985976,311067.2896985976,638
2019-06-21,600019,13.19,13.24,13.25,13.18,339518,221481607.0,0.53,0.3,0.04,0.15,25.503185200039297,4324,12,319514.39288379764,312748.7528837976,511
2019-06-24,600019,13.26,13.39,13.46,13.26,534329,355580224.0,1.51,1.13,0.15,0.24,76.62951329996577,4325,13,319591.0223970976,314797.4023970976,358
2019-06-25,600019,13.39,13.28,13.4,13.23,288196,189730728.0,1.27,-0.82,-0.11,0.13,-41.58341759996256,4326,7,319549.43897949765,94453.43897949762,16950
2019-06-26,600019,13.25,13.22,13.28,13.2,192776,126025981.0,0.6,-0.45,-0.06,0.09,-1017.4722183999838,4327,5,318531.96676109766,47231.12676109761,20522
2019-06-27,600019,13.24,13.24,13.33,13.18,409370,267609140.0,1.13,0.15,0.02,0.19,409.96772919991054,4328,10,318941.9344902976,3.5744902976002777,24089
2019-06-28,600019,13.24,13.19,13.24,13.14,214586,139209259.0,0.76,-0.38,-0.05,0.1,-1206.0386035999982,4329,15,317735.8958866976,158862.34588669759,12045
2019-07-01,600019,13.28,13.31,13.35,13.25,430934,283875376.0,0.76,0.91,0.12,0.19,1443.7968105000327,4330,20,319179.6926971976,319179.6926971976,0
2019-07-02,600019,13.3,13.36,13.37,13.28,350048,231695902.0,0.68,0.38,0.05,0.16,-500.0,4331,18,319179.6926971976,319179.6926971976,0
2019-07-03,600019,13.39,13.33,13.39,13.23,305420,200806976.0,1.2,-0.22,-0.03,0.14,-500.0,4332,14,319179.6926971976,319179.6926971976,0
2019-07-04,600019,13.34,13.33,13.39,13.3,247185,163886410.0,0.68,0.0,0.0,0.11,-500.0,4333,17,319179.6926971976,319179.6926971976,0
2019-07-05,600019,13.34,13.3,13.34,13.24,172658,113576626.0,0.75,-0.23,-0.03,0.08,-500.0,4334,13,319179.6926971976,319179.6926971976,0
2019-07-08,600019,13.26,13.12,13.28,13.11,282899,183284525.0,1.28,-1.35,-0.18,0.13,-500.0,4335,16,319179.6926971976,319179.6926971976,0
2019-07-09,600019,13.12,13.09,13.16,13.07,196339,126066160.0,0.69,-0.23,-0.03,0.09,-0.6382684000418521,4336,2,319179.05442879756,255352.2144287976,4876
2019-07-10,600019,13.11,13.01,13.13,12.98,234372,149451984.0,1.15,-0.61,-0.08,0.11,-392.3780863999855,4337,9,318786.6763423976,25541.276342397585,22540
2019-07-11,600019,13.06,13.0,13.11,12.95,237726,151036315.0,1.23,-0.08,-0.01,0.11,-227.45114000001922,4338,17,318559.22520239756,230653.2252023976,6762
2019-07-12,600019,13.0,12.98,13.03,12.96,200572,127164506.0,0.54,-0.15,-0.02,0.09,-137.31576160003897,4339,9,318421.9094407975,23074.989440797566,22754
2019-07-15,600019,12.96,12.89,12.97,12.74,488507,303879040.0,1.77,-0.69,-0.09,0.22,-2047.859999999986,4340,0,316374.04944079753,23074.989440797566,22754
2019-07-16,600019,12.87,12.89,12.91,12.84,202993,126776909.0,0.54,0.0,0.0,0.09,-2.9329906000057235,4341,20,316371.1164501975,316371.1164501975,0
2019-07-17,600019,12.86,12.89,12.91,12.84,175941,110023983.0,0.54,0.0,0.0,0.08,-500.0,4342,12,316371.1164501975,316371.1164501975,0
2019-07-18,600019,12.87,12.85,12.89,12.84,142608,88853882.0,0.39,-0.31,-0.04,0.06,-500.0,4343,12,316371.1164501975,316371.1164501975,0
2019-07-19,600019,12.86,12.91,12.96,12.85,187562,117691535.0,0.86,0.47,0.06,0.08,-500.0,4344,18,316371.1164501975,316371.1164501975,0
2019-07-22,600019,12.89,12.81,12.91,12.78,289861,180227228.0,1.01,-0.77,-0.1,0.13,-0.6326858999673277,4345,2,316370.48376429756,253101.89376429754,4939
2019-07-23,600019,12.83,12.9,12.92,12.83,225716,141193255.0,0.7,0.7,0.09,0.1,443.87286899995524,4346,20,316814.3566332975,316814.3566332975,0
2019-07-24,600019,12.94,12.96,13.0,12.92,190818,120373957.0,0.62,0.47,0.06,0.09,-500.0,4347,18,316814.3566332975,316814.3566332975,0
2019-07-25,600019,12.98,12.94,12.98,12.91,189635,119418865.0,0.54,-0.15,-0.02,0.09,-0.6335424000280909,4348,2,316813.7230908975,253459.4830908975,4896
2019-07-26,600019,12.91,12.94,12.96,12.9,145906,91825035.0,0.46,0.0,0.0,0.07,0.0,4349,0,316813.7230908975,253459.4830908975,4896
2019-07-29,600019,12.94,12.97,12.98,12.92,248491,156821477.0,0.46,0.23,0.03,0.11,146.68960039998638,4350,13,316960.4126912975,272499.2526912975,3428
2019-07-30,600019,12.98,13.05,13.05,12.96,341721,217379488.0,0.69,0.62,0.08,0.15,273.9716919999919,4351,16,317234.38438329747,299329.7843832975,1372
2019-07-31,600019,13.01,13.05,13.06,13.0,225396,143451472.0,0.46,0.0,0.0,0.1,0.0,4352,0,317234.38438329747,299329.7843832975,1372
2019-08-01,600019,13.02,12.9,13.03,12.9,279938,176443920.0,1.0,-1.15,-0.15,0.13,-205.79999999998836,4353,0,317028.5843832975,299329.7843832975,1372
2019-08-02,600019,12.83,12.8,12.84,12.75,319958,197416395.0,0.7,-0.78,-0.1,0.14,-137.2350719999522,4354,12,316891.3493112975,302836.9493112975,1098
2019-08-05,600019,12.76,12.63,12.78,12.63,371919,226780411.0,1.17,-1.33,-0.17,0.17,-187.26560849999078,4355,2,316704.08370279754,242275.4937027975,5893
2019-08-06,600019,12.57,12.47,12.58,12.41,475337,281229504.0,1.35,-1.27,-0.16,0.22,-945.0603795000352,4356,9,315759.0233232975,24235.363323297497,23378
2019-08-07,600019,12.47,12.41,12.51,12.41,247967,146094457.0,0.8,-0.48,-0.06,0.11,-1402.8979196000146,4357,9,314356.1254036975,2443.1854036974983,25134
2019-08-08,600019,12.45,12.46,12.48,12.42,214596,126442909.0,0.48,0.4,0.05,0.1,1255.1341518000118,4358,15,315611.2595554975,159026.4395554975,12567
2019-08-09,600019,12.46,12.45,12.48,12.41,190312,111896965.0,0.56,-0.08,-0.01,0.09,-126.14695950003807,4359,3,315485.11259599746,111330.01259599748,16398
2019-08-12,600019,12.45,12.48,12.48,12.4,245103,144071049.0,0.64,0.24,0.03,0.11,491.3261088000727,4360,13,315976.43870479753,172718.5187047975,11479
2019-08-13,600019,12.46,12.42,12.46,12.4,164716,96611408.0,0.48,-0.48,-0.06,0.07,-689.0250390000292,4361,12,315287.4136657975,201222.1336657975,9184
2019-08-14,600019,12.47,12.45,12.51,12.44,136849,80787699.0,0.56,0.24,0.03,0.06,274.6052985000424,4362,18,315562.01896429755,292691.3689642975,1837
2019-08-15,600019,12.37,12.4,12.44,12.26,289884,169052334.0,1.45,-0.4,-0.05,0.13,-92.14264000003459,4363,1,315469.8763242975,263427.0763242975,4197
2019-08-16,600019,12.4,12.39,12.44,12.37,187005,109488872.0,0.56,-0.08,-0.01,0.08,-43.55046840000432,4364,6,315426.3258558975,105378.65585589752,16953
2019-08-19,600019,12.44,12.5,12.51,12.37,303230,178505840.0,1.13,0.89,0.11,0.14,1864.194375000021,4365,13,317290.5202308975,168940.52023089753,11868
2019-08-20,600019,12.47,12.48,12.53,12.46,208379,123530093.0,0.56,-0.16,-0.02,0.09,-237.52885439997772,4366,1,317052.99137649755,152054.91137649753,13221
2019-08-21,600019,12.47,12.47,12.48,12.45,149788,88492615.0,0.24,-0.08,-0.01,0.07,-133.1991204000078,4367,16,316919.79225609754,250965.96225609753,5289
2019-08-22,600019,12.5,12.45,12.5,12.41,151784,89333416.0,0.72,-0.16,-0.02,0.07,-106.10917800001334,4368,15,316813.6830780975,283883.4330780975,2645
2019-08-23,600019,12.42,12.48,12.48,12.4,223431,131314217.0,0.64,0.24,0.03,0.1,79.21796159999212,4369,14,316892.9010396975,297087.1410396975,1587
2019-08-26,600019,12.35,12.4,12.44,12.34,161641,94380848.0,0.8,-0.64,-0.08,0.07,-126.96000000002095,4370,0,316765.9410396975,297087.1410396975,1587
2019-08-27,600019,12.41,12.52,12.52,12.4,401752,238253924.0,0.97,0.97,0.12,0.18,190.30102800001623,4371,17,316956.2420676975,310984.20206769754,477
2019-08-28,600019,12.51,12.45,12.55,12.44,216662,127935001.0,0.88,-0.56,-0.07,0.1,-33.40182749996893,4372,12,316922.84024019755,312166.9402401975,382
2019-08-29,600019,12.44,12.41,12.46,12.35,204156,119307669.0,0.88,-0.32,-0.04,0.09,-15.5921115000383,4373,1,316907.2481286975,280955.4781286975,2897
2019-08-30,600019,12.45,12.35,12.45,12.34,271970,158479151.0,0.89,-0.48,-0.06,0.12,-173.82000000000698,4374,0,316733.4281286975,280955.4781286975,2897
2019-09-02,600019,12.35,12.42,12.44,12.35,299590,175497187.0,0.73,0.57,0.07,0.14,202.64617640001234,4375,14,316936.0743050975,295337.6943050975,1739
2019-09-03,600019,12.42,12.45,12.46,12.4,246607,144901476.0,0.48,0.24,0.03,0.11,51.9968204999459,4376,18,316988.07112559746,312655.4711255975,348
2019-09-04,600019,12.45,12.7,12.7,12.42,634881,382979712.0,2.25,2.01,0.25,0.29,85.43675700004678,4377,5,317073.5078825975,156329.60788259748,12657
2019-09-05,600019,12.74,12.67,12.84,12.65,649176,398703984.0,1.5,-0.24,-0.03,0.29,-381.31364190002205,4378,20,316692.1942406975,316692.1942406975,0
2019-09-06,600019,12.69,12.65,12.73,12.61,336098,203457815.0,0.95,-0.16,-0.02,0.15,-500.0,4379,11,316692.1942406975,316692.1942406975,0
2019-09-09,600019,12.7,12.72,12.75,12.65,258101,157150352.0,0.79,0.55,0.07,0.12,-1.8999863999779336,4380,6,316690.2942542975,126691.65425429746,14937
2019-09-10,600019,12.72,12.72,12.74,12.68,207857,126708974.0,0.47,0.0,0.0,0.09,-0.8867112000589259,4381,7,316689.40754309745,38019.64754309745,21908
2019-09-11,600019,12.74,12.75,12.78,12.69,278795,170875805.0,0.71,0.24,0.03,0.13,655.843365000037,4382,15,317345.2509080975,177681.75090809749,10954
2019-09-12,600019,12.79,12.89,12.92,12.76,438170,273191456.0,1.25,1.1,0.14,0.2,1532.4939970000414,4383,6,318877.7449050975,71080.38490509748,19224
2019-09-16,600019,12.91,12.95,13.0,12.85,399982,252044366.0,1.16,0.47,0.06,0.18,1153.369033999974,4384,1,320031.1139390975,63983.713939097484,19772
2019-09-17,600019,12.95,12.84,12.98,12.83,336172,210269837.0,1.16,-0.85,-0.11,0.15,-2175.4957456000266,4385,9,317855.6181934975,6408.57819349748,24256
2019-09-18,600019,12.85,12.75,12.87,12.75,206186,127467426.0,0.93,-0.7,-0.09,0.09,-2183.0975024999934,4386,9,315672.5206909975,658.2706909974795,24707
2019-09-19,600019,12.76,12.8,12.84,12.72,176033,108322660.0,0.94,0.39,0.05,0.08,1234.7175520000164,4387,12,316907.2382429975,63902.43824299749,19766
2019-09-20,600019,12.81,12.79,12.83,12.74,277601,170944502.0,0.7,-0.08,-0.01,0.13,-197.78777210001135,4388,2,316709.4504708975,51125.10047089749,20765
2019-09-23,600019,12.76,12.73,12.78,12.61,269303,163773063.0,1.33,-0.47,-0.06,0.12,-1246.4286768999882,4389,12,315463.0217939975,103992.26179399749,16612
2019-09-24,600019,12.73,12.67,12.75,12.64,207386,126257476.0,0.86,-0.47,-0.06,0.09,-997.4477647999884,4390,7,314465.5740291975,31215.05402919749,22356
2019-09-25,600019,12.64,12.59,12.65,12.57,183571,110470278.0,0.63,-0.63,-0.08,0.08,-1788.4800000000396,4391,0,312677.09402919747,31215.05402919749,22356
2019-09-26,600019,12.61,12.62,12.63,12.56,181894,109357420.0,0.56,0.24,0.03,0.08,670.1157598000136,4392,12,313347.2097889975,87638.5097889975,17885
2019-09-27,600019,12.62,12.48,12.62,12.47,344772,204888856.0,1.19,-1.11,-0.14,0.16,-2504.688611200021,4393,9,310842.52117779746,8776.601177797478,24204
2019-09-30,600019,12.47,12.47,12.53,12.46,180312,106958873.0,0.56,-0.08,-0.01,0.08,-242.94544669997413,4394,13,310599.5757310975,99320.36573109748,16943
2019-10-08,600019,12.47,12.46,12.51,12.45,240311,142128485.0,0.48,-0.08,-0.01,0.11,-170.69655900000362,4395,16,310428.8791720975,225974.99917209748,6778
2019-10-09,600019,12.41,12.45,12.46,12.4,212098,124634907.0,0.48,-0.08,-0.01,0.1,-67.94869749998907,4396,12,310360.9304745975,242844.5804745975,5423
2019-10-10,600019,12.45,12.48,12.48,12.42,159120,93937577.0,0.48,0.24,0.03,0.07,160.50450239994098,4397,9,310521.43497699744,24292.634976997477,22935
2019-10-11,600019,12.51,12.53,12.56,12.44,223123,132345050.0,0.96,0.4,0.05,0.1,1146.1752489000792,4398,12,311667.6102258975,81767.17022589748,18348
2019-10-14,600019,12.55,12.58,12.62,12.55,315119,189173021.0,0.56,0.4,0.05,0.14,917.3999999999651,4399,0,312585.0102258975,81767.17022589748,18348
2019-10-15,600019,12.59,12.55,12.59,12.55,152167,91149235.0,0.32,-0.24,-0.03,0.07,-550.9305794999818,4400,6,312034.0796463975,32708.729646397478,22257
2019-10-16,600019,12.56,12.52,12.59,12.51,178060,106335046.0,0.64,-0.24,-0.03,0.08,-669.6604908000445,4401,17,311364.41915559745,227755.85915559746,6678
2019-10-17,600019,12.51,12.5,12.56,12.47,138077,82061638.0,0.72,-0.16,-0.02,0.06,-134.22774999996182,4402,18,311230.1914055975,294530.1914055975,1336
2019-10-18,600019,12.52,12.44,12.52,12.4,250742,147969520.0,0.96,-0.48,-0.06,0.11,-81.63252280000597,4403,5,311148.5588827975,147276.4388827975,13173
2019-10-21,600019,12.41,12.36,12.42,12.35,210742,122917353.0,0.56,-0.64,-0.08,0.1,-1053.8399999999674,4404,0,310094.7188827975,147276.4388827975,13173
2019-10-22,600019,12.42,12.36,12.42,12.31,323448,188142732.0,0.89,0.0,0.0,0.15,-0.4883436000091024,4405,13,310094.2305391975,196110.3105391975,9222
2019-10-23,600019,12.36,12.3,12.37,12.28,284276,164500758.0,0.73,-0.49,-0.06,0.13,-554.1139650000259,4406,17,309540.1165741975,275506.0165741975,2767
2019-10-24,600019,12.3,12.35,12.37,12.29,239942,139235294.0,0.65,0.41,0.05,0.11,138.21340900001815,4407,14,309678.3299831975,289164.9799831975,1661
2019-10-25,600019,12.39,12.36,12.39,12.3,261465,151483932.0,0.73,0.08,0.01,0.12,16.568964800040703,4408,12,309694.89894799754,293268.45894799754,1329
2019-10-28,600019,12.36,12.48,12.48,12.36,370151,217541149.0,0.97,0.97,0.12,0.17,159.34733760001836,4409,18,309854.24628559756,306534.56628559757,266
2019-10-29,600019,12.46,12.45,12.46,12.42,206002,121248771.0,0.32,-0.24,-0.03,0.09,-7.986598499992397,4410,12,309846.25968709757,307194.4096870976,213
2019-10-30,600019,12.44,12.4,12.45,12.35,179823,105010111.0,0.8,-0.4,-0.05,0.08,-11.878716000006534,4411,4,309834.38097109756,184321.58097109757,10122
2019-10-31,600019,12.36,12.34,12.4,12.3,206375,119984697.0,0.81,-0.48,-0.06,0.09,-607.320000000007,4412,0,309227.06097109756,184321.58097109757,10122
2019-11-01,600019,12.34,12.34,12.35,12.26,452660,261267661.0,0.73,0.0,0.0,0.2,-0.7494081999757327,4413,16,309226.3115628976,259261.65156289758,4049
2019-11-04,600019,12.34,12.24,12.34,12.2,697710,398809056.0,1.13,-0.81,-0.1,0.32,-405.2964535999927,4414,18,308821.0151092976,298906.61510929756,810
2019-11-05,600019,12.22,12.22,12.25,12.17,576207,328210512.0,0.65,-0.16,-0.02,0.26,-16.27918559999671,4415,18,308804.7359236976,306825.0959236976,162
2019-11-06,600019,12.23,12.22,12.25,12.19,421663,240522484.0,0.49,0.0,0.0,0.19,-0.30672200000844896,4416,1,308804.4292016976,276152.58920169756,2672
2019-11-07,600019,12.22,12.18,12.23,12.17,446453,253375803.0,0.49,-0.33,-0.04,0.2,-107.15612060000421,4417,1,308697.2730810976,248540.25308109756,4939
2019-11-08,600019,12.19,12.11,12.2,12.11,487613,275530464.0,0.74,-0.57,-0.07,0.22,-346.1486426999909,4418,17,308351.1244383976,290404.10443839757,1482
2019-11-11,600019,12.09,11.95,12.11,11.92,519199,286361584.0,1.57,-1.32,-0.16,0.23,-237.15537200000836,4419,12,308113.9690663976,293941.26906639757,1186
2019-11-12,600019,11.96,11.89,11.97,11.86,443793,241130991.0,0.92,-0.5,-0.06,0.2,-71.1600000000326,4420,0,308042.80906639755,293941.26906639757,1186
2019-11-13,600019,11.87,11.79,11.89,11.75,555267,296924688.0,1.18,-0.84,-0.1,0.25,-121.24532230000477,4421,9,307921.56374409754,29406.393744097557,23623
2019-11-14,600019,11.78,11.78,11.83,11.74,507823,270846112.0,0.76,-0.08,-0.01,0.23,-236.40634659997886,4422,6,307685.15739749756,11771.557397497556,25120
2019-11-15,600019,11.78,11.7,11.79,11.68,562052,298128624.0,0.93,-0.68,-0.08,0.25,-2010.775615999999,4423,14,305674.38178149756,129331.98178149755,15072
2019-11-18,600019,11.7,11.69,11.76,11.63,1146191,605077120.0,1.11,-0.09,-0.01,0.52,-151.88385639997432,4424,9,305522.4979250976,12945.177925097552,25028
2019-11-19,600019,11.67,11.81,11.81,11.64,1112420,588259744.0,1.45,1.03,0.12,0.5,3002.473305199994,4425,13,308524.9712302976,101613.77123029757,17520
2019-11-20,600019,11.8,11.83,11.87,11.74,1115771,597659072.0,1.1,0.17,0.02,0.5,350.4000000000233,4426,0,308875.3712302976,101613.77123029757,17520
2019-11-21,600019,11.78,11.83,11.85,11.72,882638,472153744.0,1.1,0.0,0.0,0.4,-0.40636050002649426,4427,4,308874.9648697976,60977.31486979756,20955
2019-11-22,600019,11.85,11.97,12.0,11.83,1589536,866663264.0,1.44,1.18,0.14,0.72,2933.1512951999903,4428,9,311808.11616499757,6106.286164997553,25539
2019-11-25,600019,12.09,12.29,12.35,12.04,2107810,1202209504.0,2.59,2.67,0.32,0.95,8172.479999999981,4429,0,319980.59616499755,6106.286164997553,25539
2019-11-26,600019,12.28,12.17,12.28,12.09,1193579,675195600.0,1.55,-0.98,-0.12,0.54,-3064.7043399999966,4430,4,316915.89182499755,3672.261824997553,25739
2019-11-27,600019,12.13,12.09,12.18,12.01,852372,477149104.0,1.4,-0.66,-0.08,0.39,-2060.987058700004,4431,16,314854.90476629755,190376.26476629757,10296
2019-11-28,600019,12.06,11.97,12.08,11.95,584378,322806256.0,1.08,-0.99,-0.12,0.26,-1236.7524312000023,4432,20,313618.15233509755,313618.15233509755,0
2019-11-29,600019,11.97,11.94,12.02,11.91,586372,321706176.0,0.92,-0.25,-0.03,0.27,-500.0,4433,14,313618.15233509755,313618.15233509755,0
2019-12-02,600019,11.94,11.92,11.97,11.89,634065,345943888.0,0.67,-0.17,-0.02,0.29,-500.0,4434,16,313618.15233509755,313618.15233509755,0
2019-12-03,600019,11.9,11.84,11.91,11.8,734467,396056128.0,0.92,-0.67,-0.08,0.33,0.0,4435,0,313618.15233509755,313618.15233509755,0
2019-12-04,600019,11.8,11.89,11.9,11.79,615265,331523568.0,0.93,0.42,0.05,0.28,-500.0,4436,16,313618.15233509755,313618.15233509755,0
2019-12-05,600019,11.89,11.85,11.89,11.79,692338,372939296.0,0.84,-0.34,-0.04,0.31,-1.881661500025075,4437,6,313616.2706735975,125450.12067359753,15879
2019-12-06,600019,11.81,11.86,11.86,11.81,384615,207218288.0,0.42,0.08,0.01,0.17,158.03736439999193,4438,6,313774.3080379975,50185.80803799753,22225
2019-12-09,600019,11.89,12.13,12.15,11.87,1673758,930968176.0,2.36,2.28,0.27,0.76,6000.39883650007,4439,7,319774.7068744976,15069.10687449752,25120
2019-12-10,600019,12.19,12.11,12.19,12.09,733544,413239344.0,0.82,-0.16,-0.02,0.33,-504.2252192000742,4440,16,319270.4816552975,197589.2016552975,10048
2019-12-11,600019,12.14,12.17,12.24,12.13,843887,478327152.0,0.91,0.5,0.06,0.38,601.9017754000379,4441,18,319872.38343069755,295410.68343069754,2010
2019-12-12,600019,12.17,12.04,12.18,12.02,867767,484706992.0,1.31,-1.07,-0.13,0.39,-261.3484008000232,4442,12,319611.0350298975,300250.7150298975,1608
2019-12-13,600019,12.09,12.2,12.2,12.04,1427982,800484928.0,1.33,1.33,0.16,0.65,254.5778219999629,4443,9,319865.6128518975,30030.212851897522,23757
2019-12-16,600019,12.18,12.25,12.25,12.17,1077506,613783744.0,0.66,0.41,0.05,0.49,1187.850000000035,4444,0,321053.4628518975,30030.212851897522,23757
2019-12-17,600019,12.23,12.34,12.41,12.19,1338584,772970016.0,1.8,0.73,0.09,0.61,2137.543726600008,4445,12,323191.00657849753,88656.96657849752,19006
2019-12-18,600019,12.34,12.29,12.4,12.25,971983,561723440.0,1.22,-0.41,-0.05,0.44,-950.2999999999884,4446,0,322240.70657849754,88656.96657849752,19006
2019-12-19,600019,12.25,12.25,12.28,12.19,747104,426696672.0,0.73,-0.33,-0.04,0.34,-760.5945150000043,4447,4,321480.11206349754,53205.11206349752,21900
2019-12-20,600019,12.24,12.12,12.25,12.11,1103271,625085568.0,1.14,-1.06,-0.13,0.5,-2849.654279999959,4448,20,318630.4577834976,318630.4577834976,0
2019-12-23,600019,12.13,12.07,12.19,12.03,709843,399366160.0,1.32,-0.41,-0.05,0.32,0.0,4449,0,318630.4577834976,318630.4577834976,0
2019-12-24,600019,12.08,12.14,12.14,12.03,496585,277811680.0,0.91,0.58,0.07,0.22,-2.8675894000334665,4450,9,318627.59019409755,31868.650194097543,23621
2019-12-25,600019,12.12,12.07,12.12,12.04,477064,266426525.0,0.66,-0.58,-0.07,0.22,-1653.5018647999968,4451,1,316974.08832929755,28682.138329297544,23885
2019-12-26,600019,12.08,12.13,12.14,12.06,543532,304599872.0,0.66,0.5,0.06,0.25,1433.071373200044,4452,1,318407.1597024976,25819.429702497546,24121
2019-12-27,600019,12.13,12.19,12.25,12.11,1082321,612164208.0,1.15,0.49,0.06,0.49,1446.6719543999643,4453,12,319853.83165689756,84623.40165689755,19297
2019-12-30,600019,12.18,12.28,12.29,12.14,1233966,702899440.0,1.23,0.74,0.09,0.56,1736.3069540000288,4454,5,321590.1386108976,42318.37861089755,22742
2019-12-31,600019,12.25,12.26,12.29,12.18,991990,567026928.0,0.9,-0.16,-0.02,0.45,-456.51287700003013,4455,16,321133.62573389756,209604.40573389755,9097
2020-01-02,600019,12.3,12.34,12.44,12.3,1608746,937118976.0,1.14,0.65,0.08,0.73,727.7600000000093,4456,0,321861.38573389756,209604.40573389755,9097
2020-01-03,600019,12.36,12.34,12.39,12.3,810379,470340128.0,0.73,0.0,0.0,0.37,-0.5612232000567019,4457,15,321860.8245106975,265726.16451069753,4549
2020-01-06,600019,12.3,12.28,12.34,12.24,1051389,606070576.0,0.81,-0.49,-0.06,0.48,-274.7999288000283,4458,7,321586.0245818975,79731.4245818975,19695
2020-01-07,600019,12.28,12.37,12.37,12.26,978161,567195760.0,0.9,0.73,0.09,0.44,1772.2311014000443,4459,4,323358.2556832975,47841.2456832975,22273
2020-01-08,600019,12.34,12.26,12.34,12.25,884021,509762176.0,0.73,-0.89,-0.11,0.4,-2450.030000000028,4460,0,320908.2256832975,47841.2456832975,22273
2020-01-09,600019,12.31,12.34,12.34,12.28,593862,343238528.0,0.49,0.65,0.08,0.27,1781.8400000000256,4461,0,322690.0656832975,47841.2456832975,22273
2020-01-10,600019,12.35,12.26,12.35,12.23,686215,394862528.0,0.97,-0.65,-0.08,0.31,-1781.8400000000256,4462,0,320908.2256832975,47841.2456832975,22273
2020-01-13,600019,12.28,12.25,12.28,12.18,661753,376901456.0,0.82,-0.08,-0.01,0.3,-225.45844249997754,4463,20,320682.7672407975,320682.7672407975,0
2020-01-14,600019,12.25,12.24,12.31,12.23,722093,414929584.0,0.65,-0.08,-0.01,0.33,-500.0,4464,14,320682.7672407975,320682.7672407975,0
2020-01-15,600019,12.25,12.19,12.28,12.15,672453,381807936.0,1.06,-0.41,-0.05,0.3,-500.0,4465,16,320682.7672407975,320682.7672407975,0
2020-01-16,600019,12.19,12.14,12.2,12.12,571812,322695168.0,0.66,-0.41,-0.05,0.26,-500.0,4466,15,320682.7672407975,320682.7672407975,0
2020-01-17,600019,12.14,12.24,12.24,12.13,709132,402528800.0,0.91,0.82,0.1,0.32,0.0,4467,0,320682.7672407975,320682.7672407975,0
2020-01-20,600019,12.25,12.26,12.28,12.19,655365,374712640.0,0.74,0.16,0.02,0.3,-0.6413205999997444,4468,2,320682.1259201975,256550.06592019752,5231
2020-01-21,600019,12.24,12.09,12.24,12.07,752290,423654016.0,1.39,-1.39,-0.17,0.34,-889.6493841999909,4469,16,319792.4765359975,294488.10653599753,2093
2020-01-22,600019,12.06,12.09,12.11,12.01,497234,276879920.0,0.83,0.0,0.0,0.22,-1.1778078000061214,4470,4,319791.2987281975,176706.14872819753,11835
2020-01-23,600019,12.03,11.89,12.03,11.85,729196,399292000.0,1.49,-1.65,-0.2,0.33,-2367.7035312999506,4471,15,317423.5951968976,247058.57519689755,5918
2020-02-03,600019,11.23,11.23,11.37,11.23,1695197,833521616.0,1.18,-5.55,-0.66,0.77,-3906.0793324999977,4472,13,313517.5158643976,266991.62586439756,4143
2020-02-04,600019,11.2,11.59,11.61,11.15,1981456,989952992.0,4.1,3.21,0.36,0.89,1491.3840347999358,4473,12,315008.8998991975,276588.04989919753,3315
2020-02-05,600019,11.53,11.56,11.67,11.48,1062525,549767008.0,1.64,-0.26,-0.03,0.48,-99.5649063999881,4474,13,314909.3349927975,288078.5749927975,2321
2020-02-06,600019,11.61,11.61,11.63,11.52,663230,343806528.0,0.95,0.43,0.05,0.3,113.1693267999799,4475,10,315022.5043195975,8.374319597496651,27133
2020-02-07,600019,11.59,11.63,11.64,11.5,529134,273196720.0,1.21,0.17,0.02,0.24,541.7134343000362,4476,13,315564.21775389754,94663.9977538975,18994
2020-02-10,600019,11.58,11.72,11.75,11.57,595454,313679520.0,1.55,0.77,0.09,0.27,1709.2707219999866,4477,2,317273.4884758975,75736.00847589751,20609
2020-02-11,600019,11.73,11.76,11.95,11.73,737375,396618528.0,1.88,0.34,0.04,0.33,822.9058760000044,4478,16,318096.3943518975,221146.95435189753,8244
2020-02-12,600019,11.74,11.75,11.78,11.69,403392,213918698.0,0.77,-0.09,-0.01,0.18,-82.44000000000233,4479,0,318013.9543518975,221146.95435189753,8244
2020-02-13,600019,11.75,11.69,11.81,11.67,481078,255321763.0,1.19,-0.51,-0.06,0.22,-494.86105790000875,4480,1,317519.0932939975,199040.94329399752,10135
2020-02-14,600019,11.69,11.72,11.73,11.65,352028,185778824.0,0.68,0.26,0.03,0.16,302.0597095999983,4481,10,317821.1530035975,9.913003597495845,27117
2020-02-17,600019,11.72,11.87,11.89,11.7,603876,323964320.0,1.62,1.28,0.15,0.27,3967.54999999993,4482,1,321888.70300359745,9.913003597495845,27117
2020-02-18,600019,11.85,11.83,11.92,11.81,514066,277770912.0,0.93,-0.34,-0.04,0.23,-1184.6799999999348,4483,9,320804.0230035975,9.913003597495845,27117
2020-02-19,600019,11.81,11.8,11.86,11.78,477061,255857317.0,0.68,-0.25,-0.03,0.22,-815.1098439999623,4484,15,319988.91315959755,159992.71315959754,13559
2020-02-20,600019,11.81,11.85,11.86,11.75,609261,326753872.0,0.93,0.42,0.05,0.27,677.4680604999885,4485,13,320666.38122009754,208186.18122009753,9492
2020-02-21,600019,11.84,11.84,11.87,11.8,501376,269964752.0,0.59,-0.08,-0.01,0.23,-96.79356160003226,4486,9,320569.5876584975,20828.147658497503,25316
2020-02-24,600019,11.8,11.78,11.81,11.75,763381,407573728.0,0.51,-0.51,-0.06,0.34,-1519.1057186000398,4487,7,319050.48193989747,6256.141939897503,26553
2020-02-25,600019,11.65,11.64,11.72,11.61,781984,409353632.0,0.93,-1.19,-0.14,0.35,-3718.96532639995,4488,15,315331.5166134975,160787.23661349752,13277
2020-02-26,600019,11.59,11.75,11.8,11.57,902166,478098080.0,1.98,0.95,0.11,0.41,1460.314077500021,4489,11,316791.83069099754,176379.3306909975,11950
2020-02-27,600019,11.73,11.72,11.8,11.7,506201,269255648.0,0.85,-0.26,-0.03,0.23,-358.5,4490,0,316433.33069099754,176379.3306909975,11950
2020-02-28,600019,11.56,11.61,11.68,11.56,697262,362295488.0,1.02,-0.94,-0.11,0.31,-1315.3817795000505,4491,5,315117.9489114975,88200.4989114975,19545
2020-03-02,600019,11.58,11.87,11.92,11.58,1215310,653602528.0,2.93,2.24,0.26,0.55,5080.906253100024,4492,9,320198.8551645975,8825.015164597513,26232
2020-03-03,600019,11.95,11.85,12.0,11.83,969262,526922976.0,1.43,-0.17,-0.02,0.44,-524.640000000014,4493,0,319674.2151645975,8825.015164597513,26232
2020-03-04,600019,11.85,11.87,11.91,11.81,635820,344048032.0,0.84,0.17,0.02,0.29,524.6224324000068,4494,2,320198.8375969975,7068.237596997513,26380
2020-03-05,600019,11.91,11.97,12.0,11.86,997245,546678080.0,1.18,0.84,0.1,0.45,2636.1053884000285,4495,16,322834.94298539753,196527.50298539753,10552
2020-03-06,600019,11.91,11.84,11.92,11.83,709312,383649136.0,0.75,-1.09,-0.13,0.32,-1373.528659200063,4496,9,321461.41432619747,19659.81432619752,25490
2020-03-09,600019,11.74,11.7,11.75,11.63,841350,442888288.0,1.01,-1.18,-0.14,0.38,-3571.5823299998883,4497,20,317889.8319961976,317889.8319961976,0
2020-03-10,600019,11.63,11.73,11.81,11.63,627419,331842672.0,1.54,0.26,0.03,0.28,-500.0,4498,12,317889.8319961976,317889.8319961976,0
2020-03-11,600019,11.72,11.67,11.73,11.65,561594,295812672.0,0.68,-0.51,-0.06,0.25,0.0,4499,0,317889.8319961976,317889.8319961976,0
2020-03-12,600019,11.62,11.58,11.64,11.56,563218,292159632.0,0.69,-0.77,-0.09,0.25,-500.0,4500,13,317889.8319961976,317889.8319961976,0
2020-03-13,600019,11.4,11.5,11.54,11.36,706809,357689552.0,1.55,-0.69,-0.08,0.32,-0.6357200000202283,4501,2,317889.19627619756,254317.19627619756,5528
2020-03-16,600019,11.52,11.31,11.54,11.31,816806,411698432.0,2.0,-1.65,-0.19,0.37,-1051.5914701999864,4502,5,316837.6048059976,127168.90480599755,16770
2020-03-17,600019,11.3,11.24,11.39,11.19,892112,437626752.0,1.77,-0.62,-0.07,0.4,-1174.653979200055,4503,14,315662.9508267975,202566.07082679754,10062
2020-03-18,600019,11.26,11.2,11.31,11.19,541202,266338871.0,1.07,-0.36,-0.04,0.24,-402.8851039999863,4504,2,315260.06572279753,162055.26572279754,13679
2020-03-19,600019,11.2,11.02,11.23,10.98,855147,407521168.0,2.23,-1.61,-0.18,0.39,-2462.706092200009,4505,3,312797.3596305975,113445.55963059753,18090
2020-03-20,600019,11.07,11.09,11.12,11.01,447342,212749000.0,1.0,0.64,0.07,0.2,1266.0732094999985,4506,2,314063.4328400975,90766.28284009753,20135
2020-03-23,600019,10.97,10.87,11.0,10.85,789252,365676672.0,1.35,-1.98,-0.22,0.36,-4429.881529000006,4507,2,309633.5513110975,72613.20131109752,21805
2020-03-24,600019,10.95,10.98,11.01,10.91,515127,240317685.0,0.92,1.01,0.11,0.23,2398.5500000000466,4508,0,312032.10131109756,72613.20131109752,21805
2020-03-25,600019,11.12,11.11,11.13,11.03,478077,228111999.0,0.91,1.18,0.13,0.22,2834.649999999965,4509,0,314866.7513110975,72613.20131109752,21805
2020-03-26,600019,11.08,11.02,11.09,11.02,325287,154513696.0,0.63,-0.81,-0.09,0.15,-1963.1034859999781,4510,9,312903.64782509755,7263.947825097523,27735
2020-03-27,600019,11.08,11.08,11.14,11.04,332167,158866376.0,0.91,0.54,0.06,0.15,1663.178144000005,4511,13,314566.82596909755,99448.62596909753,19415
2020-03-30,600019,11.02,11.06,11.12,11.01,355412,168851243.0,0.99,-0.18,-0.02,0.16,-389.29440460004844,4512,10,314177.5315644975,7.1715644975192845,28406
2020-03-31,600019,11.11,11.2,11.25,11.07,650799,315194688.0,1.63,1.27,0.14,0.29,3876.8399999999674,4513,1,318154.3715644975,7.1715644975192845,28406
2020-04-01,600019,11.2,11.12,11.23,11.09,364551,176265368.0,1.25,-0.71,-0.08,0.16,-2372.4799999999814,4514,1,315881.8915644975,7.1715644975192845,28406
2020-04-02,600019,11.11,11.13,11.14,11.03,360721,172263268.0,0.99,0.09,0.01,0.16,283.427704700036,4515,12,316165.3192691975,63236.06926919753,22725
2020-04-03,600019,11.13,11.11,11.13,11.08,196784,94209560.0,0.45,-0.18,-0.02,0.09,-456.0148485000245,4516,16,315709.3044206975,214719.40442069754,9090
2020-04-07,600019,11.18,11.2,11.23,11.14,410329,199581739.0,0.81,0.81,0.09,0.19,817.8852960000513,4517,1,316527.18971669755,193248.78971669753,11007
2020-04-08,600019,11.2,11.28,11.29,11.18,390109,191507157.0,0.98,0.71,0.08,0.18,880.4359199999599,4518,11,317407.6256366975,205656.66563669752,9907
2020-04-09,600019,11.29,11.26,11.31,11.24,218422,107644761.0,0.62,-0.18,-0.02,0.1,-198.14000000001397,4519,0,317209.4856366975,205656.66563669752,9907
2020-04-10,600019,11.28,11.18,11.29,11.15,232807,113339326.0,1.24,-0.71,-0.08,0.11,-792.5599999999977,4520,0,316416.9256366975,205656.66563669752,9907
2020-04-13,600019,11.17,11.17,11.18,11.14,164663,79672588.0,0.36,-0.09,-0.01,0.07,-100.9207573000458,4521,9,316316.00487939746,20579.084879397502,26476
2020-04-14,600019,11.2,11.25,11.25,11.18,313054,153220769.0,0.63,0.72,0.08,0.14,2117.9977625000174,4522,4,318434.0026418975,12355.252641897501,27207
2020-04-15,600019,11.28,11.24,11.29,11.22,219330,107651315.0,0.62,-0.09,-0.01,0.1,-272.6815683999448,4523,12,318161.32107349753,73511.4810734975,21766
2020-04-16,600019,11.2,11.24,11.24,11.18,205972,100498146.0,0.53,0.0,0.0,0.09,-0.9785544000333175,4524,14,318160.3425190975,171365.94251909753,13060
2020-04-17,600019,11.28,11.28,11.29,11.2,360851,177166658.0,0.8,0.36,0.04,0.16,522.2286567999981,4525,1,318682.5711758975,154231.45117589753,14579
2020-04-20,600019,11.26,11.23,11.28,11.22,280368,137440432.0,0.53,-0.44,-0.05,0.13,-730.5872216999414,4526,20,317951.98395419755,317951.98395419755,0
2020-04-21,600019,11.19,11.17,11.2,11.13,266095,128427156.0,0.62,-0.53,-0.06,0.12,-2.2255108000244945,4527,7,317949.7584433975,95398.67844339754,19924
2020-04-22,600019,11.14,11.15,11.17,11.11,306518,147593234.0,0.54,-0.18,-0.02,0.14,-399.33843850000994,4528,9,317550.4200048975,9553.970004897536,27623
2020-04-23,600019,11.18,11.15,11.2,11.13,272726,132084459.0,0.63,0.0,0.0,0.12,0.0,4529,0,317550.4200048975,9553.970004897536,27623
2020-04-24,600019,11.18,11.14,11.18,11.12,220995,106528234.0,0.54,-0.09,-0.01,0.1,-276.2299999999814,4530,0,317274.19000489754,9553.970004897536,27623
2020-04-27,600019,11.17,11.15,11.19,11.14,210156,101737752.0,0.45,0.09,0.01,0.09,273.15003550006077,4531,20,317547.3400403976,317547.3400403976,0
2020-04-28,600019,11.17,11.06,11.17,10.98,339803,161411634.0,1.7,-0.81,-0.09,0.15,-500.0,4532,12,317547.3400403976,317547.3400403976,0
2020-04-29,600019,11.03,11.08,11.11,11.01,222340,105776537.0,0.9,0.18,0.02,0.1,-0.3174419999704696,4533,1,317547.0225983976,285802.8225983976,2865
2020-04-30,600019,11.11,11.2,11.22,11.09,277992,134735691.0,1.17,1.08,0.12,0.13,343.73582400003215,4534,12,317890.75842239766,292220.35842239764,2292
2020-05-06,600019,11.18,11.24,11.26,11.15,399021,195633481.0,0.98,0.36,0.04,0.18,90.51126479997765,4535,4,317981.26968719764,175345.66968719763,12690
2020-05-07,600019,11.26,11.15,11.28,11.14,413478,200530136.0,1.25,-0.8,-0.09,0.19,-1142.2752779999864,4536,1,316838.99440919765,157817.69440919763,14262
2020-05-08,600019,11.18,11.22,11.23,11.17,296024,144104450.0,0.54,0.63,0.07,0.13,997.3931441999739,4537,6,317836.3875533976,63131.16755339762,22701
2020-05-11,600019,11.25,11.26,11.31,11.24,508101,250355761.0,0.62,0.36,0.04,0.23,907.5287959999987,4538,12,318743.9163493976,114251.05634939764,18161
2020-05-12,600019,11.26,11.23,11.28,11.18,406168,198198271.0,0.89,-0.27,-0.03,0.18,-545.237873599981,4539,12,318198.67847579764,155038.00847579763,14529
2020-05-13,600019,11.2,11.26,11.26,11.15,317763,155228676.0,0.98,0.27,0.03,0.14,434.88846579997335,4540,16,318633.5669415976,253190.44694159762,5812
2020-05-14,600019,11.24,11.15,11.25,11.14,303414,147072143.0,0.98,-0.98,-0.11,0.14,-640.5858594999881,4541,5,317992.9810820976,126603.23108209761,17165
2020-05-15,600019,11.18,11.09,11.2,11.09,292184,140601128.0,0.99,-0.54,-0.06,0.13,-1031.42287879996,4542,18,316961.55820329767,278889.58820329764,3433
2020-05-18,600019,11.12,11.09,11.15,11.07,234100,112317628.0,0.72,0.0,0.0,0.11,-1.9520618000533432,4543,7,316959.6061414976,83681.45614149762,21035
2020-05-19,600019,11.15,11.15,11.18,11.13,264783,127939734.0,0.45,0.54,0.06,0.12,1260.2236779999803,4544,18,318219.8298194976,271311.7798194976,4207
2020-05-20,600019,11.15,11.12,11.18,11.11,276945,133432009.0,0.63,-0.27,-0.03,0.12,-126.30351920000976,4545,12,318093.5263002976,280663.6063002976,3366
2020-05-21,600019,11.14,11.08,11.17,11.08,353657,169698069.0,0.81,-0.36,-0.04,0.16,-134.64000000001397,4546,0,317958.88630029757,280663.6063002976,3366
2020-05-22,600019,11.09,11.02,11.11,11.02,334362,158476213.0,0.81,-0.54,-0.06,0.15,-201.95999999996275,4547,0,317756.9263002976,280663.6063002976,3366
2020-05-25,600019,11.03,11.06,11.08,11.02,212549,100842929.0,0.54,0.36,0.04,0.1,134.34226479998324,4548,18,317891.2685650976,310436.8285650976,674
2020-05-26,600019,11.08,11.09,11.12,11.06,294002,140372492.0,0.54,0.27,0.03,0.13,20.205139399971813,4549,12,317911.47370449756,311922.8737044976,540
2020-05-27,600019,11.09,11.19,11.2,11.07,420094,203237941.0,1.17,0.9,0.1,0.19,53.68813470000168,4550,1,317965.16183919756,280736.03183919756,3327
2020-05-28,600019,11.22,11.23,11.24,11.19,397648,194170199.0,0.45,0.36,0.04,0.18,131.67636230000062,4551,5,318096.83820149757,140370.85820149753,15826
2020-05-29,600019,11.24,11.23,11.24,11.15,549266,266915040.0,0.8,0.0,0.0,0.25,-0.8886299000587314,4552,15,318095.9495715975,229232.95957159752,7913
2020-06-01,600019,11.24,11.26,11.26,11.18,662429,324089008.0,0.71,0.27,0.03,0.3,236.01470359996893,4553,6,318331.9642751975,91701.94427519751,20127
2020-06-02,600019,11.25,11.24,11.26,11.2,556489,272188672.0,0.53,-0.18,-0.02,0.25,-402.992409999948,4554,12,317928.9718651975,136942.49186519752,16102
2020-06-03,600019,11.25,11.24,11.29,11.22,758446,350273088.0,0.62,0.0,0.0,0.34,-1.2323535999748856,4555,9,317927.73951159755,13705.899511597512,27066
2020-06-04,600019,11.23,11.22,11.25,11.2,351838,162100050.0,0.44,-0.18,-0.02,0.16,-541.9273386000423,4556,12,317385.8121729975,74439.1521729975,21653
2020-06-05,600019,11.22,11.17,11.23,11.15,433662,198059319.0,0.71,-0.45,-0.05,0.2,-1083.1336609999998,4557,12,316302.6785119975,122804.7685119975,17323
2020-06-08,600019,11.18,11.17,11.22,11.15,568363,259765373.0,0.63,0.0,0.0,0.26,-0.24551660002907738,4558,2,316302.4329953975,98252.8629953975,19521
2020-06-09,600019,11.17,11.19,11.19,11.17,424738,194060348.0,0.18,0.18,0.02,0.19,390.3217518000165,4559,1,316692.7547471975,88427.9447471975,20399
2020-06-10,600019,11.19,11.18,11.23,11.17,646062,295630752.0,0.54,-0.09,-0.01,0.29,-204.07832199998666,4560,1,316488.6764251975,79595.65642519749,21189
2020-06-11,600019,11.19,11.11,11.19,11.11,701364,318585504.0,0.72,-0.63,-0.07,0.32,-1483.3890951999929,4561,2,315005.2873299975,63685.97732999749,22621
2020-06-12,600019,11.06,11.18,11.18,11.03,690324,311896880.0,1.35,0.63,0.07,0.31,1583.469999999972,4562,0,316588.7573299975,63685.97732999749,22621
2020-06-15,600019,11.14,11.09,11.2,11.09,608089,275894432.0,0.98,-0.81,-0.09,0.27,-2038.1477022000472,4563,19,314550.60962779744,289453.93962779746,2263
2020-06-16,600019,11.13,11.24,11.24,11.11,886538,405475760.0,1.17,1.35,0.15,0.4,336.8451299999724,4564,9,314887.4547577974,28964.33475779745,25438
2020-06-17,600019,11.22,11.28,11.35,11.2,900757,419836224.0,1.33,0.36,0.04,0.41,1017.491123200045,4565,1,315904.94588099746,26076.62588099745,25694
2020-06-18,600019,11.29,11.45,11.54,11.24,1477362,706430112.0,2.66,1.51,0.17,0.67,4367.979999999981,4566,0,320272.92588099744,26076.62588099745,25694
2020-06-19,600019,11.43,11.4,11.43,11.34,845915,401021936.0,0.79,-0.44,-0.05,0.38,-1284.882399999944,4567,7,318988.0434809975,7836.443480997448,27294
2020-06-22,600019,11.41,11.35,11.43,11.34,495918,234554656.0,0.79,-0.44,-0.05,0.22,-1364.7000000000698,4568,0,317623.3434809974,7836.443480997448,27294
2020-06-23,600019,11.33,11.23,11.33,11.23,586841,271866880.0,0.88,-1.06,-0.12,0.26,-3276.505979099951,4569,14,314346.8375018975,130433.12750189746,16377
2020-06-24,600019,11.24,11.22,11.26,11.2,320473,147740141.0,0.53,-0.09,-0.01,0.14,-164.13745500001824,4570,12,314182.70004689746,167178.26004689746,13102
2020-06-29,600019,11.18,11.17,11.2,11.15,374222,170716867.0,0.45,-0.45,-0.05,0.17,-655.3926540000248,4571,12,313527.30739289743,196443.36739289746,10482
2020-06-30,600019,11.18,11.17,11.2,11.15,359186,163948616.0,0.45,0.0,0.0,0.16,-0.4682463999488391,4572,14,313526.8391464975,243267.53914649747,6290
2020-07-01,600019,11.17,11.26,11.26,11.15,449246,206401662.0,0.98,0.81,0.09,0.2,565.9583491999656,4573,12,314092.79749569745,257432.47749569747,5032
2020-07-02,600019,11.23,11.35,11.39,11.23,758591,354611120.0,1.42,0.8,0.09,0.34,452.4231625000248,4574,18,314545.2206581975,303115.77065819746,1007
2020-07-03,600019,11.39,11.47,11.52,11.37,1189821,570189008.0,1.32,1.06,0.12,0.54,118.41524199995911,4575,8,314663.63590019743,60637.54590019744,22147
2020-07-06,600019,11.56,11.89,11.9,11.53,2020000,1018978624.0,3.23,3.66,0.42,0.91,9301.213391900063,4576,12,323964.8492920975,113297.82929209745,17718
2020-07-07,600019,12.01,11.96,12.15,11.91,2250327,1185640336.0,2.02,0.59,0.07,1.02,1239.4123947999906,4577,14,325204.2616868975,198057.50168689748,10631
2020-07-08,600019,11.94,12.09,12.17,11.9,1439712,760067424.0,2.26,1.09,0.13,0.65,1381.0398289999575,4578,5,326585.30151589744,99039.41151589746,18821
2020-07-09,600019,12.09,12.23,12.26,12.02,1760622,942507232.0,1.99,1.16,0.14,0.79,2634.444929599995,4579,5,329219.74644549744,49531.87644549746,22869
2020-07-10,600019,12.15,12.01,12.15,11.95,1056595,559582912.0,1.64,-1.8,-0.22,0.48,-5031.3780448999605,4580,4,324188.3684005975,29727.18840059746,24518
2020-07-13,600019,12.0,12.06,12.11,11.96,1089901,574558624.0,1.25,0.42,0.05,0.49,1225.6326298000058,4581,9,325414.0010303975,2989.9010303974574,26735
2020-07-14,600019,12.06,12.01,12.2,11.96,1115883,591209984.0,1.99,-0.41,-0.05,0.5,-1336.7500000000582,4582,0,324077.2510303974,2989.9010303974574,26735
2020-07-15,600019,12.04,11.85,12.07,11.79,849602,439289264.0,2.33,-1.33,-0.16,0.38,-4277.599999999977,4583,0,319799.65103039745,2989.9010303974574,26735
2020-07-16,600019,11.86,11.65,11.92,11.64,749218,379756000.0,2.36,-1.69,-0.2,0.34,-5347.0029125,4584,1,314452.64811789745,2698.6481178974573,26760
2020-07-17,600019,11.67,11.57,11.7,11.5,837185,410913680.0,1.72,-0.69,-0.08,0.38,-2141.419226399972,4585,12,312311.2288914975,64620.66889149746,21408
2020-07-20,600019,11.57,11.92,11.95,11.56,1231933,627420608.0,3.37,3.03,0.35,0.56,7491.77929039998,4586,14,319803.00818189746,166690.60818189746,12845
2020-07-21,600019,11.92,11.86,11.96,11.8,630626,323729184.0,1.34,-0.5,-0.06,0.28,-770.8666329999687,4587,1,319032.1415488975,150027.14154889746,14250
2020-07-22,600019,11.9,11.84,11.91,11.8,748670,383723328.0,0.93,-0.17,-0.02,0.34,-286.012320000038,4588,16,318746.12922889745,251258.12922889745,5700
2020-07-23,600019,11.78,11.76,11.81,11.68,676936,341082000.0,1.1,-0.68,-0.08,0.31,-456.1340640000417,4589,12,318289.9951648974,264664.39516489743,4560
2020-07-24,600019,11.74,11.59,11.78,11.56,709558,351594112.0,1.87,-1.45,-0.17,0.32,-775.3057007999741,4590,12,317514.68946409744,275234.3694640974,3648
2020-07-27,600019,11.62,11.57,11.65,11.52,458430,224739479.0,1.12,-0.17,-0.02,0.21,-73.51038489997154,4591,2,317441.17907919746,220195.32907919743,8405
2020-07-28,600019,11.59,11.59,11.74,11.57,517251,255691692.0,1.47,0.17,0.02,0.23,168.09999999997672,4592,0,317609.27907919744,220195.32907919743,8405
2020-07-29,600019,11.59,11.67,11.69,11.53,528376,261213114.0,1.38,0.69,0.08,0.24,672.4000000000233,4593,0,318281.67907919746,220195.32907919743,8405
2020-07-30,600019,11.67,11.61,11.72,11.58,479376,237572941.0,1.2,-0.51,-0.06,0.22,-504.3975240000291,4594,11,317777.28155519743,229947.63155519744,7565
2020-07-31,600019,11.62,11.61,11.69,11.56,685194,337321872.0,1.12,0.0,0.0,0.31,0.0,4595,0,317777.28155519743,229947.63155519744,7565
2020-08-03,600019,11.64,11.67,11.67,11.61,611938,302942352.0,0.52,0.52,0.06,0.28,453.7234329000348,4596,12,318231.00498809747,247604.16498809744,6052
2020-08-04,600019,11.7,11.69,11.73,11.62,851766,423713632.0,0.94,0.17,0.02,0.38,121.03999999997905,4597,0,318352.04498809745,247604.16498809744,6052
2020-08-05,600019,11.69,11.61,11.69,11.59,806526,397497280.0,0.86,-0.68,-0.08,0.36,-484.72204009996494,4598,18,317867.3229479975,303807.61294799746,1211
2020-08-06,600019,11.63,11.62,11.64,11.56,608326,298797968.0,0.69,0.09,0.01,0.27,12.10999999998603,4599,0,317879.43294799747,303807.61294799746,1211
2020-08-07,600019,11.62,11.54,11.62,11.52,583297,284836064.0,0.86,-0.69,-0.08,0.26,-99.61417220003204,4600,9,317779.81877579744,30387.658775797463,24904
2020-08-10,600019,11.56,11.59,11.62,11.52,592131,290240720.0,0.87,0.43,0.05,0.27,1243.4682222000556,4601,16,319023.2869979975,203563.70699799748,9962
2020-08-11,600019,11.62,11.57,11.68,11.54,614220,303029424.0,1.21,-0.17,-0.02,0.28,-199.58571160002612,4602,13,318823.70128639747,238134.52128639747,6974
2020-08-12,600019,11.57,11.59,11.64,11.53,742836,364219856.0,0.95,0.17,0.02,0.34,139.2375372000388,4603,13,318962.9388235975,262380.5588235975,4882
2020-08-13,600019,11.62,11.64,11.65,11.59,644027,318264944.0,0.52,0.43,0.05,0.29,243.9863936000038,4604,12,319206.9252171975,273741.0852171975,3906
2020-08-14,600019,11.63,11.64,11.65,11.58,448744,221223228.0,0.6,0.0,0.0,0.2,-0.04539600003045052,4605,11,319206.8798211975,278280.6398211975,3516
2020-08-17,600019,11.64,11.78,11.79,11.63,1006699,505024464.0,1.37,1.2,0.14,0.45,492.1571866000304,4606,12,319699.0370077975,286561.8970077975,2813
2020-08-18,600019,11.76,11.75,11.84,11.73,696788,352408240.0,0.93,-0.25,-0.03,0.31,-84.39000000001397,4607,0,319614.6470077975,286561.8970077975,2813
2020-08-19,600019,11.75,11.74,11.8,11.7,541722,272742144.0,0.85,-0.09,-0.01,0.24,-28.416456000006292,4608,1,319586.2305517975,257916.0105517975,5253
2020-08-20,600019,11.74,11.75,11.84,11.7,915884,462705024.0,1.19,0.09,0.01,0.41,52.27208750002319,4609,1,319638.5026392975,232124.50263929748,7448
2020-08-21,600019,11.74,11.8,11.84,11.7,895516,452123728.0,1.19,0.43,0.05,0.4,371.6969559999998,4610,18,320010.1995952975,302428.1995952975,1490
2020-08-24,600019,11.83,11.73,11.84,11.73,722402,365077648.0,0.93,-0.59,-0.07,0.33,-107.02171190001536,4611,9,319903.1778833975,30254.287883397483,24693
2020-08-25,600019,11.72,11.65,11.75,11.64,609052,303857600.0,0.94,-0.68,-0.08,0.27,-1975.4400000000023,4612,0,317927.7378833975,30254.287883397483,24693
2020-08-26,600019,11.64,11.58,11.65,11.57,509974,250631598.0,0.69,-0.6,-0.07,0.23,-1728.5100000000093,4613,0,316199.2278833975,30254.287883397483,24693
2020-08-27,600019,11.59,11.58,11.61,11.54,422706,206906354.0,0.6,0.0,0.0,0.19,0.0,4614,0,316199.2278833975,30254.287883397483,24693
2020-08-28,600019,11.57,11.68,11.69,11.57,547562,271170976.0,1.04,0.86,0.1,0.25,2469.239497600007,4615,2,318668.4673809975,24203.98738099748,25211
2020-08-31,600019,11.69,11.63,11.76,11.63,639064,319045664.0,1.11,-0.43,-0.05,0.29,-1260.5741903999588,4616,1,317407.89319059753,21784.92319059748,25419
2020-09-01,600019,11.63,11.65,11.68,11.61,319177,158003779.0,0.6,0.17,0.02,0.14,508.24940349993994,4617,6,317916.1425940975,8725.14259409748,26540
2020-09-02,600019,11.73,11.68,11.74,11.64,540555,269554224.0,0.86,0.26,0.03,0.24,796.2000000000116,4618,0,318712.3425940975,8725.14259409748,26540
2020-09-03,600019,11.7,11.73,11.85,11.69,1008552,510447552.0,1.37,0.43,0.05,0.46,1325.7547432000283,4619,14,320038.0973372975,133249.5773372975,15924
2020-09-04,600019,11.69,11.72,11.74,11.65,546399,272930240.0,0.77,-0.09,-0.01,0.25,-159.6131647999864,4620,12,319878.4841724975,170565.6841724975,12740
2020-09-07,600019,11.74,11.68,11.78,11.67,600828,301702864.0,0.94,-0.34,-0.04,0.27,-509.89760640001623,4621,12,319368.5865660975,200326.0265660975,10192
2020-09-08,600019,11.7,11.76,11.79,11.69,615662,309930288.0,0.86,0.68,0.08,0.28,814.3584007999743,4622,5,320182.9449668975,100165.1049668975,18709
2020-09-09,600019,11.73,11.83,11.86,11.72,1185809,603399024.0,1.19,0.6,0.07,0.54,1309.2294361999957,4623,4,321492.1744030975,60108.324403097504,22095
2020-09-10,600019,11.83,11.74,11.84,11.72,981906,495549536.0,1.01,-0.76,-0.09,0.44,-1990.3657083999715,4624,17,319501.8086946975,241677.34869469752,6629
2020-09-11,600019,11.75,11.74,11.76,11.63,704949,351743040.0,1.11,0.0,0.0,0.32,-0.24160919996211305,4625,1,319501.56708549755,217516.1870854975,8687
2020-09-14,600019,11.72,11.73,11.75,11.68,406065,203397907.0,0.6,-0.09,-0.01,0.18,-87.48136760003399,4626,16,319414.0857178975,278652.3357178975,3475
2020-09-15,600019,11.73,11.72,11.74,11.69,257522,129080607.0,0.43,-0.09,-0.01,0.12,-35.07581599999685,4627,18,319379.0099018975,311233.6099018975,695
2020-09-16,600019,11.72,11.78,11.79,11.69,545840,275524832.0,0.85,0.51,0.06,0.25,41.65087740001036,4628,16,319420.6607792975,316145.8207792975,278
2020-09-17,600019,11.76,11.78,11.81,11.73,473805,239600221.0,0.68,0.0,0.0,0.21,-0.013075800030492246,4629,14,319420.6477034975,317453.3877034975,167
2020-09-18,600019,11.78,11.86,11.87,11.74,1015619,518226672.0,1.1,0.68,0.08,0.46,13.042626399954315,4630,1,319433.69032989745,285715.71032989747,2843
2020-09-21,600019,11.87,11.84,11.89,11.8,569942,290967888.0,0.76,-0.17,-0.02,0.26,-59.717110400029924,4631,10,319373.9732194974,1.8132194974459708,26974
2020-09-22,600019,11.8,11.74,11.81,11.72,571153,288208368.0,0.76,-0.84,-0.1,0.26,-2698.033255599963,4632,12,316675.93996389746,63326.739963897446,21580
2020-09-23,600019,11.76,11.7,11.76,11.69,404468,202766067.0,0.6,-0.34,-0.04,0.18,-863.6431960000191,4633,7,315812.29676789744,19006.696767897447,25368
2020-09-24,600019,11.68,11.61,11.69,11.58,624877,308207872.0,0.94,-0.77,-0.09,0.28,-2283.1389243000303,4634,1,313529.1578435974,17114.247843597448,25531
2020-09-25,600019,11.61,11.61,11.64,11.58,339637,167021340.0,0.52,0.0,0.0,0.15,0.0,0,0,0.0,0.0,0
2020-09-28,600019,11.62,11.64,11.64,11.59,303375,149617698.0,0.43,0.26,0.03,0.14,0.0,0,0,0.0,0.0,0
